titulo,tipo,anyo,area,imagen,archivo,autor,medida,escala,edicion,editor,sitio_web,ubicacion,informacion,slug
La Nueva Galicia,Mapa Separado,1550,Jalisco,https://iieg.jalisco.gob.mx/acervo/portal/mapas/001_1550_iieg,,Antonio Martínez de la Marcha,,,,,,"Archivo General de Indias, Mapas y Planos, México 560","Muestra Buena Parte de la Gobernación de la Nueva Galicia. El Dibujo Está Relacionado con la Visita al Citado Territorio del Oidor Más Antiguo de la Audiencia de la Nueva Galicia, Fundada Tres Años Antes, Don Antonio Martínez de la Marcha, si Bien Desconocemos la Identidad de Su Autor Material. Al Parecer, Todo Apunta a que No Fue el Citado Oidor, sino Uno de Sus Acompañantes que También Trazó los Planos de las Casas Reales y de la Iglesia de Zacatecas y Planteó Reformas para Mejorar el Trazado y los Accesos a la Ciudad de Guadalajara.",
Nueva Hispania Tabula Nova,Atlas Mapa,1561,"América del Norte, América Central",https://iieg.jalisco.gob.mx/acervo/portal/mapas/002_1561_iieg,,"Ptolemy Claudius, Ruscelli Girolamo, Giuseppe Moletti, M.",53 x 81 cm,,"Mapa Grabado de Nueva España. Mostrando México y Centroamérica, el Sur de Estados Unidos, Incluida Florida. California es una Península y en las Cercanías del Río Colorado Fluye el R. Tontonteanc, Mostrando la Sierra Nevada. El Relieve Se Muestra Pictóricamente.",Vincenzo Valgrisi. Ubicación del Editor Venice,https://www.davidrumsey.com/home,Colección de Mapas Históricos de David Rumsey. La Colección de Mapas Físicos Se Encuentra en el Centro de Mapas David Rumsey de la Biblioteca de la Universidad de Stanford.,"Primera Edición de la Traducción de Girolamo Ruscelli de Geographia de Claudio Ptolomeo, Publicada en Italiano. Fue Impreso por Vincenzo Valgrisi en Venecia, con el Texto Traducido del Griego por Ruscelli. Los 64 Mapas de Placa de Cobre de Doble Página Se Basaron en Parte en los de Jacopo Gastaldo en la Edición de 1548, con Texto Descriptivo en el Anverso de la Primera Hoja y el Reverso de la Última Hoja. Mapa que Muestran Asentamientos, Hitos, Ríos, Montañas, Puertos, Bosques, Ilustraciones de Vida Silvestre, Etc. Incluye Índice. El Relieve Se Muestra Pictóricamente. Encuadernado en Cartones Cubiertos de Papel Jaspeado Medio Cuero, con Título ""geografía Di Tolomeo"" en el Lomo. Claudio Ptolomeo (90-168 D.c.) Fue un Geógrafo y Matemático Romano que Vivía en Egipto, que Recopiló Sus Conocimientos y Teorías sobre la Geografía del Mundo en una Obra Fundamental.",
"Hispaniae Novae Sivae Magnae, Recens Et Vera Descriptio, 1579",Atlas Mapa,1579,"México, Jalisco, Michoacán, Colima, Nayarit, Zacatecas",https://iieg.jalisco.gob.mx/acervo/portal/mapas/003_1579_iieg,,"Ortelius, Abraham, 1527-1598",,,"El Relieve Se Muestra Pictóricamente. ""cum Imp. Et Reg. Mts. Priuilegio Dec [e] Nnali."" en Latín al Reverso, con el Título ""nova Hispania"" y la Firma ""6"". Incluye Índice, Ilustración y Texto. Aparece en Eds Latinos. Del Theatrum Orbis Terrarum de Ortelius (1579 y 1584).","Amberes: Platín, entre 1579 y 1584",https://geodata.lib.berkeley.edu/catalog/princeton-js956j33x,University Of California. Berkeley Library Geodata: Institución Princeton,,
Hispania Nova,Atlas Mapa,1597,República Mexicana,https://iieg.jalisco.gob.mx/acervo/portal/mapas/004_1597_iieg,,"Wytfliet Corneille, Magini Giovanni Antonio",23 x 29 cm,1: 9 700 000,"Mapa de Doble Página Grabado sin Color de México y Parte de Florida y Texas Actual. Incluye Orla Decorativa de Título. Muestra Ciudades, Pueblos, Monumentos, Ríos y Montañas. El Relieve Se Muestra Pictóricamente.",Francois Fabri,https://www.davidrumsey.com/home,Colección de Mapas Históricos de David Rumsey. La Colección de Mapas Físicos Se Encuentra en el Centro de Mapas David Rumsey de la Biblioteca de la Universidad de Stanford,"El Atlas de Wyfliet es el Primer Atlas Dedicado Enteramente a los Mapas de las Américas (el Nuevo Mundo), Se Publicó por Primera Vez en Latín como Descriptionis Ptolemaicae Augmentum en 1597, y Luego Se Publicó en Ediciones Latinas en 1598 y 1603. Luego Se Tradujo al Francés y Se Combinó con la Obra de la Descripción de Magini de las Indias Occidentales y Orientales y Japón, Publicada con el Título Actual en 1605 y Ediciones Posteriores Publicadas en 1607 y 1611. Esta es la 3ª Edición de “histoire Universelle Des Indes Occidentales Et Orientales ...” en Francés: De Cornille Wytfliet & Anthoine Magin y Otros Historiadores, Dividida en 2 Libros y en Tres Partes, Publicada en Douay, en Francois Fabri, en 1611. Parte 1: Histoire Universelle Des Indes Occidentales: Historia Universal de las Indias Occidentales. Parte 2: Histoire Universelle Des Indes Orientales: Historia Universal de las Indias Orientales. Parte 3: La Suite de L'histoire Des Indes Orientales, de la Conversion Des Indies: La Continuación de la Historia de las Indias Orientales, la Conversión de los Indios, Cada Parte con una Portada Decorativa Grabada. Todos los Mapas Datan de 1597, Excepto Canadá, 1607; Virginia, 1611; Y Limes Occidentale, 1607.",
Hispaniae Novae Sive Magnae Vera Descriptio,Atlas Mapa,1600,"México, Jalisco, Michoacán, Colima, Nayarit, Zacatecas",https://iieg.jalisco.gob.mx/acervo/portal/mapas/005_1600_iieg,,"Quad Matthias, 1557-1613",21 x 28 cm,1: 4 300 000,,Iohan Buxemacher. Ubicación del Editor Cologne,https://www.davidrumsey.com/home,Colección de Mapas Históricos de David Rumsey. La Colección de Mapas Físicos Se Encuentra en el Centro de Mapas David Rumsey de la Biblioteca de la Universidad de Stanford,"Matthias Quad Era un Editor de Mapas con Sede en Colonia, Alemania. Su Primer Atlas Fue Europae … Descrptio de 1592 con 38 Mapas, Ampliado a 50 Mapas en 1594. Estos Libros Eran Atlas de Bolsillo Más Pequeños Destinados a Ser Alternativas Menos Costosas a los Atlas en Folio Más Grandes de Ortelius, Mercator y de Jode, que También Proporcionaron los Mapas de Origen para los Mapas del Atlas de Quad.",
"Americae Sive Novi Orbis, Nova Descriptio",Mapa Separado,1601,"América del Norte, América del Sur, Océano Pacífico y Australia",https://iieg.jalisco.gob.mx/acervo/portal/mapas/006_1601_iieg,,"Ortelius, Abraham, 1527-1598",,,"Theatrum Orbis Terrarum. Antverpiae: Ex Officina Plantiniana, Apud I. Moretum, 1601. Texto Latino al Revés. El Mapa Muestra las Américas, el Océano Pacífico y Australia. El Relieve Se Muestra Pictóricamente. Referencia: Atlantes Neerlandici / Ir. C. Koeman. Amsterdam: Theatrum Orbis Terrarum Ltd, 1969. Vol. Iii. Ort. 22. Firma: 5.","Ex Officina Plantiniana, Apud I. Moretum, 1601. Ubicación del Editor, Antverpiae",https://catalog.princeton.edu/catalog/4735135,University Of California. Berkeley Library Geodata: Institución Princeton,,
Hispaniae Novae Nova Descrptio,Atlas Mapa,1607,"México, Jalisco, Michoacán, Colima, Nayarit, Zacatecas",https://iieg.jalisco.gob.mx/acervo/portal/mapas/007_1607_iieg,,"Mercator Gerhard, 1512-1594. Hondius Iodocus, 1563-1612.",35 x 48 cm,1: 2 000 000,"Gerard Mercator. Atlas. Se Elaboraron Tablillas de Bronce y de España, África, Asia y Latinoamérica Iluminadas por Iudoco Hondio. Se Han Agregado (además del Comerciante) Descripciones Claras y Precisas de Todos los Nuevos Trabajos y Estudios de Pt. Montañeros. La Segunda Edición de las Descripciones Más Completas y la Abolición de la Formación de Geografía. Cornelÿ Nicholas Amstelreodami, 1607.",Cornelis Claes. Ubicación del Editor Amsterdam,https://www.davidrumsey.com/home,Colección de Mapas Históricos de David Rumsey. La Colección de Mapas Físicos Se Encuentra en el Centro de Mapas David Rumsey de la Biblioteca de la Universidad de Stanford.,"Ésta es la Segunda Edición de Mercator Hondius, Después de la Primera en 1606; Las Ediciones del Atlas de Mercator Hondius Continuaron hasta 1641. Mercator Publicó Su Edición de Ptolomeo en 1578, la Primera Parte de Su Atlas en 1585, y Su Hijo Rumold Publicó el Primer Atlas Completo en 1595, un Año Después de la Muerte de Mercator. ""la Biografía Más Antigua sobre Mercator Se Publicó en 1595, como Parte del Texto del Atlas. Fue Escrita por Walter Ghim, Lord Mayor de Duisburg, el Lugar Donde Mercator Pasó la Mitad de Su Vida. Gerard (gerhard) Mercator Nació el 5 de Marzo de 1512 en Rupelmonde, Flandes, Donde Sus Padres, Ambos Residentes en el Condado de Gillich (jiilich), Pasó Su Infancia en Gillich y Fue a la Universidad de Lovaina Donde Se Registró como ""un Estudiante sin Medios"" el 29 de Agosto de 1530.",
Hispania Nova,Atlas Mapa,1607,"México, Jalisco, Michoacán, Colima, Nayarit y Guerrero",https://iieg.jalisco.gob.mx/acervo/portal/mapas/008_1607_iieg,,"Mercator Gerhard, 1512-1594. Hondius Iodocus, 1563-1612.",17 x 23 cm,1: 5 000 000,"El Mapa de México Muestra un Área que Corresponde Aproximadamente a los Estados de Michoacán, Jalisco, Nayarit y Guerrero, Más el Valle de México. Ciudad de México Ubicada a Orillas de un Lago. El Relieve Se Muestra Pictóricamente.",Ioannes Janssonius. Ubicación del Editor Amsterdam,https://www.davidrumsey.com/home,Colección de Mapas Históricos de David Rumsey. La Colección de Mapas Físicos Se Encuentra en el Centro de Mapas David Rumsey de la Biblioteca de la Universidad de Stanford.,"El Atlas Publicado por Ioannes Janssonius, en 1607 (2ª Hoja Preliminar, Está Fechada en Marzo de 1607. Paginación Irregular), con 8 + 656 P., 152 Mapas en Blanco y Negro, 1 Mapa en Color, Texto E Índice. Gerardus Mercator Puede Ser Llamado con Seguridad el Mayor Cartógrafo del Siglo Xvi, Ayudó a Establecer Ámsterdam como el Centro Principal de la Cartografía del Siglo Xvi. Gerard Mercator Fue Originalmente un Estudiante de Filosofía, Se Convirtió en un Experto en Topografía y Cartografía, Así como en un Hábil Grabador. Sus Primeros Mapas Se Publicaron en 1537 (palestina) y 1538 (un Mapa del Mundo). Su Contribución Más Famosa a la Ciencia es una Técnica de Renderizar el Globo sobre una Superficie Plana. En 1569 Publicó Su Obra Maestra, el Mapa del Mundo de Veintiún Hojas, Todavía Conocido como ""la Proyección de Mercator"".",
"Nova Hispania, Et Nova Galicia",Atlas Mapa,1623,"México, Jalisco, Michoacán, Colima, Nayarit y Guerrero",https://iieg.jalisco.gob.mx/acervo/portal/mapas/009_1623_iieg,,"Mercator Gerhard, 1512-1594",,1: 21 000 000,"El Mapa Muestra un Área que Corresponde Aproximadamente a los Estados de Michoacán, Jalisco, Nayarit y Guerrero, Más el Valle de México Ubicada a Orillas de un Lago. El Relieve Se Muestra Pictóricamente.",H. Hondius,http://www.oldmapsonline.org/map/harvard/12767630,Colección de Mapas de la Universidad de Harvard.,,
Hispaniae Novae Nova Descriptio,Atlas Mapa,1623,"México, Jalisco, Michoacán, Colima, Nayarit y Guerrero",https://iieg.jalisco.gob.mx/acervo/portal/mapas/010_1623_iieg,,"Mercator Gerhard, 1512-1594. Hondius Iodocus, 1563-1612, Hondius Hendrik, 1597-1651.",38 x 48 cm,1: 2 000 000,Quinta Edición,Hendricus Hondius. Ubicación del Editor Ámsterdam,https://www.davidrumsey.com/home,Colección de Mapas Históricos de David Rumsey. La Colección de Mapas Físicos Se Encuentra en el Centro de Mapas David Rumsey de la Biblioteca de la Universidad de Stanford.,"Esta es la Primera Edición con el Nombre de Henricus Hondius en la Portada. El Atlas Latino Está Ampliado con los Mismos Seis Mapas Nuevos de las Provincias Francesas que Aparecieron en la Edición Francesa de 1619 (1: 113): (49) Saintonge, (54) Picardie, (55) Champagne, (56) Beauvais, (60) Bourbonnais y (62) Mercy. Como en la Edición Francesa de 1619, el Mapa Mercator de Francia de 1585 (mapa 46) Se Sustituye por Uno Nuevo: Mapa de Jodocus Hondius de 1600, Algunas Copias de la Edición de 1623 Tienen un Estado Posterior de este Mapa con la Fecha Alterada a 1622. El Mapa de Bohemia de Mercator (mapa 106) es Reemplazado por el Mapa de Blaeu de la Misma Región. (van Der Krogt 1: 105). Esta Copia Tiene un Color Inusualmente Fino. Se Mantuvo durante Mucho Tiempo en una Colección en Alemania.",
Nova Hispania Et Nova Galicia,Atlas Mapa,1665,"México, Jalisco, Michoacán, Colima, Nayarit y Guerrero",https://iieg.jalisco.gob.mx/acervo/portal/mapas/011_1665_iieg,,"Blaeu Joan, 1596-1673.",39 x 51 cm,,"Se Destaca por Su Amplitud, Grabado a Color y Producción en General. Cada Volumen Tiene una Página de Título Especial Gravada y Coloreada a Mano. La Primera Edición en Latín Se Publicó en 1662",Joan Blaeu. Ubicación del Editor Amsterdam,https://www.davidrumsey.com/home,Colección de Mapas Históricos de David Rumsey. La Colección de Mapas Físicos Se Encuentra en el Centro de Mapas David Rumsey de la Biblioteca de la Universidad de Stanford.,,
America Septentrionalis,Atlas Mapa,1690,"América Septentrional, América Central, América del Sur",https://iieg.jalisco.gob.mx/acervo/portal/mapas/012_1690_iieg,,"Visscher Nicolaes, 1649-1702. Jansson Johannes, 1588-1664.",47 x 55 cm,1: 21 000 000,"Mapa con el Contorno Grabado y Coloreado a Mano, que Muestra a California como una Isla, un Gran Lago Abierto, Etc. Muestra las Fronteras Políticas, las Ciudades, los Pueblos, las Vías Fluviales, los Canales, la Vida Silvestre y las Montañas. Incluye Figuras Decorativas, y Viñeta de Barcos en el Mar. El Relieve Se Muestra Pictóricamente.",Nicolai Visscher. Ubicación del Editor Amsterdam,https://www.davidrumsey.com/home,Colección de Mapas Históricos de David Rumsey. La Colección de Mapas Físicos Se Encuentra en el Centro de Mapas David Rumsey de la Biblioteca de la Universidad de Stanford.,"Atlas del Mundo del Siglo XVII por Nicholas Visscher. Con Portada Alegórica Grabada, en Hoja 51 X 31, Impresa a Todo Color, Seguida de Media Portada Tipográfica. Consta de 127 Mapas Grabados, Coloreados a Mano en Su Contorno y Completos, con un Elegante Dibujo de Título. Visscher es Conocido por la Profundidad de Precisión de Sus Mapas y por Embellecer Aún Más la Belleza de los Mapas con Pequeños Detalles. Su Verdadera Innovación Radica en Su Interpretación del Nuevo Mundo, Donde Agregó Pequeñas Variaciones a las Costas de América del Norte, Ampliamente Desconocidas. Visscher Publica la Mayoría de Sus Mapas con Mapas Adicionales de Varios Otros Cartógrafos.",
"49: Parte de la Nuova Spagna, Ó del México Doue Sono Le Provincie Di Guadalaira, Xalisco Mecoacan, México.",Atlas Mapa,1692,"México, Jalisco, Michoacán, Colima, Nayarit y Guerrero",https://iieg.jalisco.gob.mx/acervo/portal/mapas/013_1692_iieg,,"Coronelli Vicenzo, 1650-1718.",46 x 62 cm,1: 2 100 000,"Atlas Compuesto de Mapas Principalmente de Mattaeus Seutter, pero También Incluye Mapas de Otros Autores.",Matthaeus Seutter. Ubicación del Editor Augsburgo.,https://www.davidrumsey.com/home,Colección de Mapas Históricos de David Rumsey. La Colección de Mapas Físicos Se Encuentra en el Centro de Mapas David Rumsey de la Biblioteca de la Universidad de Stanford.,"Fecha Estimada. En dos Volúmenes: Tom III y Tom Iv. Sin Portada. En Latín, Francés, Alemán, Italiano; Varía según la Hoja. A Todo Color.",
Le Vieux Mexique Ou Nouvelle Espagne Avec Les Costes de la Floride,Atlas Mapa,1705,"América Central, México",https://iieg.jalisco.gob.mx/acervo/portal/mapas/014_1704_iieg,,"Fer Nicolas De, 1646-1720",24 x 34  cm,,El Atlas Curioso o el Mundo Representado en Mapas Generales y Particulares del Cielo y la Tierra: Dividido Tanto en Sus Cuatro Partes Principales como por Estados y Provincias y Orne ... En París en el Autor ... 1705.,Chez L'auteur. Ubicación del Editor Paris,https://www.davidrumsey.com/home,Colección de Mapas Históricos de David Rumsey. La Colección de Mapas Físicos Se Encuentra en el Centro de Mapas David Rumsey de la Biblioteca de la Universidad de Stanford.,"Fecha de Publicación de 1717 Basada en la Hoja de Mapa Más Reciente del Atlas. En Francés. A Todo Color. El Relieve Se Muestra en Bocetos, Sombreados y Hachures. Este es un Volumen Único Compuesto Especial de Mapas del Atlas Curieux, Normalmente de dos Volúmenes, Publicado en 1714 como Suite de Atlas Curieux. Incluye la Mayoría de los Mapas Regionales y Nacionales de Ambos Volúmenes sin Ninguno de los Mapas, Vistas o Planos de la Ciudad. El Color es Extraordinario, Más Elaborado y Exquisito que la Mayoría de los Ejemplos que Hemos Visto.",
"T Gebiedt Van Guadalajara, Niew México en Californie",Mapa Separado,1705,"México, Jalisco, Guadalajara",https://iieg.jalisco.gob.mx/acervo/portal/mapas/015_1705_iieg,,"Sanson, Nicolas, 1600-1667",,,El Relieve Se Muestra Pictóricamente. Nombres de Lugares Principalmente en Francés. Muestra a California como una Isla.,"Editor No Identificado, [1705?], Ubicación del Editor, Amsterdam?",https://catalog.princeton.edu/catalog/7917734,University Of California. Berkeley Library Geodata: Institución Princeton,,
Carte D'une de L'aerique Septentrionale,Mapa de Libro,1782,"América del Norte, América Septentrional, Guadalajara",https://iieg.jalisco.gob.mx/acervo/portal/mapas/016_1782_iieg,,"Pages, Pierre Marie François, 1748-1793. Bernard, Robert",32 x 43  cm,1: 13 600 000,"Mapa sin Color que Muestra Parte de Luisiana, Texas, la Costa del Golfo y México. Muestra Rutas de Exploración, Asentamientos, Pueblos, Misiones y Ríos. El Relieve Se Muestra Pictóricamente. Incluye Leyenda. Pages Acompañó al Gobernador Español de Texas en un Viaje desde Nueva Orleans a Natchitoches y Luego a San Antonio a Través del Río Rojo en 1767. Humboldt Señala la Visita de Pages a Saltillo en 1767 en Su Obra Fundamental sobre la Nueva España. El Mapa Rastrea el Viaje de Pages desde Nueva Orleans a Acapulco, Primero por el Río Rojo, Luego por Tierra, Identificando Varias Misiones y Otros Asentamientos y Pueblos Indígenas en Texas y Luisiana.",Moutard. Ubicación del Editor Paris,https://www.davidrumsey.com/home,Colección de Mapas Históricos de David Rumsey. La Colección de Mapas Físicos Se Encuentra en el Centro de Mapas David Rumsey de la Biblioteca de la Universidad de Stanford.,"9 Mapas sin Color, Doblados y Encuadernados en Tapa Dura con el Título, Manuscrito para Acompañar la Extensa Narrativa de Viajes y Exploración de Pages. La Biblioteca No Tiene el Libro. Pages (1748-1793) Nació en Toulouse y Tuvo una Carrera Notable en la Marina Francesa, Incluidos Varios Años Viajando por Texas y México (su Relato Se Considera Uno de los Primeros Trabajos Más Importantes sobre Texas en Particular, y de Hecho la Traducción al Inglés de 1791 Se Cree que es la Descripción Más Antigua del Estado de la Estrella Solitaria en un Libro en Inglés).",
Plano de la Ciudad de Guadalajara como Se Hallaba en el Año de 1800,Mapa Separado,1800,Guadalajara,https://iieg.jalisco.gob.mx/acervo/portal/mapas/017_1800_iieg,,Desconocido,43 x 52 cm,Mil Varas Castellanas,"Dedicado a el Excelentísimo Sor. Doctor Don Juan Cruz Ruiz de Cabañas y Crespo, Digno Obispo de Esta Diócesis. Año de 1800",Lit. Loreto Ancira Hnos,,Archivo Histórico de Jalisco. Pl. 2.1 1800 Inv. 552,"Plano de la Ciudad de Guadalajara, Capital del Reyno de Nueva Galicia",
A New Map Of México And Adjacent Provinces,Mapa Compuesto,1810,"República Mexicana, California, Texas, Oeste de Ee. Uu.",https://iieg.jalisco.gob.mx/acervo/portal/mapas/018_1810_iieg,,"Arrowsmith Aaron. Humboldt, Alexander Von, 1769-1859",129 x 158  cm,1: 3 000 000,,A. Arrowsmith. Ubicación del Editor London,https://www.davidrumsey.com/home,Colección de Mapas Históricos de David Rumsey. La Colección de Mapas Físicos Se Encuentra en el Centro de Mapas David Rumsey de la Biblioteca de la Universidad de Stanford.,"Atlas de Alcedo de Thompson; O Diccionario de América y las Indias Occidentales; Cotejado con Todas las Autoridades Más Recientes, y Compuesto Principalmente a Partir de Documentos Originales y Escasos, para ese Trabajo, por A. Arrowsmith, Hidrógrafo de Su Alteza Real el Príncipe Regente. Londres: Impreso por George Smeeton, Great Saint Martin's Lane, Charing Cross. 1819.",
"Spanish Dominions In North America, Middle Part.",Atlas Mapa,1811,"República Mexicana, California, Nuevo México, Guadalajara, Guatemala",https://iieg.jalisco.gob.mx/acervo/portal/mapas/019_1811_iieg,,"Pinkerton John, 1758-1826",52 x 71  cm,1: 3 000 000,"Mapa Grabado. Muestra Minas, Granjas, Bancos de Arena, Etc. Muestra el Relieve con Hachures. Abarca el Centro y Sur de México, Belice, Guatemala, el Salvador y Parte de Honduras. ""el Atlas Moderno de Pinkerton"".","Cadell And Davies. Longman, Hurst, Rees, Orme, And Brown. Ubicación del Editor London",https://www.davidrumsey.com/home,Colección de Mapas Históricos de David Rumsey. La Colección de Mapas Físicos Se Encuentra en el Centro de Mapas David Rumsey de la Biblioteca de la Universidad de Stanford.,"Considerado Uno de los Mejores Atlas Ingleses de la Época, Similar al Atlas General de Thomson de 1817. Los Mapas Están Pintados a Mano a Todo Color y Encuadernados en Tablas Cubiertas de Tela Beige de Mitad de Cuero Nuevo con ""pinkerton Atlas"" Estampado en Dorado. En una Etiqueta de Lomo Negro.",
México Or New Spain,Atlas Mapa,1814,"República Mexicana, Centroamérica",https://iieg.jalisco.gob.mx/acervo/portal/mapas/020_1814_iieg,,Carey Mathew,43 x 39  cm,1: 8 900 000,,Mathew Carey. Ubicación del Editor Philadelphia,https://www.davidrumsey.com/home,Colección de Mapas Históricos de David Rumsey. La Colección de Mapas Físicos Se Encuentra en el Centro de Mapas David Rumsey de la Biblioteca de la Universidad de Stanford.,"Primer Atlas Realizado en los Estados Unidos que Empleó Colores Estándar en los Mapas; Mientras que el Atlas Americano de Carey 1795 y el Atlas General de Carey 1811 Enumeran el Color como una Opción en la Página de Título, Nunca Hemos Visto Copias de un Atlas de Carey Anterior a 1814 con el Color Original; Pueden Existir, pero Serían Raros; El Color Fue el Primero Empleado como Estándar en Esta Edición de 1814 - Todas las Copias que Hemos Visto Han Sido Coloreadas. Esta Edición es Casi Completamente Nueva, con la Mayoría de los Mapas Regrabados. La Edición de 1804 Anterior a Esta Era Esencialmente la Misma que la Primera Edición de 1795. El Prefacio Está Fechado el 17 de Marzo de 1814. Esta Edición Probablemente Debería Llamarse la Segunda Edición, Aunque Carey No la Etiqueta como Tal, Porque Carey Llama a la Edición de 1818 la Tercera Edición. Este Número es de Finales de 1814. Encuadernado en Cuero de Cuarto de Galón, Tableros Cubiertos de Papel Marrón.",
Plano Topográfico de la Laguna de Chapala,Mapa Separado,1816,"Jalisco, Chapala, Jocotepec, Jamay Poncitlán, Guadalajara, Tuxcueca, Tizapán el Alto",https://iieg.jalisco.gob.mx/acervo/portal/mapas/021_1816_iieg,,Manuel López,20 x 25 cm,"14 leguas de 5,000 varas castellanas","Al Excelentísimo Sor. D. Juan Ruiz de Apodaca, Gobernador y Capitán General de Está. E. &. &, Dedicó este Plano D. Manuel López López Pensionado que Fue de Su Real Academia de S. Carlos, Quien Dibujo",,,Archivo Histórico de Jalisco. Pl. 2.4 1816 535 Inv. 314,Pertenece al Fondo de Nueva Galicia,
Spanish Dominions In North America: Middle Part,Atlas Mapa,1818,"República Mexicana, Guadalajara, Guatemala",https://iieg.jalisco.gob.mx/acervo/portal/mapas/022_1818_iieg,,"Pinkerton, John, 1758-1826",,,"Relieve Mostrado por Hachures. A la Cabeza del Mapa: Atlas Moderno de Pinkerton. De un Atlas Moderno, de las Últimas y Mejores Autoridades. Filadelfia: Thomas Dobson, 1818","Philad [elphi] A: Publicado por Dobson, [1818]",https://catalog.princeton.edu/catalog/7944962,University Of California. Berkeley Library Geodata: Institución Princeton,,
"Carta Corográfica de los Estado de Jalisco, Zacatecas y Territorio de Colima.",Mapa Separado,1824,"México, Jalisco",https://iieg.jalisco.gob.mx/acervo/portal/mapas/023_1824_iieg,,José Ma. Narváez.,124 x 109 cm,,"Papel Marca Manuscrito. Por el Teniente de Navío D. José Ma. Narváez. Año de 1824. El Estado de Jalisco Está Dividido en 8 Cantones Cuyos Límites Están Designados por Líneas Encarnadas y con las Amarillas las del Estado de Zacatecas. Los Números de Sonda, Tanto de la Costa como del Lago de Chapala Son Trazos de 6 Pies. Tiene Inserta una Tabla “división del Estado de Jalisco y Número de Habitantes que Comprende Cada Cantón”.",No Disponible,https://mapoteca.siap.gob.mx/,"Mapoteca Manuel Orozco y Berra, Servicio de Información Agroalimentaria y Pesquera, (sagarpa). Colección Orozco y Berra","Carta Corográfica de los Estados de Jalisco, Zacatecas, y Territorio de Colima con Parte de los Estados Limítrofes, Construida por las Mejores Noticias y Manuscritos que Se Han Tenido Presente y con Precisa Sujeción a las Latitudes y Longitudes Determinadas Astronómicamente en los Principales Pueblos del Estado de Jalisco y Sus Costas.",
Plano del la Laguna de Chapala. Plano de la Ysla de Mescala.,Mapa de Casos,1824,"México, Jalisco, Laguna de Chapala",https://iieg.jalisco.gob.mx/acervo/portal/mapas/024_1824_iieg,,Desconocido,31 x 40 cm,500 varas castellanas,"Papel Marca Manuscrito. Plano de la Laguna de Chapala en la República Mejicana, Estado Libre de Xalisco, Situado el Campamento de Tlachichilco en Latitud 20° 21’ 20”. / Plano de la Ysla de Mescala, Situada al S.e. Del Campamento de Tlachichilco Á Distancia de 3 Millas y Media.",No Disponible,https://mapoteca.siap.gob.mx/,"Mapoteca Manuel Orozco y Berra, Servicio de Información Agroalimentaria y Pesquera, (sagarpa). Colección Orozco y Berra.",,
Plano del la Laguna de Chapala. Plano de la Isla de Mescala.,Mapa de Casos,1824,"México, Jalisco, Laguna de Chapala",https://iieg.jalisco.gob.mx/acervo/portal/mapas/025_1824_iieg,,Desconocido,14 x 20 cm,En Varas Castellanas,"Papel Marca Manuscrito. Plano de la Laguna de Chapala en el Departamento de Jalisco, Situado el Campamento de Tlachichilco en Lat. 20° 21’20”. / Plano de la Isla de Mescala Situada al S.e. Del Campamento de Tlachichilco Á Distancia de 3 Millas y Media.",No Disponible,https://mapoteca.siap.gob.mx/,"Mapoteca Manuel Orozco y Berra, Servicio de Información Agroalimentaria y Pesquera, (sagarpa). Colección Orozco y Berra.",,
Plano del Puerto de Navidad en el Océano Pacifico,Mapa de Casos,1825,Cihuatlán,https://iieg.jalisco.gob.mx/acervo/portal/mapas/026_1825_iieg,,José María Narváez,33 x 43 cm,,Papel Marca Manuscrito. Levantado por el Teniente de Navío D. José Ma. Narváez en la Balandra “la Mejicana” Año de 1825,,https://mapoteca.siap.gob.mx/,"Mapoteca Manuel Orozco y Berra, Servicio de Información Agroalimentaria y Pesquera, (sagarpa). Colección Orozco y Berra.","Actualmente Municipio de Cihuatlán, Jalisco",
A Map Of The United States Of México,Mapa de Bolsillo,1826,"República Mexicana, Texas",https://iieg.jalisco.gob.mx/acervo/portal/mapas/027_1826_iieg,,Tanner Henry S.,58 x 72 cm,1: 5 195 520,,H.s. Tanner. Ubicación del Editor Philadelphia,https://www.davidrumsey.com/home,Colección de Mapas Históricos de David Rumsey. La Colección de Mapas Físicos Se Encuentra en el Centro de Mapas David Rumsey de la Biblioteca de la Universidad de Stanford,"Esta es la Segunda Edición y la Fuente del Mapa White Gallaher y White de México Publicado en 1828, que Fue Reeditado por Disturnell en 1846. Vea las Ediciones de 1846 y 1847 de este Mapa de Tanner. Esta Copia, Aunque Tiene Varias Áreas de Pérdida, es Significativa por Ser la Copia Personal de Anthony Dey, Uno de los Tres Directores de Galveston Bay y Texas Land Company. No Está Firmado por Dey, pero Se Encontró con Muchos de Sus Papeles Personales, Incluidos Documentos Relacionados con la Compañía. En el Mapa, las Tierras Propiedad de la Compañía Están Delineadas en Manuscrito. La Compañía Controló una Vasta Área de Tierra en el Sureste de Texas y Fue una de las Primeras en Ofrecer Tierras a la Venta a los Colonos; Varios de Sus Materiales Promocionales Están Listados en Streeter Texas. Color de Contorno por Estado. El Mapa Está Doblado en Cubiertas de Cuero Rojo de 15 X 8.5 con el Sello ""méxico"", en Oro.",
Partie Du Mexique. Amer. Sep. 64.,Atlas Mapa,1827,Guadalajara,https://iieg.jalisco.gob.mx/acervo/portal/mapas/028_1827_iieg,,"Vandermaelen Philippe, 1795-1870",46 x 53 cm,1: 1 641 836,Mapa Coloreado a Mano. Litografiado. Relieve Mostrado por Hachures. Cubre Parte del Centro Occidental de México.,Ph. Vandermaelen. Ubicación del Editor Bruxelles,https://www.davidrumsey.com/home,Colección de Mapas Históricos de David Rumsey. La Colección de Mapas Físicos Se Encuentra en el Centro de Mapas David Rumsey de la Biblioteca de la Universidad de Stanford.,"Esté Mapa Comprenden el Volumen 5 del Atlas Universal de Vandermaelen, que Se Publica como Hojas Separadas y sin Encuadernar. Esta Obra Monumental Fue el Primer Atlas del Mundo con Todos los Mapas en la Misma Escala (y una Gran Escala en Eso - Alrededor de una Pulgada a 26 Millas) y el Primer Atlas Mundial Litografiado. Si Todos los Mapas Se Unieran, Formarían un Globo de 7,75 Metros de Diámetro (tal Globo Se Hizo en Bruselas). Los Mapas Se Publicaron Originalmente en Partes de Diez Mapas Cada Uno, Comenzando en 1825 y Terminando en 1827. Los Mapas de Vandermaelen a Menudo Se Malinterpretan Porque Cada Mapa Generalmente Se Comprende Mejor en el Contexto de Sus Mapas Vecinos: Los Mapas No Funcionan Bien por Sí Mismos, Ya que Todos Estaban Destinados a Unirse. Para Muchas de las Áreas Representadas, Estos Mapas Son los Mapas a Mayor Escala Hechos en ese Momento y los Más Detallados (particularmente en el Oeste de Estados Unidos). Los Mapas Están Pintados a Mano en Color de Contorno.",
México Nebst Den Inneren Provinzen,Atlas Mapa,1828,"República Mexicana, Estados Unidos de Norte América",https://iieg.jalisco.gob.mx/acervo/portal/mapas/029_1828_iieg,,"Weiland Carl Ferdinand, 1782 -1847 y Hassel Georg, 1770-1829",49 x 61 cm,1: 8 000 000,,Geographischen Instituts. Ubicación del Editor Weimar,https://www.davidrumsey.com/home,Colección de Mapas Históricos de David Rumsey. La Colección de Mapas Físicos Se Encuentra en el Centro de Mapas David Rumsey de la Biblioteca de la Universidad de Stanford.,"Mapas en Encuadernación Original sin Portada. Este Volumen Consideró un Conjunto Completo de los 45 Mapas Publicados, según Phillips. Coloreado a Mano como Color de Contorno. Cada Mapa Está Centrado en la Hoja y Rodeado de un Texto Explicativo. El Primer Meridiano es Washington. Relieve Mostrado por Hachures. Todos los Mapas de Esta Edición Alemana También Se Publicaron por Separado.",
"Mapa de los Departamentos de Jalisco, Zacatecas Í (sic) Aguascalientes",Mapa Separado,1840,"Jalisco, Zacatecas, Aguascalientes",https://iieg.jalisco.gob.mx/acervo/portal/mapas/030_1840_iieg,,"José Ma. Narváez, Mandado Publicar por Antonio Escovedo (sic) y la Junta Departamental.",81 x 87 cm,"20 leguas comunes de 26, 38 al grado","Litografía en Papel Común. Construido por el Capitán de Fragata de la Marina Mejicana D. José María Narváez, I (sic) Mandado Publicar por el Exmo. Sr. Gobernador Don Antonio Escobedo, I la Excelentísima Junta Departamental de Jalisco en el Año de 1840. Contiene Inserta una Tabla con las Longitudes Observadas Astronómicamente y Población, Superficies y Situación de los 8 Distritos en que Está Dividido el Departamento de Jalisco.","Establecimiento Geográfico de Bruselas, Fundado por P.h. Vandermaelen.",https://mapoteca.siap.gob.mx/,"Mapoteca Manuel Orozco y Berra, Servicio de Información Agroalimentaria y Pesquera, (sagarpa). Colección Orozco y Berra","Nota: En este Cálculo No Se Ha Comprendido la Superficie de la Laguna de Chapala, que en Su Mayor Parte Pertenece al Departamento de Jalisco, I Cuya Área Total es de Noventa Leguas Cuadradas. – los Números de Sonda Develan Trazas.",
Plano de la Parte Fortificada de Guadalajara en el Glorioso Sitio de la División Republicana Pronunciada el Memorable 20 de Mayo de 1846,Mapa Separado,1846,Guadalajara,https://iieg.jalisco.gob.mx/acervo/portal/mapas/031_1846_iieg,,Desconocido,20 x 25 cm,,"Plano de la Parte Fortificada de Guadalajara en el Glorioso Sitio de la División Republicana, Pronunciada el Memorable 20 de Mayo de 1846, y que Sostuvo con Heroico Denuedo desde el 13 de Junio hasta el 11 de Agosto del Mismo Año, Contra las Numerosas Fuerzas Enviadas a Tomar la Ciudad por el Gral. Mariano Paredes y Arrillaga.",La Gratitud Jaliscience,,Archivo Histórico de Jalisco. Pl. 7.3 1846 489 y 529 Inv. 487,,
Mapa del Departamento de Jalisco,Mapa Separado,1858,Jalisco,https://iieg.jalisco.gob.mx/acervo/portal/mapas/032_1858_iieg,,Sociedad Mexicana de Geografía y Estadística. José María Narváez,54 x 58 cm,"20 leguas comunes de 26, 58 al grado.","Litografía en Papel Marca. Copiado del que Levantó el Capitán de Fragata D. José María Narváez y Publicado por el Gobierno del Departamento en 1840. Contiene Inserta una Tabla con las Longitudes Observadas Astronómicamente y Población, Superficies y Situación de los 8 Distritos en que Está Dividido el Departamento de Jalisco.",Litográfica de Iriarte y Cía. México. Muñozguren.,https://mapoteca.siap.gob.mx/,"Mapoteca Manuel Orozco y Berra, Servicio de Información Agroalimentaria y Pesquera, (sagarpa). Colección Orozco y Berra","Nota de las Tablas: En este Cálculo No Se Ha Comprendido la Superficie de la Laguna de Chapala, que en Su Mayor Parte Pertenece al Departamento de Jalisco, y Cuya Área Total es de Noventa Leguas Cuadradas. – los Números de Sonda Develan Trazas.",
Mapa de los Estados Unidos de Méjico,Mapa de Bolsillo,1846,Estados Unidos de Méjico. Evento-guerra Mexicana con los Estados Unidos de América,https://iieg.jalisco.gob.mx/acervo/portal/mapas/033_1846_iieg,,Disturnell John,74 x 101 cm,1: 4 561 920,"La Primera Edición de Disturnell y la Segunda Edición de Martín (después de la Primera Edición de White Gallaher y White de 1828). Wheat Llama a Esta Edición un Mapa ""famoso"". Esta Edición Se Distingue por la Ausencia de una Línea de Senderos que Vaya Directamente desde San Antonio a Austin, Texas, que Aparece en la Tercera Edición de Martín. En Comparación con la Séptima Edición, Hay Menos Ciudades, Carreteras y Características Físicas Tanto en México como en los Ee. Uu. Las Portadas y las Estadísticas Son las Mismas que en la Edición de 1847. Disturnell Hizo Muchas Actualizaciones a la Edición de 1828, y Su Reedición Fue Ocasionada por el Estallido de la Guerra Mexicana. Una Diferencia Significativa entre el Mapa de Disturnell y las Ediciones Anteriores de White Gallaher y White, y Tanner, es el Movimiento de la Línea Fronteriza entre Alta y Baja California unas 70 Millas Más al Norte hacia San Diego, que Luego Se Utilizó como Límite en el Tratado para Poner Fin a la Guerra Mexicana. El Mapa Está a Todo Color, Doblado en Cubiertas de Tela Roja de 15x10 con ""méxico"". Estampado en Oro. Primer Meridiano: Washington.","J. Disturnell. Ubicación del Editor, Nueva York",https://www.davidrumsey.com/home,Colección de Mapas Históricos de David Rumsey. La Colección de Mapas Físicos Se Encuentra en el Centro de Mapas David Rumsey de la Biblioteca de la Universidad de Stanford.,,
"Map Of México, Including Yucatan & Upper California",Mapa de Bolsillo,1847,Estados Unidos de Méjico. Evento-guerra Mexicana con los Estados Unidos de América,https://iieg.jalisco.gob.mx/acervo/portal/mapas/034_1847_iieg,,Mitchell Samuel Augustus,44 x 64 cm,1: 7 223 000,,"S.a. Mitchell. Ubicación del Editor, Filadelfia",https://www.davidrumsey.com/home,Colección de Mapas Históricos de David Rumsey. La Colección de Mapas Físicos Se Encuentra en el Centro de Mapas David Rumsey de la Biblioteca de la Universidad de Stanford.,"2ª Edición, 1ª Edición de 1847, sin el Recuadro Inferior ""camino entre México y Vera Cruz"" pero con un Recuadro Superior Derecho de ""el Último Campo de Batalla"" (monterey). La 1ª Edición Fue 1846, También sin el Recuadro Inferior (streeter 3868). La Segunda Edición es Esta Copia, Casi la Misma que la de 1846 (se Agregaron Algunos Pueblos en el Norte de México), pero con Fecha de 1847 (no en Streeter Ni en Wheat). La Tercera Edición Está Fechada en 1847 y Agrega el Mapa de Inserción Inferior Mencionado Anteriormente (streeter 3869, Wheat Gold 35). Un Mapa Mucho Más Simple que el Mapa de Texas, Oregón y California de 1846, sin Crédito de Grabador. A Todo Color, con Texas Delineado en Rojo, Doblado en Cubiertas de Cuero Negro Estampado 13.5 X 8 con ""méxico"" en Dorado.",
"México, North-eastern & Central States",Atlas Mapa,1857,"República Mexicana; Estados del Norte, este y Centrales de México",https://iieg.jalisco.gob.mx/acervo/portal/mapas/035_1857_iieg,,"Johnston Alexander Keith, 1804-1871. Rogers Henry Darwin",36 x 42 cm,1: 3 453 120,Área Mostrada en Color de Contorno Impreso.,"Edward Stanford. Ubicación del Editor, Londres",https://www.davidrumsey.com/home,Colección de Mapas Históricos de David Rumsey. La Colección de Mapas Físicos Se Encuentra en el Centro de Mapas David Rumsey de la Biblioteca de la Universidad de Stanford.,"Mapa Resultado de una Colaboración Inusual entre un Escocés (johnston), un Estadounidense (rogers) y un Inglés (stanford). Los Mapas Están Todos en una Escala de 54,5 Millas a una Pulgada y Están Muy Bien Ejecutados. Se Derivan del Gran Mapa de los Estados Unidos, Gran Bretaña y América Central, de Rogers y Johnston, 1857. Estos Mapas Son Quizás los Mejores Ejemplos de la Cartografía Escocesa Altamente Detallada Aplicada a los Territorios y Estados Occidentales, en el Período Anterior a la Guerra Civil. Encuadernado en Tablas Cubiertas de Tela de Color Rojo Oscuro con Medio Cuero con ""atlas de los Estados Unidos, Gran Bretaña y América Central: Por el Prof. Rogers y A. Keith Johnston"".",
Jalisco,Atlas Mapa,1858,Jalisco,https://iieg.jalisco.gob.mx/acervo/portal/mapas/036_1858_iieg,,"García Cubas Antonio, 1832-1912",68 x 49 cm,1:1 950 000,"Mapa Litografiado. Límites Estatales Coloreado a Mano. Relieve Mostrado por Hachures. El Texto y las Tablas Rodean el Mapa. ""atlas Mexicano, por Antonio García y Cubas Carta Xii"". Primer Meridiano: México, D.f. Jalisco. El Estado Se Hallaba Dividido en Ocho Distritos y Diez y Nueve Partidos, con una Población de 804, 058 Habitantes","Imprenta de José Mariano Fernández de Lara. Ubicación del Editor, México",https://www.davidrumsey.com/home ; https://mapoteca.siap.gob.mx/,"Colección de Mapas Históricos de David Rumsey. La Colección de Mapas Físicos Se Encuentra en el Centro de Mapas David Rumsey de la Biblioteca de la Universidad de Stanford. Mapoteca Manuel Orozco y Berra, Servicio de Información Agroalimentaria y Pesquera, (sagarpa). Colección Orozco y Berra.","El Primer Gran Atlas de México, Elaborado por un Mexicano E Impreso en México. Sabin Dice que Solo Se Imprimieron 300 Copias. Los Mapas Son de Cada Provincia (estados), Cada Uno Rodeado de Texto. Phillips Enumera dos Ediciones Posteriores de 1886 con Títulos Algo Diferentes. El Único Atlas de México Enumerado por Phillips que es Anterior a este Atlas es el Atlas ... De la Nouvelle Espagne de Humboldt de 1811. Tiene dos Láminas Muy Interesantes al Final que Se Relacionan con la Escritura Azteca. García Cubas Tenía 26 Años Cuando Publicó Esto. Curiosamente, Entonces, el Reverso de la Página del Título Tiene 1846 como Fecha de Copyright (¿cuándo el Autor Tenía 14 Años?). Mapas Coloreados a Mano, con Color de Contorno y Está Encuadernado en Cartones Cubiertos de Papel Jaspeado Marrón de Cuarto de Cuero con el Título Grabado en Oro en el Lomo que Dice ""garcía y Cubas. Atlas Geográfico de la República Mexicana"".",
Carta General de la Republica Mexicana,Atlas Mapa,1858,República Mexicana,https://iieg.jalisco.gob.mx/acervo/portal/mapas/037_1858_iieg,,"García Cubas Antonio, 1832-1913",51 x 68 cm,1: 8 500 000,"Mapa Litografiado. Límites Estatales Coloreado a Mano. Relieve Mostrado por Hachures. ""atlas Mexicano, por Antonio García y Cubas Carta I."" Dedicado a José Salazar Ilarregui, Catedrático del Colegio Mexicano de Minería. Primer Meridiano: México, D.f.","Imprenta de José Mariano Fernández de Lara. Ubicación del Editor, México",https://www.davidrumsey.com/home,Colección de Mapas Históricos de David Rumsey. La Colección de Mapas Físicos Se Encuentra en el Centro de Mapas David Rumsey de la Biblioteca de la Universidad de Stanford.,"En la Parte Superior del Mapa, Contiene Marcado el -límite de la República según el Tratado de la Ciudad de Guadalupe, Firmado en 2 de Febrero de 1848-. Y el Límite entre México y los Estados Unidos, según el Tratado de la Mesilla.",
Zacatecas,Atlas Mapa,1858,Zacatecas,https://iieg.jalisco.gob.mx/acervo/portal/mapas/038_1858_iieg,,"Garcia Cubas Antonio, 1832-1914",70 x 50 cm,1: 1 250 000,"Mapa Litografiado. Límites Estatales Coloreado a Mano. Relieve Mostrado por Hachures. El Texto y las Tablas Rodean el Mapa. ""atlas Mexicano, por Antonio García y Cubas Carta Viii"". Primer Meridiano: México, D.f. Dedicado a Victoriano Zamora. Copia de la Colección David Rumsey Imperfecta: Título en el Margen Superior Recortado.","Imprenta de Jose Mariano Fernandez de Lara. Ubicación del Editor, México",https://www.davidrumsey.com/home,Colección de Mapas Históricos de David Rumsey. La Colección de Mapas Físicos Se Encuentra en el Centro de Mapas David Rumsey de la Biblioteca de la Universidad de Stanford.,"El Primer Gran Atlas de México, Elaborado por un Mexicano E Impreso en México. Sabin Dice que Solo Se Imprimieron 300 Copias. Los Mapas Son de Cada Provincia (estados), Cada Uno Rodeado de Texto. Phillips Enumera dos Ediciones Posteriores de 1886 con Títulos Algo Diferentes. El Único Atlas de México Enumerado por Phillips que es Anterior a este Atlas es el Atlas ... De la Nouvelle Espagne de Humboldt de 1811. Tiene dos Láminas Muy Interesantes al Final que Se Relacionan con la Escritura Azteca. García Cubas Tenía 26 Años Cuando Publicó Esto. Curiosamente, Entonces, el Reverso de la Página del Título Tiene 1846 como Fecha de Copyright (¿cuándo el Autor Tenía 14 Años?). Mapas Coloreados a Mano, con Color de Contorno y Está Encuadernado en Cartones Cubiertos de Papel Jaspeado Marrón de Cuarto de Cuero con el Título Grabado en Oro en el Lomo que Dice ""garcía y Cubas. Atlas Geográfico de la República Mexicana"".",
Aguascalientes,Atlas Mapa,1858,Aguascalientes,https://iieg.jalisco.gob.mx/acervo/portal/mapas/039_1858_iieg,,"Garcia Cubas Antonio, 1832-1915",50 x 68 cm,1: 1 315 000,"Mapa Litografiado. Límites Estatales Coloreado a Mano. Relieve Mostrado por Hachures. ""atlas Mexicano, por Antonio García y Cubas Carta Ix."" Primer Meridiano: México, D.f.","Imprenta de Jose Mariano Fernandez de Lara. Ubicación del Editor, México",https://www.davidrumsey.com/home,Colección de Mapas Históricos de David Rumsey. La Colección de Mapas Físicos Se Encuentra en el Centro de Mapas David Rumsey de la Biblioteca de la Universidad de Stanford.,"El Primer Gran Atlas de México, Elaborado por un Mexicano E Impreso en México. Sabin Dice que Solo Se Imprimieron 300 Copias. Los Mapas Son de Cada Provincia (estados), Cada Uno Rodeado de Texto. Phillips Enumera dos Ediciones Posteriores de 1886 con Títulos Algo Diferentes. El Único Atlas de México Enumerado por Phillips que es Anterior a este Atlas es el Atlas ... De la Nouvelle Espagne de Humboldt de 1811. Tiene dos Láminas Muy Interesantes al Final que Se Relacionan con la Escritura Azteca. García Cubas Tenía 26 Años Cuando Publicó Esto. Curiosamente, Entonces, el Reverso de la Página del Título Tiene 1846 como Fecha de Copyright (¿cuándo el Autor Tenía 14 Años?). Mapas Coloreados a Mano, con Color de Contorno y Está Encuadernado en Cartones Cubiertos de Papel Jaspeado Marrón de Cuarto de Cuero con el Título Grabado en Oro en el Lomo que Dice ""garcía y Cubas. Atlas Geográfico de la República Mexicana"".",
Guanajuato,Atlas Mapa,1858,Guanajuato,https://iieg.jalisco.gob.mx/acervo/portal/mapas/040_1858_iieg,,"Garcia Cubas Antonio, 1832-1916",51 x 69 cm,1: 1 800 000,"Mapa Litografiado. Límites Estatales Coloreados a Mano. Relieve Mostrado por Hachures. El Texto y las Tablas Rodean el Mapa. ""atlas Mexicano, por Antonio García y Cubas Carta Xiii"". Primer Meridiano: México, D.f. Dedicación, al Excelentísimo Sr. Ministro de Fomento. D. Manuel Siliceo.","Imprenta de Jose Mariano Fernandez de Lara. Ubicación del Editor, México",https://www.davidrumsey.com/home,Colección de Mapas Históricos de David Rumsey. La Colección de Mapas Físicos Se Encuentra en el Centro de Mapas David Rumsey de la Biblioteca de la Universidad de Stanford.,"El Primer Gran Atlas de México, Elaborado por un Mexicano E Impreso en México. Sabin Dice que Solo Se Imprimieron 300 Copias. Los Mapas Son de Cada Provincia (estados), Cada Uno Rodeado de Texto. Phillips Enumera dos Ediciones Posteriores de 1886 con Títulos Algo Diferentes. El Único Atlas de México Enumerado por Phillips que es Anterior a este Atlas es el Atlas ... De la Nouvelle Espagne de Humboldt de 1811. Tiene dos Láminas Muy Interesantes al Final que Se Relacionan con la Escritura Azteca. García Cubas Tenía 26 Años Cuando Publicó Esto. Curiosamente, Entonces, el Reverso de la Página del Título Tiene 1846 como Fecha de Copyright (¿cuándo el Autor Tenía 14 Años?). Mapas Coloreados a Mano, con Color de Contorno y Está Encuadernado en Cartones Cubiertos de Papel Jaspeado Marrón de Cuarto de Cuero con el Título Grabado en Oro en el Lomo que Dice ""garcía y Cubas. Atlas Geográfico de la República Mexicana"".",
Michoacán,Atlas Mapa,1858,Michoacán,https://iieg.jalisco.gob.mx/acervo/portal/mapas/041_1858_iieg,,"Garcia Cubas Antonio, 1832-1917",50 x 68 cm,1: 1 460 000,"Mapa Litografiado. Límites Estatales Coloreado a Mano. Relieve Mostrado por Hachures. El Texto y las Tablas Rodean el Mapa. ""atlas Mexicano, por Antonio García y Cubas Carta Xiv"". Primer Meridiano: México, D.f. Dedicado al Sr. D. Mariano Gálvez, en Demostración de Gratitud.","Imprenta de Jose Mariano Fernandez de Lara. Ubicación del Editor, México",https://www.davidrumsey.com/home,Colección de Mapas Históricos de David Rumsey. La Colección de Mapas Físicos Se Encuentra en el Centro de Mapas David Rumsey de la Biblioteca de la Universidad de Stanford.,"El Primer Gran Atlas de México, Elaborado por un Mexicano E Impreso en México. Sabin Dice que Solo Se Imprimieron 300 Copias. Los Mapas Son de Cada Provincia (estados), Cada Uno Rodeado de Texto. Phillips Enumera dos Ediciones Posteriores de 1886 con Títulos Algo Diferentes. El Único Atlas de México Enumerado por Phillips que es Anterior a este Atlas es el Atlas ... De la Nouvelle Espagne de Humboldt de 1811. Tiene dos Láminas Muy Interesantes al Final que Se Relacionan con la Escritura Azteca. García Cubas Tenía 26 Años Cuando Publicó Esto. Curiosamente, Entonces, el Reverso de la Página del Título Tiene 1846 como Fecha de Copyright (¿cuándo el Autor Tenía 14 Años?). Mapas Coloreados a Mano, con Color de Contorno y Está Encuadernado en Cartones Cubiertos de Papel Jaspeado Marrón de Cuarto de Cuero con el Título Grabado en Oro en el Lomo que Dice ""garcía y Cubas. Atlas Geográfico de la República Mexicana"".",
Colima,Atlas Mapa,1858,Colima,https://iieg.jalisco.gob.mx/acervo/portal/mapas/042_1858_iieg,,"Garcia Cubas Antonio, 1832-1918",51 x 68 cm,1: 1 470 000,"Mapa Litografiado. Límites Estatales Coloreado a Mano. Relieve Mostrado por Hachures. El Texto y las Tablas Rodean el Mapa. ""atlas Mexicano, por Antonio García y Cubas Carta Xxiii"" (es Decir, Xxvii). Primer Meridiano: México, D.f.","Imprenta de Jose Mariano Fernandez de Lara. Ubicación del Editor, México",https://www.davidrumsey.com/home,Colección de Mapas Históricos de David Rumsey. La Colección de Mapas Físicos Se Encuentra en el Centro de Mapas David Rumsey de la Biblioteca de la Universidad de Stanford.,"El Primer Gran Atlas de México, Elaborado por un Mexicano E Impreso en México. Sabin Dice que Solo Se Imprimieron 300 Copias. Los Mapas Son de Cada Provincia (estados), Cada Uno Rodeado de Texto. Phillips Enumera dos Ediciones Posteriores de 1886 con Títulos Algo Diferentes. El Único Atlas de México Enumerado por Phillips que es Anterior a este Atlas es el Atlas ... De la Nouvelle Espagne de Humboldt de 1811. Tiene dos Láminas Muy Interesantes al Final que Se Relacionan con la Escritura Azteca. García Cubas Tenía 26 Años Cuando Publicó Esto. Curiosamente, Entonces, el Reverso de la Página del Título Tiene 1846 como Fecha de Copyright (¿cuándo el Autor Tenía 14 Años?). Mapas Coloreados a Mano, con Color de Contorno y Está Encuadernado en Cartones Cubiertos de Papel Jaspeado Marrón de Cuarto de Cuero con el Título Grabado en Oro en el Lomo que Dice ""garcía y Cubas. Atlas Geográfico de la República Mexicana"".",
Carta General de la República Mexicana,Atlas Mapa,1858,República Mexicana,https://iieg.jalisco.gob.mx/acervo/portal/mapas/043_1858_iieg,,"Garcia Cubas Antonio, 1832-1919",50 x 63 cm,1: 5 000 000,"Mapa Litografiado. Límites Estatales Coloreado a Mano. Relieve Mostrado por Hachures. Dos Vistas Insertadas: Organos de Actopan, Iztaccihuatl, Cofre de Perote, Popocatepetl, Montanas de Jacal, Orizaba, Cascada de Regla - Palenque, Pirámide de Papantla, Mitla, Uxmal. Cuadros Insertados: Comparación de los Principales Ríos de la Republica - Comparación de las Principales Montañas de la Republica según Su Altura. Incluido en el Índice como ""carta General en Mejor Escala"". (atlas Mexicano, por Antonio García y Cubas Carta Xxxi). Meridiano de México, 99° 5´ 25” O, de Greenwich, y 92° 47´o, de Cádiz. 4°","Imprenta de Jose Mariano Fernandez de Lara. Ubicación del Editor, México",https://www.davidrumsey.com/home,Colección de Mapas Históricos de David Rumsey. La Colección de Mapas Físicos Se Encuentra en el Centro de Mapas David Rumsey de la Biblioteca de la Universidad de Stanford.,,
Ameca,Mapa de Casos,1858,Ameca,https://iieg.jalisco.gob.mx/acervo/portal/mapas/044_1858_iieg,,Desconocido,34 x 45 cm,,,,https://mapoteca.siap.gob.mx/,"Mapoteca Manuel Orozco y Berra, Servicio de Información Agroalimentaria y Pesquera, (sagarpa). Colección Orozco y Berra.",El Original Existe en la Colección de Manuscritos de Joaquín García Izcazbalceta.,
Provincia Ecclesiastica Di Messico,Atlas Mapa,1859,República Mexicana (tema Religión),https://iieg.jalisco.gob.mx/acervo/portal/mapas/045_1859_iieg,,Petri Girolamo,48 x 59 cm,,Mapa Grabado y Pintado a Mano que Muestra las Provincias Eclesiásticas de México. Texto en una Delicada Escritura que Rodea la Tierra. Acompañado de Texto Descriptivo en la Página Opuesta. En el Volumen Iii.,"Tipografía de la Reverenda Cámara Apostólica. Ubicación del Editor, Roma",https://www.davidrumsey.com/home,Colección de Mapas Históricos de David Rumsey. La Colección de Mapas Físicos Se Encuentra en el Centro de Mapas David Rumsey de la Biblioteca de la Universidad de Stanford.,"Atlas Eclesiástico de Tres Volúmenes de 1859, que Muestra el Alcance Geográfico de la Iglesia Católica en Todo el Mundo, en 138 Mapas con Provincias Eclesiásticas, Diócesis y Vicariatos Apostólicos. Incluye Tabla de Contenido en Cada Volumen. El Volumen I Contiene 45 Mapas; El Volumen II Contiene 53 Mapas; El Volumen III Contiene 40 Mapas, que Suman un Total de 138 Mapas. Títulos Cortos para Mapas y Texto Transcrito de Tablas de Contenido; Títulos Completos Transcritos de Mapas y Páginas de Texto. La Tabla de Contenido del Volumen III Contiene Títulos Ampliados, que Se Refieren a Secciones del Texto Descriptivo que Acompaña a los Mapas. Cuatro Mapas de España No Aparecen en Atlas, pero Hay Texto Descriptivo Presente: Tav. Xlvii, Xlviii, Xlix y L en el Volumen Ii.",
México,Atlas Mapa,1859,República Mexicana,https://iieg.jalisco.gob.mx/acervo/portal/mapas/046_1859_iieg,,"Lowry, Joseph Wilson, 1803-1879",,,"Relieve Mostrado por Hachures. ""no. Lxxvi"": Margen Superior Derecho. Probablemente Publicado En: El Atlas Imperial de Geografía Moderna ... / bajo la Supervisión de Wg Blackie. Londres: Blackie And Son, 1859.","Blackie & Son, [ca. 1859?]. Ubicación del Editor, Glasgow",https://catalog.princeton.edu/catalog/7919853,University Of California. Berkeley Library Geodata: Institución Princeton,,
Plano de los Cuarteles No. 1 y 2 de Guadalajara,Mapa Separado,1863,Guadalajara,https://iieg.jalisco.gob.mx/acervo/portal/mapas/047_1863_iieg,,Supremo Gobierno del Estado,36 x 46 cm,,Observaciones: 1ª. En Muchas Manzanas Se Encuentran dos Numeraciones. Los Números Encarnados Son los que Actualmente Tienen las Manzanas y los Negros los que Deberán Regir en Delante. 2°. La Numeración de las Casas Corre del Centro para la Orilla. Los Números Nones a la Izquierda y los Pares a la Derecha.,Dirección General de Rentas,,Archivo Histórico de Jalisco. Pl. 2.1 1863 Inv. 548,,
Plano de los Puertos de Tomatlán y Chamela,Mapa de Casos,1863,Tomatlán,https://iieg.jalisco.gob.mx/acervo/portal/mapas/048_1863_iieg,,José María Narváez,43 x 33 cm,1 milla en grafica,"Los Puertos de Tomatlán y Chamela Se en Encuentran en la Costa de Jalisco, Situado el Primero a los 19°32’22” de Latitud N y a los 99°1’ de Longitud Occidental del Meridiano de Cádiz. 107°37’25”. Long. 0 Paris, Levantado el Plano en la Balandra Cañonera “la Mexicana” de Orden del Exmo Sr. Presidente de la Republica por el Teniente de Navío D. José María Narváez.",,https://mapoteca.siap.gob.mx/,"Mapoteca Manuel Orozco y Berra, Servicio de Información Agroalimentaria y Pesquera, (sagarpa). Colección Orozco y Berra.",Los Números de Sonda Son Trazas de 6 Pies de Burgos. La Declinación de la Aguja es de N. 8°4’ al E.,
Carta General de la Republica Mexicana,Atlas Mapa,1863,República Mexicana,https://iieg.jalisco.gob.mx/acervo/portal/mapas/049_1863_iieg,,"García Cubas, Antonio, 1832-1912.",123 x 144 cm,,"En la Parte Superior del Mapa, Contiene Marcado el -límite de la República según el Tratado de la Ciudad de Guadalupe, Firmado en 2 de Febrero de 1848-. Y el Límite entre México y los Estados Unidos del Norte, según el Tratado de la Mesilla.","México : [editor No Identificado], 1863.",https://www.loc.gov/maps/?fa=partof:geography+and+map+division,"División de Geografía y Mapas de la Biblioteca del Congreso Washington, DC 20540-4650 Ee. Uu. Dcu",,
Carta Etnográfica de México,Mapa Separado,1864,República Mexicana,https://iieg.jalisco.gob.mx/acervo/portal/mapas/050_1864_iieg,,Manuel Orozco y Berra,,,"Al Sr. D. José Fernando Ruiz, en Testimonio de Gratitud y Amistad",Lit. De Salazar,https://mapoteca.siap.gob.mx/,"Mapoteca Manuel Orozco y Berra, Servicio de Información Agroalimentaria y Pesquera, (sagarpa). Colección Orozco y Berra.",,
Carta General de los Estados Unidos Mexicanos.,Mapa Separado,1866,República Mexicana,https://iieg.jalisco.gob.mx/acervo/portal/mapas/051_1866_iieg,,"Antonio García Cubas, 1832-1912",52 x 76 cm,1: 4 000 000,"Mapa Litografiado en Color, Formada por el Ingeniero, Antonio García Cubas. Muestra Ciudades, Pueblos, Haciendas, Ranchos, Minas, Fuertes, Puertos, Ferrocarriles, Etc. Incluye: Cuadro Comparativo de los Principales Caminos de Fierro de la República Mexicana.",Debray Sucesores. México.,https://www.davidrumsey.com/home,Colección de Mapas Históricos de David Rumsey. La Colección de Mapas Físicos Se Encuentra en el Centro de Mapas David Rumsey de la Biblioteca de la Universidad de Stanford.,Catálogo de Mapas de Hispanoamérica 1:93.,
Carta General de la República Mexicana,Mapa de Bolsillo,1867,República Mexicana,https://iieg.jalisco.gob.mx/acervo/portal/mapas/052_1867_iieg,,"Debray, V.",78 x 116 cm,1: 1 267 200,"Es un Mapa Magnífico al Estilo de Disturnell. Con Muchos Mapas Insertados, Perfiles, Tablas y Alturas Comparativas de Montañas. Phillips Enumera una Versión Anterior de 1865 con un Título Ligeramente Diferente. García Cubas Publicó un Mapa Aún Más Grande de México en 1863 por el Cual este Mapa Era, Muy Probablemente, una Competencia. Color de Contorno. El Mapa Está Doblado en Cubiertas de Cartón Liso Azul de 18 X 12 con el ""mapa de México"" Escrito a Mano con Tinta. El Primer Meridiano es Greenwich.","Debray, Editor. Ubicación del Editor México",https://www.davidrumsey.com/home; https://mapoteca.siap.gob.mx/,"Colección de Mapas Históricos de David Rumsey. La Colección de Mapas Físicos Se Encuentra en el Centro de Mapas David Rumsey de la Biblioteca de la Universidad de Stanford. Mapoteca Manuel Orozco y Berra, Servicio de Información Agroalimentaria y Pesquera, (sagarpa). Colección Orozco y Berra.",,
Mapa del Estado de Jalisco,Mapa Separado,1867,Jalisco,https://iieg.jalisco.gob.mx/acervo/portal/mapas/053_1867_iieg,,Desconocido / Sociedad de Geografía y Estadística,33 x 41 cm,"20 leguas comunes de 26,58 al grado",Litografía Papel. Tomado del que Publico la Sociedad de Geografía y Estadística,Litografía de Gómez,https://mapoteca.siap.gob.mx/,"Biblioteca Pública del Estado de Jalisco, Mp 4.22, No. 20. Mapoteca Manuel Orozco y Berra, Servicio de Información Agroalimentaria y Pesquera, (sagarpa). Colección Orozco y Berra.",Población y Superficie Territorial de los 9° Cantones en que Estaba Dividido el Estado de Jalisco: 1°. Guadalajara; 2°. Lagos; 3°. Atotonilco; 4°. Sayula; 5°. Ahualulco; 6°. Autlán; 7°. Tepic; 8°. Colotlán y 9°. Zapotlán.,
"Mapa de los Estados de Jalisco, Colima y Aguascalientes y la Mayor Parte del de Zacatecas",Mapa Separado,1872,Jalisco,https://iieg.jalisco.gob.mx/acervo/portal/mapas/054_1869_iieg,,Desconocido,71 x 53 cm,"de 20 leguas comunes de 26,58 al grado",Litografía Papel.,Lit. De Loreto Calle de Carmen No. 52 Guadalajara,,Archivo Histórico de Jalisco. Mp. 4.2.1 1872 12 Inv Mp 31,Población y Superficie Territorial de los 9° Cantones en que Estaba Dividido el Estado de Jalisco: 1°. Guadalajara; 2°. Lagos; 3°. Atotonilco; 4°. Sayula; 5°. Ahualulco; 6°. Autlán; 7°. Tepic; 8°. Colotlán y 9°. Zapotlán.,
Plano de la Municipalidad de la Unión,Mapa Separado,1872,Unión de San Antonio,https://iieg.jalisco.gob.mx/acervo/portal/mapas/055_1869_iieg,,Desconocido,71 x 56 cm,1: 100 000,,,,Archivo Histórico de Jalisco. Pl. 4.3 S.a. 16 Inv Pl 114 (145),,
Jalisco. Carta No. 15,Atlas Mapa,1874,Jalisco,https://iieg.jalisco.gob.mx/acervo/portal/mapas/056_1874_iieg,,Antonio García Cubas 1832-1912. Sociedad Mexicana de Geografía y Estadística,27 x 36 cm,1: 3 100 000,"Población y Cabecera de los 12 Cantones en que Estaba Dividido el Estado de Jalisco: I. Guadalajara; Ii. Lagos; Iii. La Barca; Iv. Sayula; V. Ameca; Vi. Autlán; Vii. Tepic; Viii. Colotlán; Ix. Zapotlán; X. Mascota; Xi. Teocaltiche, y Xii. Tequila","Sandoval y Vázquez. Ubicación del Editor, México",https://www.davidrumsey.com/home,Colección de Mapas Históricos de David Rumsey. La Colección de Mapas Físicos Se Encuentra en el Centro de Mapas David Rumsey de la Biblioteca de la Universidad de Stanford.,,
Meridiano Origen de México,Monumento Hipsográfico,1879,México,https://iieg.jalisco.gob.mx/acervo/portal/mapas/057_1880_iieg,,Miguel Noreña,,,"Monumento que Ubica el Meridiano Origen Establecido para los Trabajos de Cartografía y Geográfica que la Comisión Geográfica Exploradora Debía Realizar en el Territorio Nacional. En los Cuatro Costados de Su Base Hay Estrías que Señalaban el Nivel Medio de los Lagos de Xochimilco, San Cristóbal, Xaltocan y Zumpango. La Figura Femenina Representa a la Ciudad que Deposita Sus Laureles sobre una Piedra con la Imagen de la Gaudichaudia Enrico Martinezii, Hierba Bautizada en Honor a Enrico Martínez. En la Base También Se Encuentran las Medidas Oficiales del Metro, la Yarda y la Vara.",,,Se Encuentra a un Lado de la Catedral Metropolitana de la Ciudad de México,"En la Parte Alta del Monumento Se Encuentra una Estatua para Recordar a Enrico Martínez (heinrich Martins), Alemán que en 1589 Llegara a México y en 1607, Se Hiciera Cargo de la Construcción del Desagüe de la Incipiente Capital del País",
Territorio de la Parroquia de Mascota,Mapa Separado,1880,Mascota,https://iieg.jalisco.gob.mx/acervo/portal/mapas/058_1880_iieg,,J. Homobono Anaya,67 x 94 cm,leguas de 25 al grado,"Descripción en el Lado Izquierdo del Mapa: Situación y Límites; Aspecto Físico, Clima y Producciones; División Territorial y Número de Habitantes; Aspecto Moral y Religioso y un Recuadro en la Parte Superior Derecha con Itinerarios.","Lit. Loreto, Ancira y Hnos. Guadalajara",,Archivo Histórico de Jalisco. Mp. 2.3 1880 406 Inv Pl 416,"La Parroquia Está Dividida en Cuatro Porciones: Mascota que es la Cabecera; Talpa, que es Verdaderamente el Punto Más Céntrico de la Feligresía, y por Lo Mismo la Vicaría de Más Importancia; Cuale, Dista de Mascota un Día de Camino, y el Bramador Cuya Cabecera, la Concepción, Dista Día y Medio.",
Plano de la Ciudad de Guadalajara Capital del Estado de Jalisco,Mapa Separado,1880,Guadalajara,https://iieg.jalisco.gob.mx/acervo/portal/mapas/059_1880_iieg,,Desconocido,15 x 23 cm,De Mil Metros / de Mil Varas,Litografía en Papel Común,Litografía Loreto Ancira H.,https://mapoteca.siap.gob.mx/,"Mapoteca Manuel Orozco y Berra, Servicio de Información Agroalimentaria y Pesquera, (sagarpa). Colección Orozco y Berra",,
Cantón del Distrito de Tepic,Atlas Mapa,1880,Nayarit,https://iieg.jalisco.gob.mx/acervo/portal/mapas/060_1880_iieg,,"Ejercito del Centro y Occidente, Cuerpo Especial de Estado Mayor",,,Formada según Datos Adquiridos… entre Otros los Suministrados por El… Manuel Oseguera.,,https://mapoteca.siap.gob.mx/,"Mapoteca Manuel Orozco y Berra, Servicio de Información Agroalimentaria y Pesquera, (sagarpa). Colección Orozco y Berra",,
Plano del Partido de Tlaltenango,Mapa Separado,1880,"Tlaltenango, Zacatecas",https://iieg.jalisco.gob.mx/acervo/portal/mapas/061_1880_iieg,,"Ingenieros, Juan Ignacio y Juan José Matute",46 x 32 cm,1: 400 000,"Longitud, Occidental de México según Narváez 4° 30´",Lit. Alberto Rodríguez. Sta. Teresa 38.,,Archivo Histórico de Jalisco. Pl. 4.2.5 1880 Inv. 86,,
México,Mapa de Bolsillo,1881,República Mexicana. Tema: Ferrocarril,https://iieg.jalisco.gob.mx/acervo/portal/mapas/062_1881_iieg,,Rand Mcnally And Company,33 x 49 cm,1: 6 336 000,"El Mapa es del Atlas Indexado de 1881. Las Cubiertas Son de Tela Azul Oscuro de 15.5 X 9 con ""rand, Mcnally & Co's Indexed Map Of Mexico"". Estampado en Oro. Impreso a Todo Color. Los Primeros Meridianos Son Greenwich y Washington D.c. El Relieve Se Muestra con Hachures, la Profundidad Se Muestra con Isolíneas.","Rand Mcnally & Co. Ubicación del Editor, Chicago",https://www.davidrumsey.com/home,Colección de Mapas Históricos de David Rumsey. La Colección de Mapas Físicos Se Encuentra en el Centro de Mapas David Rumsey de la Biblioteca de la Universidad de Stanford.,,
"Rand, Mcnally & Co's. General Map Of The Republic Of México",Mapa de Casos,1882,República Mexicana. Tema: Comunicaciones y Ferrocarriles,https://iieg.jalisco.gob.mx/acervo/portal/mapas/063_1882_iieg,,Rand Mcnally And Company,123 x 175 cm,1: 2 217 600,"Mapa Tamaño Grande, Coloreado a Mano con Grabado Detallado. Esto No Se Parece al Mapa ""normal"" de Rand Mcnally; Probablemente Sea un Mapa Hecho por Separado del que Adquirieron los Derechos. Esta Copia Fue Vendida en Inglaterra por Edward Stanford y Tiene Su Etiqueta en la Caja. El Mapa Está en Cuatro Hojas, Cada una Diseccionada en 21 Secciones. Con el Contorno del Color por Estado, la Topografía Se Muestra en Marrón y los Ferrocarriles y Rutas Marítimas en Rojo. Las Hojas Tienen Papeles con Extremos de Mármol con Etiquetas que Dicen ""noreste"", ""noroeste"", ""sudeste"" y ""sudoeste""; Todos Se Pliegan en un Estuche de Tela Marrón de 22,5 X 14,5 con una Etiqueta que Dice ""méxico. Londres: Edward Stanford, Vendedor de Mapas al por Mayor y al por Menor, & C. 55, Charing Cross. Agente con Cita Previa ..."" el Relieve Se Muestra con Sombreado. Primeros Meridianos: Washington y Greenwich.","Rand Mcnally & Co. Ubicación del Editor, Chicago",https://www.davidrumsey.com/home,Colección de Mapas Históricos de David Rumsey. La Colección de Mapas Físicos Se Encuentra en el Centro de Mapas David Rumsey de la Biblioteca de la Universidad de Stanford.,,
Mapa del 2° Cantón del Estado de Jalisco,Atlas Catastral de Jalisco,1884,Lagos de Moreno,https://iieg.jalisco.gob.mx/acervo/portal/mapas/064_1884_iieg,,Dirección General de Rentas. Sección de Catastro,65 x 49 cm,1: 500 000,"Levantado para las Operaciones de la Comisión de Revalúos: Ing. Ramón Gómez y Peña, Empleado en Rentas Juan B. Sepúlveda",Lit. De Sta Teresa No. 38 Guadalajara,,"Archivo Histórico de Jalisco, Mp 4.2.2 1884 201","Se Ocuparon del Levantamiento los Ingenieros: Ramón Gómez y Peña, Salvador Collado, Adolfo H. Pérez, Teodoro Galván, Alberto O. Galván, Luis Cortes, Tomás Medina Ugarte. Benjamín R. Villaseñor. Dibujo Teodoro Galván",
Plano de la Ciudad de Guadalajara Capital del Estado de Jalisco en la República Mexicana,Mapa Separado,1884,Guadalajara,https://iieg.jalisco.gob.mx/acervo/portal/mapas/065_1884_iieg,,Desconocido,64 x 90 cm,De Mil Metros / de Mil Varas,"Técnica Litografía. Contiene Cuatro Imágenes, una en Cada Esquina: Palacio de Gobierno del Estado, Teatro Degollado, Iglesia de la Universidad y la Catedral. La Traza Urbana Está Dividida en Cuarteles E Insertas unos Recuadros con la Información General como Calles Parroquias, Exconventos, Etc.","Lit. Loreto, Ancira y Hnos. Ubicación del Editor, México",https://mapoteca.siap.gob.mx/,"Mapoteca Manuel Orozco y Berra, Servicio de Información Agroalimentaria y Pesquera, (sagarpa). Colección Orozco y Berra",,
Plano de Ciudad Guzmán,Atlas Catastral de Jalisco,1884,Ciudad Guzmán,https://iieg.jalisco.gob.mx/acervo/portal/mapas/066_1884_iieg,,Dirección General de Rentas. Sección de Catastro,73 x 50 cm,1: 10 000,Comisión de Revalúo en el 9° Cantón: Ing. Gerardo G. Villaseñor. Empleado en Rentas Flaviano Araiza,"Lit. De M. Perez Lete, Guadalajara",,Archivo Histórico de Jalisco. Pl. 4.2.6 1884 70 Inv. 96,Ingenieros que Levantaron el Plano: Alberto O. Galván. Teodoro Galván. Basilio Castel Blanch,
Plano del Pueblo de Mezquitán (guadalajara) y Pueblo de Atemajac del Valle (zapopán),Atlas Catastral de Jalisco,1884,"Atemajac del Valle, Zapopan. Mezquitán, Zapopán",https://iieg.jalisco.gob.mx/acervo/portal/mapas/067_1884_iieg,,Dirección General de Rentas. Sección de Catastro,35 x 47 cm,1: 5 000,,Lit. Sta. Teresa 38. Guadalajara (méxico),,Archivo Histórico de Jalisco. Pl. 4.2.6 1884 73 Inv. 99,Dibujo: Julio Paredo,
Plano de Sayula 4° Cantón de Jalisco,Atlas Catastral de Jalisco,1884,Sayula,https://iieg.jalisco.gob.mx/acervo/portal/mapas/068_1884_iieg,,Dirección General de Rentas. Sección de Catastro,47 x 73 cm,1: 5 000,,Lit. Sta. Teresa 38. Guadalajara (méxico),,Archivo Histórico de Jalisco. Pl. 4.2.6 1884 74 Inv. 100,Dibujo: Eduardo Prieto Basave,
Plano de la Villa de Zapopan y del Pueblo de Zoquipán,Atlas Catastral de Jalisco,1884,Zoquipán y Zapopan,https://iieg.jalisco.gob.mx/acervo/portal/mapas/069_1884_iieg,,Dirección General de Rentas. Sección de Catastro,73 x 50 cm,1: 5 000,"Comisión de Revalúo: Ing. Juan Ignacio Matute. Ing. Ayudante Juan José Matute. Empleado en Rentas Ignacio R. Ruvalcaba. Tercero en Discordia, Antonio Veitia","Lit. De M. Perez Lete, Guadalajara. Publicado por J. I. Matute.",,Archivo Histórico de Jalisco. Pl. 4.2.6 1884 79 Inv. 104,,
Plano de la Ciudad de Lagos,Atlas Catastral de Jalisco,1884,Lagos de Moreno,https://iieg.jalisco.gob.mx/acervo/portal/mapas/070_1884_iieg,,Dirección General de Rentas. Sección de Catastro,58 x 47 cm,1: 5 000,Levantado para las Operaciones de la Comisión de Revalúo del 2° Cantón del Estado de Jalisco: Ing. Ramón Gómez Peña. Empleado en Rentas Juan B. Sepúlveda,,,Archivo Histórico de Jalisco. Pl. 4.2.6 1884 85 Inv. 108,"Posición Geográfica según el Ing. Ángel Anguiano. Long. 10m 59°.65 al 0 de Chapultepec (méxico) Lat. 21° 21´24¨8 N Alto. 1912m 50. Comisión que Hizo el Levantamiento: Ramón Gómez Peña, Carlos Ochoa Arróniz, Adolfo H. Pérez, Luis Cortes, Ramón F. Arróniz, Guillermo Clark, Tomás Fregoso",
Plano de la Ciudad de San Juan de los Lagos,Atlas Catastral de Jalisco,1884,San Juan de los Lagos,https://iieg.jalisco.gob.mx/acervo/portal/mapas/071_1884_iieg,,Dirección General de Rentas. Sección de Catastro,50 x 43 cm,1: 5 000,Levantado para las Operaciones de la Comisión de Revalúo del 2° Cantón del Estado de Jalisco: Ing. Ramón Gómez y Peña. Empleado en Rentas Juan B. Sepúlveda,Lit. Sta. Teresa 38,,Archivo Histórico de Jalisco. Pl. 4.2.6 1884 86 Inv. 109,"Posición Geográfica: Latitud. N 21°.10´35¨longitud. 0 12m 10° 93´ de Chapultepec. Altitud. Comisión que Hizo el Levantamiento: Ramón F. Arróniz, Luis Cortes y Guillermo Clark.",
Plano de la Villa Unión de San Antonio 2° Cantón del Estado de Jalisco,Atlas Catastral de Jalisco,1884,Unión de San Antonio,https://iieg.jalisco.gob.mx/acervo/portal/mapas/072_1884_iieg,,Dirección General de Rentas. Sección de Catastro,53 x 33 cm,1: 2000,Papel Calca Manuscrito Coloreado,,https://mapoteca.siap.gob.mx/,"Archivo Histórico de Jalisco. Pl. 4.2.6 1884 83 Inv Pl 107. Mapoteca Manuel Orozco y Berra, Servicio de Información Agroalimentaria y Pesquera, (sagarpa). Colección General",,
Plano del Pueblo de Tala. Croquis de la Municipalidad de Tala,Atlas Catastral de Jalisco,1884,Tala,https://iieg.jalisco.gob.mx/acervo/portal/mapas/073_1884_iieg,,Dirección General de Rentas. Sección de Catastro,72 x 50 cm,1: 100 000,Comisión de Revaluo. Ingeniero Juan Ignacio Matute. Ingeniero Ayudante Juan José Matute. Empleado en Rentas Ignacio G. Rubalcaba Tercero en Discordia,"Lit. De M. Perez Lete, Guadalajara. Publicado por J. I. Matute.",,Archivo Histórico de Jalisco. Pl. 4.2.6 1884 20 Inv Pl 94 (122),,
Nuevo Mapa Estadístico de México,Mapa Separado,1884,República Mexicana,https://iieg.jalisco.gob.mx/acervo/portal/mapas/074_1884_iieg,,"A. K. Owen, I.c.",100 x 76 cm,Leguas Mexicanas,"Se Marcan los Productos de las Diferentes Zonas, las Líneas de Ferrocarril Actuales y Proyectadas las Líneas Telegráficas Cables, Alturas y Poblaciones",J.l. Smith Philadelphia U. S. A.,,Archivo Histórico de Jalisco. Mp. 2.3 1884 64 Inv Mp 14,Formado con Apuntes Reunidos en Diez Años de Estudio y Viajes en la República y en la Frontera,
Departamento de San Sebastián,Mapa Separado,1884,"San Sebastián del Oeste, Puerto Vallarta",https://iieg.jalisco.gob.mx/acervo/portal/mapas/075_1884_iieg,,Desconocido,50 x 70 cm,1: 200 000,"Línea Divisoria con el Territorio de Tepic, Río de Ameca",,,Archivo Histórico de Jalisco. Pl 4.2.6 1884 24 Inv Pl 95 (123),,
Croquis de la Municipalidad de San Pedro 1° Cantón,Atlas Catastral de Jalisco,1884,"San Sebastianito, San Francisco de Tetlán, Toluquilla y San Pedro Tlaquepaque",https://iieg.jalisco.gob.mx/acervo/portal/mapas/076_1884_iieg,,Dirección General de Rentas. Sección de Catastro,50 x 73 cm,1: 100 000,"Comisión de Revaluó. Ingeniero Juan Ignacio Matute. Ingeniero Ayudante Juan B. Matute. Empleado en Rentas Ignacio G. Rubalcaba, Ingeniero Julio Peredo. Ingeniero Ayudante Porfirio Lomelí y Tercero en Discordia Antonio Veitia","Juan I. Matute. Lit. De M. Pérez Lete, Guadalajara",,Archivo Histórico de Jalisco. Pl 4.2.6 1884 71 Inv 97,Adicionalmente Contiene los Planos de los Pueblos De: San Francisco de Tetlán; San Sebastianito y Toluquilla,
Mapa del 11° Cantón del Estado de Jalisco y Plano de la Ciudad de Teocaltiche,Atlas Catastral de Jalisco,1884,Teocaltiche,https://iieg.jalisco.gob.mx/acervo/portal/mapas/077_1884_iieg,,Dirección General de Rentas. Sección de Catastro,47 x 67 cm,1: 500 000,"Levantado para las Operaciones de la Comisión de Revaluó en el 11° Cantón del Estado de Jalisco, 1884: Ingeniero Ramón Gómez y Peña. Empleado en Rentas Juan B Sepúlveda. Se Ocuparon del Levantamiento Ingenieros, Ramón Gómez y Peña, Salvador Collado, Adolfo H Pérez, Teodoro Galván, Alberto o Galván, Pedro Tejeda, Tomás Medina Ugarte y Benjamín R Villaseñor",Juan I. Matute. Lit. Alberto Rodríguez Sta. Teresa No. 38 Guadalajara,,Archivo Histórico de Jalisco. Pl 4.2.6 1884 71 Inv Pl 98 (126),La Longitud y Latitud Están Tomadas del Anuario para 1883 del Observatorio Nacional de Chapultepec,
Plano de la Villa de Ojuelos,Atlas Catastral de Jalisco,1884,Ojuelos de Jalisco,https://iieg.jalisco.gob.mx/acervo/portal/mapas/078_1884_iieg,,Dirección General de Rentas. Sección de Catastro,65 x 50 cm,1: 5 000,Levantado para las Operaciones de la Comisión de Revaluó en el 2° Cantón del Estado de Jalisco,Sta. Teresa No. 38 Guadalajara,,Archivo Histórico de Jalisco. Pl 4.2.6 1884 75 Inv Pl 101 (129),,
Croquis de la Municipalidad y Villa de Tonalan,Atlas Catastral de Jalisco,1884,Tonalá,https://iieg.jalisco.gob.mx/acervo/portal/mapas/079_1884_iieg,,Dirección General de Rentas. Sección de Catastro,50 x 73 cm,1: 500 000,"Comisión de Revaluos. Ingeniero Juan Ignacio Matute. Ingeniero Juan B. Matute. Empleado en Rentas Ignacio G Rubalcaba, Ingeniero Julio Peredo. Ingenieros Ayudantes, Porfirio Lomelí, Tercero en Discordia Antonio Veitia","Juan I. Matute. Lit. De M. Pérez Lete, Guadalajara",,Archivo Histórico de Jalisco. Pl 4.2.6 1884 77 Inv 103,Lugar Donde Se Dijo la Primera Misa Cuando Vino Nuño de Guzmán,
Plano de la Villa de San Pedro Tlaquepaque,Atlas Catastral de Jalisco,1884,San Pedro Tlaquepaque,https://iieg.jalisco.gob.mx/acervo/portal/mapas/080_1884_iieg,,Dirección General de Rentas. Sección de Catastro,73 x 50 cm,1: 5 000,"Comisión de Revaluos. Ingeniero Juan Ignacio Matute. Ingeniero Juan B. Matute. Empleado en Rentas Ignacio Rubalcaba, Ingeniero Julio Peredo. Ingenieros Ayudantes, Porfirio Lomelí, Tercero en Discordia Antonio Veitia","Lit. Alberto Rodríguez. Calle de Sta. Teresa No. 38 Guadalajara, México",,Archivo Histórico de Jalisco. Pl 4.2.6 1884 82 Inv Pl 106,,
República Mejicana,Atlas Mapa,1885,República Mejicana,https://iieg.jalisco.gob.mx/acervo/portal/mapas/081_1885_iieg,,"Estévanez Nicolas, 1838-1914",31 x 41 cm,1: 11 000 000,"Mapa Coloreado. Grabado por E. Guillot. Muestra Fronteras Políticas, Capitales, Ciudades, Pueblos, Montañas, Ríos y Canales. Relieve Mostrado por Matices y Achures. El Primer Meridiano es París. Incluye Tabla de Distancias, Alturas de las Principales Montañas de México y Signos Convencionales","Librería de Garnier Hermanos. Ubicación de la Editorial, París",https://www.davidrumsey.com/home,Colección de Mapas Históricos de David Rumsey. La Colección de Mapas Físicos Se Encuentra en el Centro de Mapas David Rumsey de la Biblioteca de la Universidad de Stanford.,,
Jalisco. Carta XI,Atlas Mapa,1885,Jalisco,https://iieg.jalisco.gob.mx/acervo/portal/mapas/082_1885_iieg,,"Antonio García Cubas, 1832-1912.",71 x 57 cm,1: 1 500 000,"Mapa Litografiado a Color. Etiquetado con el Nombre de la Cabecera de los 11 Cantones en que Estaba Dividido el Estado de Jalisco y el Territorio de Tepic: 1°. Guadalajara; 2°. Lagos; 3°. Barca; 4°. Sayula; 5°. Ameca; 6°. Autlán; 8°. Colotlán; 9°. Zapotlán; 10°. Mascota; 11°. Teocaltiche, y 12°. Tequila","Debray Sucesores. Ubicación de la Editorial, México.",https://www.davidrumsey.com/home ; https://mapoteca.siap.gob.mx/,"Colección de Mapas Históricos de David Rumsey. La Colección de Mapas Físicos Se Encuentra en el Centro de Mapas David Rumsey de la Biblioteca de la Universidad de Stanford. Mapoteca Manuel Orozco y Berra, Servicio de Información Agroalimentaria y Pesquera, (sagarpa). Colección Orozco y Berra","Muestra el Nombre de Cabcera de Cantón, Ciudades, Pueblos, Haciendas, Minas, Puertos, Ferrocarriles, Etc.",
Plano de la Ciudad de Autlán y Croquis del 6° Cantón,Atlas Catastral de Jalisco,1885,Autlán de Navarro,https://iieg.jalisco.gob.mx/acervo/portal/mapas/083_1885_iieg,,Dirección General de Rentas. Sección de Catastro,66 x 47 cm,1: 500 000,Tela Calca Manuscrito Coloreado. Levantado por la Comisión de Avalúo en el Mes de Agosto de 1885,,,Archivo Histórico de Jalisco. Pl 4.2.6 1885 78 Inv Pl 110.,,
Plano de Sayula 4° Cantón de Jalisco,Atlas Catastral de Jalisco,1885,Sayula,https://iieg.jalisco.gob.mx/acervo/portal/mapas/084_1885_iieg,,Dirección General de Rentas. Sección de Catastro,50 x 59 cm,1: 5 000,Litografía en Papel Común,"Calle de Sta. Teresa No. 38 Guadalajara, México. Eduardo Prieto Basave",https://mapoteca.siap.gob.mx/,"Mapoteca Manuel Orozco y Berra, Servicio de Información Agroalimentaria y Pesquera, (sagarpa). Colección Orozco y Berra",,
Plano de la Municipalidad de Ojuelos,Mapa Separado,1885,Ojuelos de Jalisco,https://iieg.jalisco.gob.mx/acervo/portal/mapas/085_1885_iieg,,Desconocido,62 x 50 cm,1: 100 000,,,,Archivo Histórico de Jalisco. Pl 4.2.6 S.a. 289 Inv Pl 90 (119),,
Municipio de Guachinango,Mapa Separado,1885,Guachinango,https://iieg.jalisco.gob.mx/acervo/portal/mapas/086_1885_iieg,,Desconocido,,1: 200 000,,,,Archivo Histórico de Jalisco. Pl 4.2.6 S.a. 369 Inv Pl 92 (120),,
Carta Política I,Atlas Mapa,1885,República Mexicana,https://iieg.jalisco.gob.mx/acervo/portal/mapas/087_1885_iieg,,"García Cubas Antonio, 1832-1912",56 x 69 cm,1: 7 349 760,"Mapa Político con un Gráfico Insertado que Muestra la Población y el Tamaño de los Estados de la República. En la Parte Superior del Mapa los Retratos de los Líderes Políticos, y a los Lados y Abajo del Mapa los Dibujos de Muchos Edificios Gubernamentales, Incluidos el Palacio Nacional de México y el Palacio de Chapultepec, entre Otros, a Todo Color.","Debray Sucesores. Ubicación de la Editorial, México.",https://www.davidrumsey.com/home,Colección de Mapas Históricos de David Rumsey. La Colección de Mapas Físicos Se Encuentra en el Centro de Mapas David Rumsey de la Biblioteca de la Universidad de Stanford.,"Los Mapas y las Ilustraciones que los Rodean Son Excelentes. García Cubas Fue el Cartógrafo Mexicano Preeminente del Siglo Xix. Encuadernado en Tablas Cubiertas de Tela Color Canela de Cuero con ""atlas Pintoresco E Histórico de los E. U. Mexicanos por Antonio García Cubas"" Estampado en la Portada.",
Carta Etnográfica II,Atlas Mapa,1885,República Mexicana,https://iieg.jalisco.gob.mx/acervo/portal/mapas/088_1885_iieg,,"García Cubas Antonio, 1832-1913",57 x 69 cm,1: 7 349 760,"Mapa Etnográfico con un Cuadro Insertado de las Diferentes Razas, Incluidos Blancos, Indígenas y ""mexclada"". Se Registra el Número de Miembros de Cada Grupo Indígena. Mapa Rodeado de Dibujos de la Gente de Cada Región del País, a Todo Color.","Debray Sucesores. Ubicación de la Editorial, México.",https://www.davidrumsey.com/home,Colección de Mapas Históricos de David Rumsey. La Colección de Mapas Físicos Se Encuentra en el Centro de Mapas David Rumsey de la Biblioteca de la Universidad de Stanford.,"Los Mapas y las Ilustraciones que los Rodean Son Excelentes. García Cubas Fue el Cartógrafo Mexicano Preeminente del Siglo Xix. Encuadernado en Tablas Cubiertas de Tela Color Canela de Cuero con ""atlas Pintoresco E Histórico de los E. U. Mexicanos por Antonio García Cubas"" Estampado en la Portada.",
Carta Eclesiástica III,Atlas Mapa,1885,República Mexicana,https://iieg.jalisco.gob.mx/acervo/portal/mapas/089_1885_iieg,,"García Cubas Antonio, 1832-1914",54 x 69 cm,1: 7 349 760,"La Nación Está Dividida en Tres Arzobispados: México, Michoacán y Guadalajara. Mapa Rodeado de Representaciones de Iglesias Locales. Se Incluyen Cinco Interiores de Iglesias. A Todo Color.","Debray Sucesores. Ubicación de la Editorial, México.",https://www.davidrumsey.com/home,Colección de Mapas Históricos de David Rumsey. La Colección de Mapas Físicos Se Encuentra en el Centro de Mapas David Rumsey de la Biblioteca de la Universidad de Stanford.,"Los Mapas y las Ilustraciones que los Rodean Son Excelentes. García Cubas Fue el Cartógrafo Mexicano Preeminente del Siglo Xix. Encuadernado en Tablas Cubiertas de Tela Color Canela de Cuero con ""atlas Pintoresco E Histórico de los E. U. Mexicanos por Antonio García Cubas"" Estampado en la Portada.",
Vías de Comunicación y Movimiento Marítimo IV,Atlas Mapa,1885,República Mexicana,https://iieg.jalisco.gob.mx/acervo/portal/mapas/090_1885_iieg,,"García Cubas Antonio, 1832-1915",55 x 69 cm,1: 7 349 760,"Mapa que Destaca los Sistemas de Transporte y Comunicación del País. Dibujos a Todo Color de Vías de Tren, Puertos y Numerosos Puentes.","Debray Sucesores. Ubicación de la Editorial, México.",https://www.davidrumsey.com/home,Colección de Mapas Históricos de David Rumsey. La Colección de Mapas Físicos Se Encuentra en el Centro de Mapas David Rumsey de la Biblioteca de la Universidad de Stanford.,"Los Mapas y las Ilustraciones que los Rodean Son Excelentes. García Cubas Fue el Cartógrafo Mexicano Preeminente del Siglo Xix. Encuadernado en Tablas Cubiertas de Tela Color Canela de Cuero con ""atlas Pintoresco E Histórico de los E. U. Mexicanos por Antonio García Cubas"" Estampado en la Portada.",
Instrucción Pública V,Atlas Mapa,1885,República Mexicana,https://iieg.jalisco.gob.mx/acervo/portal/mapas/091_1885_iieg,,"García Cubas Antonio, 1832-1916",55 x 69 cm,1: 7 349 760,"Se Destacan el Sistema Educativo y el Museo de México. Los Dibujos que Rodean el Mapa Incluyen el Conservatorio Musical, la Biblioteca Nacional (con 200,000 Volúmenes). El Salón de Zoología, el Museo Nacional de Arte y la Facultad de Derecho. A Todo Color.","Debray Sucesores. Ubicación de la Editorial, México.",https://www.davidrumsey.com/home,Colección de Mapas Históricos de David Rumsey. La Colección de Mapas Físicos Se Encuentra en el Centro de Mapas David Rumsey de la Biblioteca de la Universidad de Stanford.,"Los Mapas y las Ilustraciones que los Rodean Son Excelentes. García Cubas Fue el Cartógrafo Mexicano Preeminente del Siglo Xix. Encuadernado en Tablas Cubiertas de Tela Color Canela de Cuero con ""atlas Pintoresco E Histórico de los E. U. Mexicanos por Antonio García Cubas"" Estampado en la Portada.",
Carta Orográfica VI,Atlas Mapa,1885,República Mexicana,https://iieg.jalisco.gob.mx/acervo/portal/mapas/092_1885_iieg,,"García Cubas Antonio, 1832-1917",54 x 69 cm,1: 7 349 760,"El Mapa Muestra la Topografía Mexicana. Un Recuadro Muestra la Altura Relativa de las Montañas con Cada una Numerada, con una Clave Adjunta. Los Dibujos Circundantes Son de Montañas, Volcanes y Cuevas de la Nación. A Todo Color.","Debray Sucesores. Ubicación de la Editorial, México.",https://www.davidrumsey.com/home,Colección de Mapas Históricos de David Rumsey. La Colección de Mapas Físicos Se Encuentra en el Centro de Mapas David Rumsey de la Biblioteca de la Universidad de Stanford.,"Los Mapas y las Ilustraciones que los Rodean Son Excelentes. García Cubas Fue el Cartógrafo Mexicano Preeminente del Siglo Xix. Encuadernado en Tablas Cubiertas de Tela Color Canela de Cuero con ""atlas Pintoresco E Histórico de los E. U. Mexicanos por Antonio García Cubas"" Estampado en la Portada.",
Carta Hidrográfica VII,Atlas Mapa,1885,República Mexicana,https://iieg.jalisco.gob.mx/acervo/portal/mapas/093_1885_iieg,,"García Cubas Antonio, 1832-1918",54 x 69 cm,1: 7 349 760,"El Sistema de Agua de México. Un Mapa Insertado Muestra la Longitud Relativa de los Ríos en Todo el País. El Mapa Está Rodeado de Dibujos de los Ríos, Cascadas y Lagos del País. A Todo Color.","Debray Sucesores. Ubicación de la Editorial, México.",https://www.davidrumsey.com/home,Colección de Mapas Históricos de David Rumsey. La Colección de Mapas Físicos Se Encuentra en el Centro de Mapas David Rumsey de la Biblioteca de la Universidad de Stanford.,"Los Mapas y las Ilustraciones que los Rodean Son Excelentes. García Cubas Fue el Cartógrafo Mexicano Preeminente del Siglo Xix. Encuadernado en Tablas Cubiertas de Tela Color Canela de Cuero con ""atlas Pintoresco E Histórico de los E. U. Mexicanos por Antonio García Cubas"" Estampado en la Portada.",
Carta Agrícola VIII,Atlas Mapa,1885,República Mexicana,https://iieg.jalisco.gob.mx/acervo/portal/mapas/094_1885_iieg,,"García Cubas Antonio, 1832-1919",55 x 69 cm,1: 7 349 760,"Se Destaca la Producción Agrícola de México. Un Dibujo a Todo Color Junto al Mapa Muestra el Follaje que Crece a Diferentes Altitudes en Todo el País. Alrededor del Mapa Hay Representaciones de la Fauna Local, Grandes Granjas y Técnicas Agrícolas.","Debray Sucesores. Ubicación de la Editorial, México.",https://www.davidrumsey.com/home,Colección de Mapas Históricos de David Rumsey. La Colección de Mapas Físicos Se Encuentra en el Centro de Mapas David Rumsey de la Biblioteca de la Universidad de Stanford.,"Los Mapas y las Ilustraciones que los Rodean Son Excelentes. García Cubas Fue el Cartógrafo Mexicano Preeminente del Siglo Xix. Encuadernado en Tablas Cubiertas de Tela Color Canela de Cuero con ""atlas Pintoresco E Histórico de los E. U. Mexicanos por Antonio García Cubas"" Estampado en la Portada.",
Carta Minera IX,Atlas Mapa,1885,República Mexicana,https://iieg.jalisco.gob.mx/acervo/portal/mapas/095_1885_iieg,,"García Cubas Antonio, 1832-1920",54 x 69 cm,1: 7 349 760,"El Gráfico Recuadro Muestra la Producción de Oro y Plata en Todo el País. Las Viñetas Circundantes Son de Pueblos y Ciudades Mineras, y de Algunas Minas.","Debray Sucesores. Ubicación de la Editorial, México.",https://www.davidrumsey.com/home,Colección de Mapas Históricos de David Rumsey. La Colección de Mapas Físicos Se Encuentra en el Centro de Mapas David Rumsey de la Biblioteca de la Universidad de Stanford.,"Los Mapas y las Ilustraciones que los Rodean Son Excelentes. García Cubas Fue el Cartógrafo Mexicano Preeminente del Siglo Xix. Encuadernado en Tablas Cubiertas de Tela Color Canela de Cuero con ""atlas Pintoresco E Histórico de los E. U. Mexicanos por Antonio García Cubas"" Estampado en la Portada.",
Carta Histórica y Arqueológica X,Atlas Mapa,1885,República Mexicana,https://iieg.jalisco.gob.mx/acervo/portal/mapas/096_1885_iieg,,"García Cubas Antonio, 1832-1921",55 x 69 cm,1: 7 349 760,Este Mapa Presenta los Sitios Históricos y Arqueológicos de Todo el País. El Mapa Está Rodeado de Representaciones de Ruinas Arqueológicas y Artefactos Históricos Numerados. No Se Incluye una Clave para los Elementos Numerados. A Todo Color.,"Debray Sucesores. Ubicación de la Editorial, México.",https://www.davidrumsey.com/home,Colección de Mapas Históricos de David Rumsey. La Colección de Mapas Físicos Se Encuentra en el Centro de Mapas David Rumsey de la Biblioteca de la Universidad de Stanford.,"Los Mapas y las Ilustraciones que los Rodean Son Excelentes. García Cubas Fue el Cartógrafo Mexicano Preeminente del Siglo Xix. Encuadernado en Tablas Cubiertas de Tela Color Canela de Cuero con ""atlas Pintoresco E Histórico de los E. U. Mexicanos por Antonio García Cubas"" Estampado en la Portada.",
Bahía de Chamela,Atlas Mapa,1885,La Huerta,https://iieg.jalisco.gob.mx/acervo/portal/mapas/097_1885_iieg,,"Evans, H.c., Herrie Gustavo",52 x 41 cm,1: 24 500,,"Washington, D.c. Oficina Hidrográfica",https://collections.leventhalmap.org/search/commonwealth:0z709d604,Norman B. Leventhal de la Biblioteca Pública de Boston,,
Jalisco,Atlas Mapa,1886,Jalisco,https://iieg.jalisco.gob.mx/acervo/portal/mapas/098_1886_iieg,,"García Cubas Antonio, 1832-1918",39 x 45 cm,1: 1 500 000,"Mapa Litografiado a Color. Etiquetado con el Nombre de la Cabecera de los 11 Cantones en que Estaba Dividido el Estado de Jalisco y el Territorio de Tepic: 1°. Guadalajara; 2°. Lagos; 3°. Barca; 4°. Sayula; 5°. Ameca; 6°. Autlán; 8°. Colotlán; 9°. Zapotlán; 10°. Mascota; 11°. Teocaltiche, y 12°. Tequila.","Debray Sucesores. Ubicación de la Editorial, México.",https://www.davidrumsey.com/home,Colección de Mapas Históricos de David Rumsey. La Colección de Mapas Físicos Se Encuentra en el Centro de Mapas David Rumsey de la Biblioteca de la Universidad de Stanford.,"Relieve Mostrado por Hachures. Muestra la Ciudades, Pueblos, Haciendas, Minas, Puertos, Ferrocarriles, Etc. Primer Meridiano: Ciudad de México. ""atlas Mexicano por Antonio García Cubas. Carta Xi"".",
Guanajuato,Atlas Mapa,1886,Guanajuato,https://iieg.jalisco.gob.mx/acervo/portal/mapas/099_1886_iieg,,"García Cubas Antonio, 1832-1919",39 x 47 cm,1: 600 000,"Mapa Litografiado en Color. Relieve Mostrado por Hachures. Muestra Ciudades, Pueblos, Haciendas, Minas, Ferrocarriles, Etc. Primer Meridiano: Ciudad de México. ""atlas Mexicano por Antonio García Cubas. Carta Xxi"".","Debray Sucesores. Ubicación de la Editorial, México.",https://www.davidrumsey.com/home,Colección de Mapas Históricos de David Rumsey. La Colección de Mapas Físicos Se Encuentra en el Centro de Mapas David Rumsey de la Biblioteca de la Universidad de Stanford.,,
Carta General de los Estados Unidos Mexicanos.,Atlas Mapa,1886,República Mexicana,https://iieg.jalisco.gob.mx/acervo/portal/mapas/100_1886_iieg,,"García Cubas Antonio, 1832-1920",52 x 76 cm,1: 4 400 000,"Mapa Litografiado en Color. Muestra Ciudades, Pueblos, Haciendas, Ranchos, Minas, Fuertes, Puertos, Ferrocarriles, Etc. Incluye Cuadro: Cuadro Comparativo de los Principales Caminos de Fierro de la República Mexicana. Primer Meridiano: Ciudad de México.","Debray Sucesores. Ubicación de la Editorial, México.",https://www.davidrumsey.com/home,Colección de Mapas Históricos de David Rumsey. La Colección de Mapas Físicos Se Encuentra en el Centro de Mapas David Rumsey de la Biblioteca de la Universidad de Stanford.,,
Carta Agrícola del Estado de Jalisco,Mapa Separado,1887,Jalisco,https://iieg.jalisco.gob.mx/acervo/portal/mapas/101_1887_iieg,,Mariano Bárcena,41 x 51 cm,1: 5 000000,Papel Común Impreso a Color,Litografía de la Oficina del Timbre. México.,https://mapoteca.siap.gob.mx/,"Mapoteca Manuel Orozco y Berra, Servicio de Información Agroalimentaria y Pesquera, (sagarpa). Colección Orozco y Berra",,
Carta Hidrográfica del Estado de Jalisco,Atlas Mapa,1887,Jalisco,https://iieg.jalisco.gob.mx/acervo/portal/mapas/102_1887_iieg,,Mariano Bárcena,39 x 39 cm,1: 5 00000,Litografía en Papel Común a Color,Litografía de la Oficina del Timbre. México.,https://mapoteca.siap.gob.mx/,"Mapoteca Manuel Orozco y Berra, Servicio de Información Agroalimentaria y Pesquera, (sagarpa). Colección Orozco y Berra",,
"Plano de la Hacienda de Santa Ana, Municipalidad de Unión de Tula 6° Cantón",Mapa de Casos,1887,Unión de Tula,https://iieg.jalisco.gob.mx/acervo/portal/mapas/103_1887_iieg,,Federico Rivera,88 x 93 cm,1: 5 000,Tela Calca Manuscrito Coloreado,,https://mapoteca.siap.gob.mx/,"Mapoteca Manuel Orozco y Berra, Servicio de Información Agroalimentaria y Pesquera, (sagarpa). Colección General",,
Tepatitlán,Mapa Separado,1887,Tepatitlán de Morelos,https://iieg.jalisco.gob.mx/acervo/portal/mapas/104_1887_iieg,,Desconocido,59 x 48 cm,1: 100 000,Nota: Fecha Estimada. Papel Calca Manuscrito,,https://mapoteca.siap.gob.mx/,"Mapoteca Manuel Orozco y Berra, Servicio de Información Agroalimentaria y Pesquera, (sagarpa). Colección General",,
Mapa del Estado de Jalisco,Mapa Separado,1888,Jalisco,https://iieg.jalisco.gob.mx/acervo/portal/mapas/105_1888_iieg,,José Antonio Izaguirre,33 x 30 cm,1: 2 000 000,Papel Calca Manuscrito. Redujo Luis G. Serrano,,https://mapoteca.siap.gob.mx/,"Mapoteca Manuel Orozco y Berra, Servicio de Información Agroalimentaria y Pesquera, (sagarpa). Colección General",,
Mapa del Estado de Jalisco,Mapa Separado,1888,Jalisco,https://iieg.jalisco.gob.mx/acervo/portal/mapas/106_1888_iieg,,José Antonio Izaguirre,112 x 94 cm,"111,37 kils al grado",Papel Común Manuscrito. Mapa Corregido según Algunos Datos de la Comisión de Revalúo del Mismo,Escuela de Artes y Oficios,,"Archivo Histórico de Jalisco, Mp 4.2.1 1888 9",,
Plano de la Ciudad de Guadalajara,Plano Separado,1888,Guadalajara,https://iieg.jalisco.gob.mx/acervo/portal/mapas/107_1888_iieg,,Ing. Domingo Torres García,56 x 52 cm,1: 10 000,Corregido y Aumentado por la Compañía de Ingenieros Constructores,,,Archivo Histórico de Jalisco. Pl. 2.1 1888 Inv. 459,Castro y Nájera. Joyería y Relojería. Gran Taller de Sastrería. Expendido de Casimires Franceses E Ingleses. Importación Directa. Guadalajara. Esquina los Portales de las Flores E Hidalgo. Este Establecimiento es el Primero en Su Género y el Más Acreditado.,
Plano del Hospicio Guadalajara,Mapa Separado,1889,Guadalajara,https://iieg.jalisco.gob.mx/acervo/portal/mapas/108_1889_iieg,,Desconocido,92 x 60 cm,1: 400,Papel Común Manuscrito.,,https://mapoteca.siap.gob.mx/,"Mapoteca Manuel Orozco y Berra, Servicio de Información Agroalimentaria y Pesquera, (sagarpa). Colección Orozco y Berra.",,
Copia del Plano del Municipio de Huejúcar,Mapa Separado,1890,Huejúcar,https://iieg.jalisco.gob.mx/acervo/portal/mapas/109_1890_iieg,,Atlas Catastral de Jalisco. Dirección General de Rentas,47 x 48 cm,,,,,Archivo Histórico de Jalisco. Pl 4.3 1890 100 Inv Pl 117,"Huejúcar, Julio de 1890",
"México. Jalisco en la Exposición de Chicago. Cantón 1°, Guadalajara",Atlas Mapa,1891,"Guadalajara, Yahualica de González Gallo, Chapala, Jocotepec, Cuquío, Tlajomulco de Zúñiga, Zapotlanejo, Zapopan, San Pedro Tlaquepaque, Tonalá, Tala y San Cristóbal de la Barranca",https://iieg.jalisco.gob.mx/acervo/portal/mapas/110_1891_iieg,,Juan Ygnacio Maute,90 x 114 cm,1: 216 000,"Papel Milimétrico Manuscrito. Insertados Cuatro Retratos De: Gral. Pedro A. Galván, Arzobispo D. Pedro Espinoza, Fr. Antonio Alcalde y Gral. Ramón Corona.",,https://mapoteca.siap.gob.mx/,"Mapoteca Manuel Orozco y Berra, Servicio de Información Agroalimentaria y Pesquera, (sagarpa). Colección Orozco y Berra.","Describe la Superficie que Ocupa el Cantón por Municipio: Guadalajara, Yahualica, Chapala, Jocotepec, Cuquío, Tlajomulco, Zapotlanejo, Zapopan, San Pedro, Tonalá, Tala y San Cristóbal. Los Minerales del Cantón; Caídas de Agua; Comunicaciones; Producción Probable Anual del Cantón de Guadalajara (1891); Poblaciones Notables; Pesos, Monedas y Medidas; Valor Oficial de la Propiedad, Rentas y Gastos Públicos; División Política, Eclesiástica, Comunicaciones, Población, E Instrucción Primaria Oficial.",
Carta General de la República Mexicana,Atlas Mapa,1893,República Mexicana,https://iieg.jalisco.gob.mx/acervo/portal/mapas/111_1893_iieg,,Ministerio del Fomento,73 x 105 cm,1: 2 000 000,Papel Común Impreso Color. Carta General de la República Mexicana Formada en el Ministerio de Fomento con los Datos Más Recientes por Disposición del Secretario del Ramo. Ingeniero Manuel Fernández Leal.,"Grabado por Erhard Hermanos, 35b Calle Denfert-rochereau - Paris",https://mapoteca.siap.gob.mx/,"Mapoteca Manuel Orozco y Berra, Servicio de Información Agroalimentaria y Pesquera, (sagarpa). Colección Orozco y Berra.",,
Bosquejo de una Carta Geológica de la República Mexicana,Mapa Separado,1893,República Mexicana,https://iieg.jalisco.gob.mx/acervo/portal/mapas/112_1893_iieg,,Comisión Geológica Mexicana,26 x 37 cm,10 000 000,Formada por Disposición del Secretario de Fomento por una Comisión Especial bajo la Dirección de Antonio del Castillo,Comisión Geológica Mexicana,,Archivo Histórico de Jalisco. Mp. 2.2 1893 12 Inv Mp 15,"Antonio del Castillo , Ingeniero de Minas. Director de la Escuela Nacional de Ingenieros y de la Comisión Geológica. Reformada con Nuevo Datos en 1891, 1892 y 1893",
Carta de los Meteoritos de México,Mapa Separado,1893,República Mexicana,https://iieg.jalisco.gob.mx/acervo/portal/mapas/113_1893_iieg,,Comisión Geológica Mexicana,sistema de información estadística de delimitaciones y demarcaciones territoriales (sieddt),1: 10 000 000,Formado bajo los Auspicios de la Secretaría de Fomento por Antonio del Castillo,Secretaría de Fomento,,Archivo Histórico de Jalisco. Mp. 2.2 S.a. 13 Inv Mp 10 (12),"Antonio del Castillo , Ingeniero de Minas. Director de la Escuela Nacional de Ingenieros y de la Comisión Geológica",
"5° Cantón, Ameca. Jalisco, México.",Mapa Separado,1894,"Ameca, Cocula, Tecolotlán, Acatlán de Jurez, Juchitlán, San Marín de Hidalgo",https://iieg.jalisco.gob.mx/acervo/portal/mapas/114_1894_iieg,,Juan Ygnacio Maute,98 x 74 cm,1: 100 000,"Papel Milimétrico Manuscrito. Tiene Insertados dos Retratos y una Imagen y Tablas Describiendo Superficies, Especies Minerales, Minas, Fletes, Agua, División Política, Eclesiástica, Comunicación Población, Gastos Municipales, Cárceles, Escuelas, Producción Anual, entre Otros.",,https://mapoteca.siap.gob.mx/,"Mapoteca Manuel Orozco y Berra, Servicio de Información Agroalimentaria y Pesquera, (sagarpa). Colección Orozco y Berra.",,
Guía de Tranvías de Gadalajara,Mapa Separado,1896,Guadalajara,https://iieg.jalisco.gob.mx/acervo/portal/mapas/115_1896_iieg,,C. H. M. Blake Ing. Y Contratista,64 x 52 cm,1:8 000,Contiene la Traza Urbna y la Ubicación de las Garitas Existente en aquel Tiempo,,,Archivo Histórico de Jalisco. Pl. 1.3 1896 2 Inv. 20,Plano Preliminar de las Extensiones Propuestas por la Compañía de Tranvías de Guadalajara que Van del Agua Azula hasta la Alameda. De la Alameda a la Calle de Angulo con Enlace al Hospital de San Miguel de Belén. Prolongación de la Línea de la Capilla de Jesús. Así como Conectar la Línea del Agua Azul con la Garita de Mexicaltzingo y la Línea del Hospicio y con la Línea de San Juan de Dios.,
Plano de Línea Divisoria entre Jalisco y Michoacán,Plano Separado,1896,"Jilotlán de los Dolores de Jalisco; Tepalcatepec, Tancítaro, Peribán, los Reyes, Tingüindín de Michoacán",https://iieg.jalisco.gob.mx/acervo/portal/mapas/116_1896_iieg,,Ing. Francisco Ugarte,103 x 151 cm,1: 50 000,"Plano de la Línea Divisoria entre los Municipios de Jilotlán de los Dolores, en el Estado de Jalisco, y los de Tepalcatepec, Tancítaro, Peribán, los Reyes y Tingüindín, en el Estado de Michoacán.",Comisión de Límites,,Archivo Histórico de Jalisco. Pl. 4.3 1896 126 Inv. 120,,
Carta de Comunicaciones de los Estados Unidos Mexicanos,Mapa Compuesto,1896,República Mexicana. Tema: Comunicaciones y Transporte,https://iieg.jalisco.gob.mx/acervo/portal/mapas/117_1896_iieg,,Instituto Litográfico de Berlin. Glumer Bodo Von,140 x 242 cm,1: 1 000 000,Formada de Orden de la Secretaria de Estado y del Despacho de Comunicaciones y Obras Públicas. Por el Coronel Bodo Von Glümer,"Secretaria de Estado. Ubicación del Editor, México",https://www.davidrumsey.com/home,Colección de Mapas Históricos de David Rumsey. La Colección de Mapas Físicos Se Encuentra en el Centro de Mapas David Rumsey de la Biblioteca de la Universidad de Stanford.,"Compuesto de dos Hojas. Mapa a Color, en Hoja 140 X 242, Diseccionado en 40 Secciones, Montado en Lino, Doblado en Estuche Marrón 35 X 24.5, con Título ""república Mexicana. Carta de Comunicaciones"". Muestra las Líneas de Ferrocarril, Ruta Postal y Telégrafo, Incluidas las que Se Extienden a Ee. Uu., Disponibles a Fines del 19. Siglo.",
Plano de Línea Divisoria entre Jalisco y Michoacán,Mapa Separado,1896,Quitupán de Jalisco; Cotija de Michoacán,https://iieg.jalisco.gob.mx/acervo/portal/mapas/118_1896_iieg,,Ing. Francisco Ugarte,146 x 94cm,1: 10 000,"Plano de la Zona entre los Municipios de Cotija, Michoacán y Quitupán, Jalisco",Comision de Límites,,Archivo Histórico de Jalisco. Pl. 4.3. S.a. 364 Inv 115,,
Plano de Línea Divisoria entre Jalisco y Michoacán,Mapa Separado,1896,Quitupán de Jalisco; Cotija de Michoacán,https://iieg.jalisco.gob.mx/acervo/portal/mapas/119_1896_iieg,,Ing. Francisco Ugarte,,1: 10 000,"Plano de la Zona entre los Municipios de Cotija, Michoacán y Quitupán, Jalisco",Comision de Límites,,Archivo Histórico de Jalisco. Pl. 4.3. S.a. 481 Inv. Pl 479 (147),,
Plano de Línea Divisoria entre Jalisco y Michoacán,Mapa Separado,1896,Quitupán de Jalisco; Cotija de Michoacán,https://iieg.jalisco.gob.mx/acervo/portal/mapas/120_1896_iieg,,Ing. Lucio Gutiérrez. Ing. Francisco Ugarte,146 x 94cm,1: 10 000,"Plano de la Zona entre los Municipios de Cotija, Michoacán y Quitupán, Jalisco",Comision de Límites,,Archivo Histórico de Jalisco. Pl. 4.2.6. S.a. 215,,
Plano de Línea Divisoria entre Jalisco y Michoacán,Mapa Separado,1896,Quitupán de Jalisco; Cotija de Michoacán,https://iieg.jalisco.gob.mx/acervo/portal/mapas/121_1896_iieg,,Ing. Lucio Gutiérrez. Ing. Francisco Ugarte,132 x 71 cm,1: 10 000,"Plano de la Zona entre los Municipios de Cotija, Michoacán y Quitupán, Jalisco",Comision de Límites,,Archivo Histórico de Jalisco. Pl. 4.2.1 S.a 533 Inv 437,,
Plano de Línea Divisoria entre Jalisco y Michoacán,Mapa Separado,1896,"Jilotlán de los Dolores de Jalisco; Tepalcatepec, Tancítaro, Peribán, los Reyes y Tingüindín de Michoacán",https://iieg.jalisco.gob.mx/acervo/portal/mapas/122_1896_iieg,,Ing. Francisco Ugarte,91 x 150 cm,1: 100 000,"Plano de la Línea y Zonas Limítrofes entre los Municipios de Pihuamo, Estado de Jalisco y Coalcomán, Estado de Michoacán",Comisionados de Límites,,Archivo Histórico de Jalisco. Pl. 4.3 1896 125 Inv 119,,
Plano de Línea Divisoria entre Jalisco y Michoacán,Mapa Separado,1896,Pihuamo de Jalisco; Coalcomán de Michoacán,https://iieg.jalisco.gob.mx/acervo/portal/mapas/123_1896_iieg,,Ing. Francisco Ugarte,87 x 142 cm,1: 50 000,,Comision de Límites,,Archivo Histórico de Jalisco. Pl. 4.3 1896 493 Inv Pl 118 (150),,
Territorio de Tepic,Mapa Separado,1897,"Tepic, Nayarit",https://iieg.jalisco.gob.mx/acervo/portal/mapas/124_1897_iieg,,,,1: 69 000,Propiedad Registrada Conforme a la Ley,,https://www.davidrumsey.com/home,Colección de Mapas Históricos de David Rumsey. La Colección de Mapas Físicos Se Encuentra en el Centro de Mapas David Rumsey de la Biblioteca de la Universidad de Stanford.,,
Plano de Línea Divisoria entre Jalisco y Michoacán,Mapa Separado,1897,"Tizapán el Alto, Mazamitla, el Valle (valle de Juárez) y Quitupán de Jalisco; Sahuayo y Jiquilpan de Michoacán",https://iieg.jalisco.gob.mx/acervo/portal/mapas/125_1897_iieg,,Ing. Francisco Ugarte,81 x 108 cm,1: 50 000,"Plano de la Línea Divisoria y Zonas Cuestionadas entre los Municipios de Tizapán, Mazamitla, el Valle (de Juárez) y Quitupán, Estado de Jalisco y los de Sahuayo y Jiquilpan, Estado de Michoacán",Comision de Límites,,Archivo Histórico de Jalisco. Pl. 4.3 1897 69 Inv Pl 121,,
Plano de Línea Divisoria entre Jalisco y Michoacán,Mapa Separado,1897,"Guanajuato; La Barca, Ayo el Chico (ayotlán) y Degollado de Jalisco; Ixtlán, Yurécuaro y la Piedad de Michoacán",https://iieg.jalisco.gob.mx/acervo/portal/mapas/126_1897_iieg,,Ing. Francisco Ugarte,97 x 200 cm,1: 50 000,"Plano de la Línea Divisoria entre el Cantón de la Barca, Estado de Jalisco y el Estado de Michoacán",Comisiona de Límites,,Archivo Histórico de Jalisco. Pl. 4.3 1897 110 Inv Pl 116 (148),,
Plano de Línea Divisoria entre Jalisco y Michoacán,Mapa Separado,1897,"Pihuamo y Jilotlán de los Dolores de Jalisco; Jiquilpan, Coalcomán, Tepalcatepec, Tancítaro, Peribán, los Reyes, Tingüindín y Cotija de Michoacán; Colima, Colima",https://iieg.jalisco.gob.mx/acervo/portal/mapas/127_1897_iieg,,Ing. Francisco Ugarte,79 x 69 cm,1: 200 000,"Plano de las Líneas Limítrofes y las Zonas Discutidas, Correspondientes a los Municipios que en Él Se Expresan, entre los Estados de Jalisco y Michoacán, 1897",Comisiona de Límites,,Archivo Histórico de Jalisco. Pl. 4.3 1897 115 Inv Pl 123 (154),,
Plano de Línea Divisoria entre Jalisco y Michoacán,Mapa Separado,1897,"Guanajuato; Degollado, Ayo el Chico (ayotlán), la Barca, Ocotlán, Tizapán el Alto, Mazamitla, del Valle (valle de Juárez) y Quitupán de Jalisco; La Piedad, Yurécuaro, Ixtlán, Sahuayo y Jiquilpan de Michoacán",https://iieg.jalisco.gob.mx/acervo/portal/mapas/128_1897_iieg,,Ing. Rodríguez,70 x 90 cm,1: 200 000,"Plano de las Líneas Limítrofes y las Zonas Discutidas, Correspondientes a los Municipios que en Él Se Expresan, entre los Estados de Jalisco y Michoacán, 1897",Comisiona de Límites,,Archivo Histórico de Jalisco. Pl. 4.3 1897 551 Inv Pl 538,,
Plano de Línea Divisoria entre Jalisco y Michoacán,Mapa Separado,1897,"Jalisco, Michoacán de Ocampo, Colima",https://iieg.jalisco.gob.mx/acervo/portal/mapas/129_1897_iieg,,Ing. Manuel Barrios,37 x 28 cm,1: 500 000,,Comisiona de Límites,https://mapoteca.siap.gob.mx/,"Mapoteca Manuel Orozco y Berra, Servicio de Información Agroalimentaria y Pesquera, (sagarpa). Colección General.",,
Plano de la Línea Divisoria entre Michoacán y Jalisco,Mapa Separado,1897,"Jalisco, Michoacán de Ocampo",https://iieg.jalisco.gob.mx/acervo/portal/mapas/130_1897_iieg,,Ing. Manuel Barrios,desconocido,1: 250 000,"Explicación. Línea que Reconocía Michoacán, (color Rojo); Línea que Reconocía Jalisco, (color Verde); Línea que Reconocía Uno y Otro Estado, (línea Punteada); Línea Marcada en el Convenio y Aprobada por el Congreso de la Unión, (color Negro)",Lit. Escuela Porfirio Díaz-morelia,,Universidad Autónoma de Nuevo León. Dirección General de Bibliotecas,"Reproducción Arreglada en la Secretaría del Gobierno de Michoacán y Tomada de los Planos Originales Formados por el Sr. Ingeniero Manuel Barrios, Morelia, Noviembre de 1897",
Map Of The Mexican Central Railway,Mapa Separado,1898,República Mexicana. Tema: Ferrocarril,https://iieg.jalisco.gob.mx/acervo/portal/mapas/131_1898_iieg,,Poole Brothers,,1: 3  800 000,"Placa Interior de la Portada, Frederick Starr. J.w. Spenceley-boston, 1905. Copyright, Frederick Starr, 1905.","Poole Bros. Ubicación del Editor, Chicago",https://www.davidrumsey.com/home,Colección de Mapas Históricos de David Rumsey. La Colección de Mapas Físicos Se Encuentra en el Centro de Mapas David Rumsey de la Biblioteca de la Universidad de Stanford.,,
Mapa del Estado de Jalisco,Mapa Separado,1898,Jalisco,https://iieg.jalisco.gob.mx/acervo/portal/mapas/132_1898_iieg,,"Agustín V. Pascal, al Sr. Gral. D. Luis C. Curiel, Gobernador del Estado de Jalisco",85 x 69 cm,1: 800 000,"Etiquetado con el Nombre de la Cabecera de los 11 Cantones en que Estaba Dividido el Estado de Jalisco: 1°. Guadalajara; 2°. Lagos; 3°. Barca; 4°. Sayula; 5°. Ameca; 6°. Autlán; 8°. Colotlán; 9°. Ciudad Guzmán; 10°. Mascota; 11°. Teocaltiche, y 12°. Ahualulco. Nota: La Parte Señalada con Color Sepia Pertenece a Jalisco, pero el Territorio de Tepic Está en Posesión de Ella.","Tipo-lit, de J.m. Yguíniz. Ubicación de la Editorial, Guadalajara.",https://mapoteca.siap.gob.mx/,"Mapoteca Manuel Orozco y Berra, Servicio de Información Agroalimentaria y Pesquera, (sagarpa). Colección General.",,
Estado de Jalisco Carta 11,Atlas Mapa,1899,Jalisco,https://iieg.jalisco.gob.mx/acervo/portal/mapas/133_1899_iieg,,"García Cubas Antonio, 1832-1913",28 x 15 cm,1: 3 800 000,"Mapa de Colores. Muestra Divisiones Administrativas, Asentamientos, Haciendas, Puertos, Ferrocarriles, Etc. Incluye Texto. Primer Meridiano.","Eduardo Murguía. Ubicación de la Editorial, México.",https://www.davidrumsey.com/home,Colección de Mapas Históricos de David Rumsey. La Colección de Mapas Físicos Se Encuentra en el Centro de Mapas David Rumsey de la Biblioteca de la Universidad de Stanford.,Atlas Metódico para la Enseñanza de la Geografía de la República Mexicana por el Ingeniero Antonio Gracia Cubas.,
Territorio de Tepic,Atlas Mapa,1899,"Tepic, Nayarit",https://iieg.jalisco.gob.mx/acervo/portal/mapas/134_1899_iieg,,"García Cubas Antonio, 1832-1914",28 x 15 cm,1: 780 000,"Mapa de Colores. Relieve Mostrado por Hachures. Muestra Divisiones Administrativas, Asentamientos, Haciendas, Ranchos, Minas, Etc. Incluye Texto. Primer Meridiano: Ciudad de México.","Eduardo Murguía. Ubicación de la Editorial, México.",https://www.davidrumsey.com/home,Colección de Mapas Históricos de David Rumsey. La Colección de Mapas Físicos Se Encuentra en el Centro de Mapas David Rumsey de la Biblioteca de la Universidad de Stanford.,,
Carta General de la República Mexicana,Mapa de Casos,1899,República Mexicana,https://iieg.jalisco.gob.mx/acervo/portal/mapas/135_1899_iieg,,Secretaría de Fomento,115 x 173 cm,1: 2 000 000,"Mapa Litografiado sobre Hoja de 115 X 173, Montado sobre Lino. Muestra los Límites Estatales, Capitales, Ciudades, Pueblos, Ríos, Población, Carreteras y Vías Férreas. Incluye Tablas Estadísticas, Notas y Leyenda. El Primer Meridiano es México. Relieve Mostrado por Sombreado. Uno de los Mapas Generales de México Más Detallados de la Época.","Ubicación de la Editorial, México y París; Imprenta Monroco",https://www.davidrumsey.com/home,Colección de Mapas Históricos de David Rumsey. La Colección de Mapas Físicos Se Encuentra en el Centro de Mapas David Rumsey de la Biblioteca de la Universidad de Stanford.,,
Plano de las Líneas de Tranvías Establecidas en el Ciudad en 1900,Plano Separado,1900,Guadalajara,https://iieg.jalisco.gob.mx/acervo/portal/mapas/136_1900_iieg,,Ing. Salvador Collado,96 x 162 cm,1: 4 000,,,,Archivo Histórico de Jalisco. Pl. 1.3 1900 202 Inv. 28,,
Mapa del Estado de Colima,Mapa Separado,1900,Colima,https://iieg.jalisco.gob.mx/acervo/portal/mapas/137_1900_iieg,,Ing. Arturo Le Harivel,,1: 0 0000045,,,,Sistema de Información Estadística de Delimitaciones y Demarcaciones Territoriales,,
Carta General de la República Mexicana,Mapa Separado,1900,República Mexicana,https://iieg.jalisco.gob.mx/acervo/portal/mapas/138_1900_iieg,,Ministerio de Fomento,74 x 106 cm,1: 3 400 000,"Mapa Coloreado. Muestra Divisiones Administrativas, Ciudades y Pueblos, Rutas de Envío. Relieve Mostrado por Hachures. Incluye Varias Escenas Alrededor de México","Librería de la Viuda de C. Bouret. Ubicación del Editor, México",https://www.davidrumsey.com/home,Colección de Mapas Históricos de David Rumsey. La Colección de Mapas Físicos Se Encuentra en el Centro de Mapas David Rumsey de la Biblioteca de la Universidad de Stanford.,,
Carta Postal de la República Mexicana. Hoja Nos. 11 y 13. Estados de Jalisco y Colima.,Atlas Mapa,1901,"Jalisco, Colima",https://iieg.jalisco.gob.mx/acervo/portal/mapas/139_1901_iieg,,"Dirección General de Correos, Sección de Transportes",81 x 70 cm,1: 1 000 000,"Contiene Recuadro con Número de Ruta, Puntos Extremos, Distancias en Kilómetros, Número de Viajes al Año, Medio de Conducción, Tiempo de Recorrer la Línea y Kilómetros Recorridos al Año.","George F. Cram. Grabador y Editor, Chicago. Iii., Usa",,"Archivo Histórico de Jalisco, Mp 1 1901 76",,
Map Of The United States Of México,Atlas Mapa,1901,República Mexicana,https://iieg.jalisco.gob.mx/acervo/portal/mapas/140_1901_iieg,,Cram George Franklin,44 x 72 cm,1: 5 385 600,Las Ubicaciones de las Ciudades Bancarias Se Muestran con Círculos Rojos. Los Ferrocarriles Se Indican con Números y Cada Ferrocarril Tiene el Mismo Número en Todos los Estados por los que Pasa. Todos los Ferrocarriles de Cada Mapa Están en una Lista Codificada en el Mapa. El Borde del Mapa Tiene una Tabla de Contenido para el Atlas. Relieve Mostrado por Hachures. Primeros Meridianos Washington D.c. Y Greenwich.,"George F. Cram. Ubicación del Editor, Chicago",https://www.davidrumsey.com/home,Colección de Mapas Históricos de David Rumsey. La Colección de Mapas Físicos Se Encuentra en el Centro de Mapas David Rumsey de la Biblioteca de la Universidad de Stanford.,,
Carta Postal de la República Mexicana. Hoja Nos. 11 y 13. Estados de Jalisco y Colima,Atlas Mapa,1904,"Jalisco, Colima",https://iieg.jalisco.gob.mx/acervo/portal/mapas/141_1904_iieg,,"Dirección General de Correos, Sección de Transportes",76 x 65 cm,1: 1 000 000,"Todos los Mapas a Todo Color y Plegados. Falta el Mapa No. 2 - Chihuahua. Los Mapas Muestran las Rutas Postales por Tipo: A Pie, a Caballo, en Automóvil, Ferroviario, Fluvial y Marítimo.","George F. Cram. Ubicación del Editor, Chicago",https://www.davidrumsey.com/home,"Colección de Mapas Históricos de David Rumsey. La Colección de Mapas Físicos Se Encuentra en el Centro de Mapas David Rumsey de la Biblioteca de la Universidad de Stanford. Archivo Histórico de Jalisco, Mp.1-1901-76.",,
Jalisco,Mapa Separado,1904,Jalisco,https://iieg.jalisco.gob.mx/acervo/portal/mapas/142_1904_iieg,,Ing. Santiago Scanlan,92 x 101 cm,1: 500 000,Papel Marca Manuscrito. Construido con Datos del Archivo por el Ing. Santiago Scanlan. Nota: Fecha Estimada.,,https://mapoteca.siap.gob.mx/,"Mapoteca Manuel Orozco y Berra, Servicio de Información Agroalimentaria y Pesquera, (sagarpa). Colección General.",,
Mapa del Estado de Jalisco,Atlas Mapa,1906,Jalisco,https://iieg.jalisco.gob.mx/acervo/portal/mapas/143_1906_iieg,,"Agustín V. Pascal, al Sr. Gral. D. Luis C. Curiel, Gobernador del Estado de Jalisco",74 x 60 cm,1: 800 000,"Etiquetado con el Nombre de la Cabecera de los 11 Cantones en que Estaba Dividido el Estado de Jalisco: 1°. Guadalajara; 2°. Lagos; 3°. Barca; 4°. Sayula; 5°. Ameca; 6°. Autlán; 8°. Colotlán; 9°. Ciudad Guzmán; 10°. Mascota; 11°. Teocaltiche, y 12°. Ahualulco.","Tipo-lit, de J.m. Yguíniz. Ubicación de la Editorial, Guadalajara.",,"Archivo Histórico de Jalisco, Mp 4.2.1 1906 72.","Nota: La Parte Señalada con Color Sepia Pertenece a Jalisco, pero el Territorio de Tepic Está en Posesión de Ella.",
Mapa del Estado de Jalisco. Edición Especial para las Escuelas Oficiales,Mapa Separado,1906,Jalisco,https://iieg.jalisco.gob.mx/acervo/portal/mapas/144_1906_iieg,,Anónimo. Dibujó I. Mendoza.,90 x 68 cm,,Papel Tela Color. El Mapa Tiene Insertado dos Imágenes una de la Plaza de la Constitución y una Vista Panorámica de Guadalajara.,"Lit. Loreto Ancira Hnos, Sucursal Guadalajara",,"Archivo Histórico de Jalisco, Mp 4.2.2 1906 10",Nota- la Parte del 12° Cantón Señaladas Así: Las Está Proyectando Tepic pero Pertenecen a Jalisco,
"Plano del Perímetro de los Terrenos que Formaran la Comisaría de el Arenal, de la Municipalidad de Amatitán",Mapa Separado,1906,"Amatitán, el Arenal",https://iieg.jalisco.gob.mx/acervo/portal/mapas/145_1906_iieg,,Ing. Regino Guzmán,73 x 67 cm,1: 20 000,,,,Archivo Histórico de Jalisco. Pl. 4.2.6 1906 551 Inv Pl 111 (139),,
Alumbrado Marítimo de la Costa Estados Unidos Mexicanos,Mapa Gráfico,1907,Estados Unidos Mexicanos,https://iieg.jalisco.gob.mx/acervo/portal/mapas/146_1907_iieg,,Dirección General de Faros. Secretaria de Comunicaciones y Obras Publicas,50 x 71 cm,1: 4 700 000,"Mapa Coloreado de Iluminación Marítima de Costas y Puertos de México. Relieve Mostrado por Hachures. El Primer Meridiano es Greenwich. Mostrando Ferrocarriles, Ríos, Puertos y Detalles Costeros y Faros.","Lit. Del Telégrafo Federal de México. Ubicación del Editor, México",https://www.davidrumsey.com/home,Colección de Mapas Históricos de David Rumsey. La Colección de Mapas Físicos Se Encuentra en el Centro de Mapas David Rumsey de la Biblioteca de la Universidad de Stanford.,"8 Mapas Litografiados a Color Plegados, con 57 Páginas de Texto, Esquemas, Tablas y Vistas, Encuadernados en Media Cubierta de Piel Jaspeada de 23 X 16, con Título en el Lomo ""iluminación y Abalizamiento"". Los Mapas y el Texto Muestran el Estado de los Faros y los Estándares en las Costas de México al 30 de Junio de 1907",
Mapa del Estado de Jalisco,Atlas Mapa,1907,Jalisco,https://iieg.jalisco.gob.mx/acervo/portal/mapas/147_1907_iieg,,"Agustín V. Pascal, al Sr. Gral. D. Luis C. Curiel, Gobernador del Estado de Jalisco",82 x 61 cm,1: 800 000,"Etiquetado con el Nombre de la Cabecera de los 11 Cantones en que Estaba Dividido el Estado de Jalisco: 1°. Guadalajara; 2°. Lagos; 3°. Barca; 4°. Sayula; 5°. Ameca; 6°. Autlán; 8°. Colotlán; 9°. Ciudad Guzmán; 10°. Mascota; 11°. Teocaltiche, y 12°. Ahualulco.","Tipo-lit, de J.m. Yguíniz. Ubicación de la Editorial, Guadalajara",,"Archivo Histórico de Estado de Jalisco, Mp 4.2.1 1907 195.","Nota. La Parte Señalada con Color Sepia Pertenece Á Jalisco; Pero el Territorio de Tepic, Está en Posesión de Ella.",
Lindero Jalisco - Zacatecas. Municipalidad de Monte Escobedo,Mapa Separado,1907,"Huejúcar, Colotlán, Totatiche, Villa Guerrero, Chimaltitán y Mezquitic de Jalisco: Monte Escobedo de Zacatecas",https://iieg.jalisco.gob.mx/acervo/portal/mapas/148_1907_iieg,,Cornelio Mendoza. L. Muñoz,95 x 61 cm,1: 100 000,,,,Archivo Histórico de Jalisco. Pl. 4.3 1907 227 Inv Pl 126 (157),,
Lindero Jalisco - Zacatecas,Mapa Separado,1907,"Aguascalientes; Guanajuato; Ojuelos de Jalisco, de Jalisco y Pinos de Zacatecas",https://iieg.jalisco.gob.mx/acervo/portal/mapas/149_1907_iieg,,Fernando L Muñoz,79 x 69 cm,1: 100 000,,,,Archivo Histórico de Jalisco. Pl. 4.3 1907 316 Inv Pl 127 (158),,
Lindero Jalisco - Zacatecas,Mapa Separado,1907,"Huejúcar de Jalisco; Tepetongo, Villanueva y el Plateado de Zacatecas",https://iieg.jalisco.gob.mx/acervo/portal/mapas/150_1907_iieg,,Fernando L Muñoz,95 x 50 cm,1: 100 000,,,,Archivo Histórico de Jalisco. Pl. 4.3 1907 348 Inv Pl 128 (160),,
Lindero Jalisco - Zacatecas,Mapa Separado,1908,"Huejúcar de Jalisco; Tepetongo, Villanueva y el Plateado de Zacatecas",https://iieg.jalisco.gob.mx/acervo/portal/mapas/151_1908_iieg,,Cornelio Mendoza,95 x 55 cm,1: 100 000,,,,Archivo Histórico de Jalisco. Pl. 4.3 1908 240 Inv Pl 129 (159),,
Lindero Jalisco - Zacatecas,Mapa Separado,1908,Colotlán y Totatiche de Jalisco; Tlaltenango de Zacatecas,https://iieg.jalisco.gob.mx/acervo/portal/mapas/152_1908_iieg,,Cornelio Mendoza,65 x 50 cm,1:30 000,,"Un Sello que Dice ""estado de Zacatecas, Jefatura Política del Partido de Tlaltenango""",,Archivo Histórico de Jalisco. Pl. 4.3 1908 335 Inv Pl 130 (161),,
Lindero Jalisco - Zacatecas,Mapa Separado,1908,"Ojuelos de Jalisco, de Jalisco; Pinos de Zacatecas",https://iieg.jalisco.gob.mx/acervo/portal/mapas/153_1908_iieg,,Desconocido,56 x 47 cm,,"Plano de los Ejidos, Jaula de Abajo, la Trinidad y el Sitio del Municipio de Pinos, Zacatecas",,,Archivo Histórico de Jalisco. Pl. 4.3 1932 492 Inv Pl 504,,
Mapa del Estado de Jalisco,Atlas Mapa,1908,Jalisco,https://iieg.jalisco.gob.mx/acervo/portal/mapas/154_1908_iieg,,"Agustín V. Pascal, al Sr. Gral. D. Luis C. Curiel, Gobernador del Estado de Jalisco",73 x 58 cm,1: 800 000,"Etiquetado con el Nombre de la Cabecera de los 11 Cantones en que Estaba Dividido el Estado de Jalisco: 1°. Guadalajara; 2°. Lagos; 3°. Barca; 4°. Sayula; 5°. Ameca; 6°. Autlán; 8°. Colotlán; 9°. Ciudad Guzmán; 10°. Mascota; 11°. Teocaltiche, y 12°. Ahualulco.",,,"Archivo Histórico de Jalisco, Mp 4.2.1 1908 2","Nota. La Parte Señalada con Color Sepia Pertenece Á Jalisco; Pero el Territorio de Tepic, Está en Posesión de Ella.",
"Carta Postal de la República Mexicana. Estados de Zacatecas, Jalisco, Aguascalientes, Colima y Guanajuato",Atlas Mapa,1908,"Zacatecas, Jalisco, Aguascalientes, Colima, Guanajuato",https://iieg.jalisco.gob.mx/acervo/portal/mapas/155_1908_iieg,,Dirección General de Correos. Sección de Transportes,75 x 65 cm,1: 1 000 000,"Muestra las Rutas Postales Principales, Incluidas las Rutas Diferenciadas a Pie, a Caballo, en Automóvil, Ferroviario, Fluvial y Marítimo.","Ubicación del Editor, México",https://www.davidrumsey.com/home,Colección de Mapas Históricos de David Rumsey. La Colección de Mapas Físicos Se Encuentra en el Centro de Mapas David Rumsey de la Biblioteca de la Universidad de Stanford.,,
Plano de la Hacienda de Atequiza,Mapa de Casos,1908,"Hacienda de Atequiza, la Calera, la Capilla y la Huerta; Ixtlahuacán de los Membrillos; Pueblo de Atotonilquillo de Chapala",https://iieg.jalisco.gob.mx/acervo/portal/mapas/156_1908_iieg,,Miguel Macedo y Arlen,71 x 89 cm,1: 40 000,Papel Marca Manuscrito,,https://mapoteca.siap.gob.mx/,"Mapoteca Manuel Orozco y Berra, Servicio de Información Agroalimentaria y Pesquera, (sagarpa). Colección General","Nota. El Terreno Comprendido Dentro el Perímetro Marcado en el Plano con Tinta Amarilla, Corresponde a la Compañía Bancaria. El Terreno Comprendido Dentro del Perímetro Marcado en el Plano con Tinta Carmín Corresponde al Señor Navarro.",
Límite Internacional - Carta de la República Mexicana a la 100 000a,Mapa Separado,1909,Límite Internacional Estados Unidos Mexicanos - Estados Unidos de América,https://iieg.jalisco.gob.mx/acervo/portal/mapas/157_1909_iieg,,Comisión Geográfica de Guerra y Fomento,,1: 100 000,Meridiano Principal de México (torre E. Catedral),Taller Zincográfico de la Comisión Geográfica Exploradora,,"Archivo Histórico de Jalisco, 6 Mp 9.3 1904-1905 129",,
"8° Cantón, Colotlán, Jalisco",Mapa Separado,1909,"Colotlán, Santa María de los Ángeles, Huejúcar, Totatiche, Bolaños, Chimaltitán, San Martín de Bolaños Mezquitic y Huejuquilla el Alto de Jalisco; Huajimic del Territorio de Tepic; Canoas de Durango; Valparaíso, Monte Escobedo, Tepetongo, Tlaltenango, Atolinga, Tepechitlán y San Juan del Teul de Zacatecas",https://iieg.jalisco.gob.mx/acervo/portal/mapas/158_1909_iieg,,"Aurelio De... Al Digno Gobernador del Estado, Coronel Miguel Ahumada",70 x 50 cm,1: 500 000,,,,"Archivo Histórico de Jalisco, Mp 4.2.2 1909 77",,
México,Atlas Mapa,1912,"República Mexicana, Guatemala, y Región Golfo de México",https://iieg.jalisco.gob.mx/acervo/portal/mapas/159_1912_iieg,,"Johnston, W. & A.k.",48 x 60 cm,1: 5 480 640,Países y Estados Delineados en Color. Relieve Mostrado por Hachures. Tres Escalas.,"W. Y A.k. Johnston. Ubicación del Editor, Edimburgo",https://www.davidrumsey.com/home,Colección de Mapas Históricos de David Rumsey. La Colección de Mapas Físicos Se Encuentra en el Centro de Mapas David Rumsey de la Biblioteca de la Universidad de Stanford.,,
México,Atlas Mapa,1912,República Mexicana,https://iieg.jalisco.gob.mx/acervo/portal/mapas/160_1912_iieg,,Rand Mcnally And Company. Schlitz Brewing Company.,35 x 54 cm,1: 6 200 000,"Lista de Localidades Mexicanas Codificadas con la Ubicación del Mapa. La Sobreimpresión en Rojo Muestra la Distribución de las Flotas Estadounidenses y Mexicanas, la Ubicación de los Territorios de los Líderes Rebeldes Mexicanos y los Fuertes. Recuadro del Estado de México.","Rand Mcnally And Company. Ubicación del Editor, Chicago.",https://www.davidrumsey.com/home,Colección de Mapas Históricos de David Rumsey. La Colección de Mapas Físicos Se Encuentra en el Centro de Mapas David Rumsey de la Biblioteca de la Universidad de Stanford.,"Presenta el Lado Estadounidense del Conflicto. Los Mapas Son Mapas Estándar de Rand Mcnally del Periodo, Excepto el Mapa que Se Ha Sobreimpreso en Rojo para Mostrar la Situación de la Guerra, Mostrando Dramáticamente las Flotas y los Fuertes. Impreso a Todo Color.",
Mapa del Estado de Jalisco y del Estado de Colima,Mapa Separado,1913,"Jalisco, Colima",https://iieg.jalisco.gob.mx/acervo/portal/mapas/161_1913_iieg,,Agustín V. Pascal,68 x 68 cm,1: 800 000.,"Color, Coordenadas al Grado desde el Meridiano de México. Etiquetado con el Nombre de la Cabecera de los 11 Cantones en que Estaba Dividido el Estado de Jalisco: 1°. Guadalajara; 2°. Lagos; 3°. Barca; 4°. Sayula; 5°. Ameca; 6°. Autlán; 8°. Colotlán; 9°. Ciudad Guzmán; 10°. Mascota; 11°. Teocaltiche, y 12°. Ahualulco.",,,"Archivo Histórico de Jalisco, Mp 4.2.1 1913 3","Nota. La Parte Señalada con Color Sepia Pertenece Á Jalisco; Pero el Territorio de Tepic, Está en Posesión de Ella.",
Puerto de las Peñas,Plano Separado,1913,Puerto Vallarta,https://iieg.jalisco.gob.mx/acervo/portal/mapas/162_1913_iieg,,Ricardo Gárate,65 x 45 cm,,,,,Archivo Histórico de Jalisco. Pl. 2.1 1913 222 Inv. 66,,
Croquis de la Comisaría de Belén del Refugio,Mapa Separado,1913,Teocaltiche,https://iieg.jalisco.gob.mx/acervo/portal/mapas/163_1913_iieg,,Ciudadanos de la Comisaría Municipal,,1: 100,"Forma Parte del Decreto 1610, que Erige en Comisaría Política y Judicial la Congregación de Belén del Refugio de la Municipalidad de Teocaltiche. Publicado el 25 de Junio de 1913 en el Periódico Oficial el Estado de Jalisco.",,https://congresoweb.congresojal.gob.mx/Servicios/sistemas/SIP/FBuscar.cfm,Biblioteca Virtual del Congreso del Estado de Jalisco,,
Jalisco,Atlas Mapa,1920,Jalisco,https://iieg.jalisco.gob.mx/acervo/portal/mapas/164_1920_iieg,,Dirección de Estudios Geográficos y Climatológicos,52 x 60 cm,1: 1 000 000,,"Dirección de Estudios Geográficos y Climatológicos. Ubicación del Editor, México",https://mapoteca.siap.gob.mx/,"Mapoteca Manuel Orozco y Berra, Servicio de Información Agroalimentaria y Pesquera, (sagarpa). Colección General. Archivo Histórico de Jalisco Mp 3.4 1922-105.",": Secretaría de Agricultura y Fomento, el Secretario Ing. Pastor Rouaix. Dirección de Estudios Geográficos y Climatológicos. Director: Ing. Pedro C. Sánchez.",
No. 14. Jalisco,Atlas Mapa,1922,Jalisco,https://iieg.jalisco.gob.mx/acervo/portal/mapas/165_1922_iieg,,Dirección de Estudios Geográficos y Climatológicos,48 x 50 cm,1: 1 000 000,"Treinta y dos Mapas Numerados, la Mayoría Seguidos de un Mapa en Relieve y un Mapa Geológico. A Todo Color. Algunos Mapas, 2ª Edición. Los Mapas También Se Publicaron por Separado. La Portada: La Página de Título Muestra una Vista a Todo Color de la Costa Suroeste de América del Norte, con una Ilustración Maya Decorativa en el Fondo y un Mapa de Dibujo de un Indio Maya. Sección de Cartografía: Jefe: Ing. Sotero Prieto. Jefe Ing. Luciano López Sorcini. Zincografos: Antonio Hernández, Et Al. Sección de Cálculos: Jefe. En G. Ricardo Toscano.","Dirección de Estudio Geográficos y Climatológicos. Ubicación del Editor, México",https://www.davidrumsey.com/home ; https://mapoteca.siap.gob.mx/,"Colección de Mapas Históricos de David Rumsey. La Colección de Mapas Físicos Se Encuentra en el Centro de Mapas David Rumsey de la Biblioteca de la Universidad de Stanford. Archivo Histórico de Jalisco, Mp 3.4 1922 105",,
No. 14a: Mapa en Relieve de Jalisco,Atlas Mapa,1922,Jalisco,https://iieg.jalisco.gob.mx/acervo/portal/mapas/166_1922_iieg,,Dirección de Estudios Geográficos y Climatológicos,51 x 55 cm,,"Treinta y dos Mapas Numerados, la Mayoría Seguidos de un Mapa en Relieve y un Mapa Geológico. A Todo Color. Algunos Mapas, 2ª Edición. Los Mapas También Se Publicaron por Separado. La Portada: La Página de Título Muestra una Vista a Todo Color de la Costa Suroeste de América del Norte, con una Ilustración Maya Decorativa en el Fondo y un Mapa de Dibujo de un Indio Maya. Sección de Cartografía: Jefe: Ing. Sotero Prieto. Jefe Ing. Luciano López Sorcini. Zincografos: Antonio Hernández, Et Al. Sección de Cálculos: Jefe. En G. Ricardo Toscano.","Dirección de Estudio Geográficos y Climatológicos. Ubicación del Editor, México",https://www.davidrumsey.com/home ; https://mapoteca.siap.gob.mx/,"Colección de Mapas Históricos de David Rumsey. La Colección de Mapas Físicos Se Encuentra en el Centro de Mapas David Rumsey de la Biblioteca de la Universidad de Stanford. Mapoteca Manuel Orozco y Berra, Servicio de Información Agroalimentaria y Pesquera, (sagarpa). Colección General.",,
No. 1: República Mexicana,Atlas Mapa,1922,República Mexicana,https://iieg.jalisco.gob.mx/acervo/portal/mapas/167_1922_iieg,,Dirección de Estudios Geográficos y Climatológicos,43 x 54 cm,1: 6 500 000,"Treinta y dos Mapas Numerados, la Mayoría Seguidos de un Mapa en Relieve y un Mapa Geológico. A Todo Color. Algunos Mapas, 2ª Edición. Los Mapas También Se Publicaron por Separado. La Portada: La Página de Título Muestra una Vista a Todo Color de la Costa Suroeste de América del Norte, con una Ilustración Maya Decorativa en el Fondo y un Mapa de Dibujo de un Indio Maya. Sección de Cartografía: Jefe: Ing. Sotero Prieto. Jefe Ing. Luciano López Sorcini. Zincografos: Antonio Hernández, Et Al. Sección de Cálculos: Jefe. En G. Ricardo Toscano.","Dirección de Estudio Geográficos y Climatológicos. Ubicación del Editor, México",https://www.davidrumsey.com/home,Colección de Mapas Históricos de David Rumsey. La Colección de Mapas Físicos Se Encuentra en el Centro de Mapas David Rumsey de la Biblioteca de la Universidad de Stanford.,,
101. Mexiko,Atlas Mapa,1925,República Mexicana,https://iieg.jalisco.gob.mx/acervo/portal/mapas/168_1925_iieg,,Haack H. Stieler Adolf,39 x 42 cm,1: 7 500 000,"Juego de dos Volúmenes en Inglés. X Edición y Centenario. Esta Edición Fue una Revisión Muy Importante y Se Publicó en Alemán, Francés, Inglés, Español E Italiano. Cada Mapa Está Precedido por un Mapa Índice, Impreso en Azul, con la Etiqueta ""stielers Handatlas, Zehnte Auflage / Hundertjahr-ausgabe. Gotha: Justus Perthes"". Relieve Mostrado en Hachures. Índice Alfabético de Nombres de Lugares No Escaneados. Más de 43 Dibujantes y Grabadores Diferentes Se Enumeran en las Distintas Hojas.","Justus Perthes. Ubicación del Editor, Gotha",https://www.davidrumsey.com/home,Colección de Mapas Históricos de David Rumsey. La Colección de Mapas Físicos Se Encuentra en el Centro de Mapas David Rumsey de la Biblioteca de la Universidad de Stanford.,,
Mapa del Estado de Jalisco,Mapa Separado,1925,Jalisco,https://iieg.jalisco.gob.mx/acervo/portal/mapas/169_1925_iieg,,Anónimo. Es Propiedad de los Profesores M. Guadalupe Torres Veliz y Tomas L. Rubalcaba.,90 x 68 cm,,Papel Común Impreso a Color.,"Ancira. Ubicación del Editor, Guadalajara Av. Alcalde 133",,"Archivo Histórico de Jalisco, Mp. 2.5 122, Inv. Mp 120",División en Distritos Electorales al Congreso de la Unión.,
Estado de Jalisco,Atlas Mapa,1926,Jalisco,https://iieg.jalisco.gob.mx/acervo/portal/mapas/170_1926_iieg,,"Secretaría de Agricultura y Fomento / Dirección de Geografía, Meteorología E Hidrología",103 x 92 cm,1: 500 000,Papel Marca Impreso a Color. Red Hidrológica del Estado de Jalisco. La Proyección de Esta Carta es Policónica de “lallemand” y Está Referida a Su Meridiano Central.,,https://mapoteca.siap.gob.mx/,"Mapoteca Manuel Orozco y Berra, Servicio de Información Agroalimentaria y Pesquera, (sagarpa). Colección General.",Refiere el Número de Habitantes por Municipio de Acuerdo al Censo de 1921. Construyo y Configuro. Ing. Santiago Scalan. Dibujo y Escribió Mariano Dueñas.,
Plano del Curso del Río Ameca,Mapa de Casos,1927,"Ahualulco de Mercado, Ameca, Guachinango, San Marcos, Mascota, San Sebastián del Oeste, Puerto Vallarta",https://iieg.jalisco.gob.mx/acervo/portal/mapas/171_1927_iieg,,Anónimo,88 x 93 cm,1: 200 000,Papel Calca Manuscrito a Color,,https://mapoteca.siap.gob.mx/,"Mapoteca Manuel Orozco y Berra, Servicio de Información Agroalimentaria y Pesquera, (sagarpa). Colección General.",,
The Sea Coastes Of América,Mapa Separado,1928,"América del Norte, República Mexicana, América Central, Cuba",https://iieg.jalisco.gob.mx/acervo/portal/mapas/172_1928_iieg,,"Godwin Harrison, 1899 - 1984",67 x 84 cm,,,"Harrison Godwin. Ubicación del Editor, San Francisco",https://www.davidrumsey.com/home,Colección de Mapas Históricos de David Rumsey. La Colección de Mapas Físicos Se Encuentra en el Centro de Mapas David Rumsey de la Biblioteca de la Universidad de Stanford.,"Mapa Pictórico de 1928 de Harrison Godwin Promocionando las Rutas de la Panamá Mail Steam Ship Company. El Mapa Cubre con Humor América del Norte desde Nueva York y San Francisco al Sur hasta Colombia, Incluida Toda América Central, México y Cuba. A Lo Largo de las Fronteras Se Destacan las Aventuras de un Viajero Ficticio E Incluyen un Viaje de dos Días en Guatemala, Ver una Pelea de Gallos, Conocer Nuevos Amigos a Bordo del Barco de Vapor, y Embarques Exóticos en el Salvador y la Habana, Etc., Numerosas Viñetas que Detallan Eventos Históricos y Actuales, Así como Anotaciones Culturales. Otras Viñetas Caricaturizadas en los Estados Unidos Siguen a Varios Viajeros y Sus Familias Mientras Se Preparan para Su Aventura Hispanoamericana. En el Centro del Mapa, un Recuadro Grande Detalla los Lujosos Alojamientos Disponibles a Bordo del Panamá Mail Steamship. En la Parte Superior Central: Llave del Borde del Mapa que Muestra Escenas del Crucero Hispanoamericano de la Compañía de Buques de Vapor.",
"Plano de la Población de ""el Grullo""",Plano Separado,1928,El Grullo,https://iieg.jalisco.gob.mx/acervo/portal/mapas/173_1928_iieg,,J. Quintero,40 x 35 cm,1: 5 000,Especifica la Superficie que Comprende Su Fundo Legal,,,Archivo Histórico de Jalisco. Pl. 4.2.6 1928 498 Inv. 508,,
Croquis del Municipio de San Julián,Mapa de Casos,1929,San Julián,https://iieg.jalisco.gob.mx/acervo/portal/mapas/174_1929_iieg,,Anónimo,59 x 48 cm,,Fecha Estimada. Papel Calca Manuscrito,,https://mapoteca.siap.gob.mx/,"Mapoteca Manuel Orozco y Berra, Servicio de Información Agroalimentaria y Pesquera, (sagarpa). Colección General.",,
Poblado de Puerta de Citala,Plano Separado,1930,Puerta de Citala de Teocuitatlán de Corona,https://iieg.jalisco.gob.mx/acervo/portal/mapas/175_1930_iieg,,Ing. Rafael González Gallardo,33 x 29 cm,1: 10 000,,,,Archivo Histórico de Jalisco. Pl. 2.3 1930 500 Inv. 510,,
Triangulación Geodésica,Plano Separado,1930,"Jalisco, Aguascalientes, Zacatecas",https://iieg.jalisco.gob.mx/acervo/portal/mapas/176_1930_iieg,,Dirección de Estudios Geográficos,98 x 53 cm,1: 750 000,,,,Archivo Histórico de Jalisco. Pl. 3 1930 607 Inv. 608,,
Pictorial Map Of México,Mapa Separado,1931,República Mexicana,https://iieg.jalisco.gob.mx/acervo/portal/mapas/177_1931_iieg,,Medina Miguel Gómez,32 x 51 cm,,,"Fischgrund Publishing Co. Ubicación de la Editorial, México D.f.",https://www.davidrumsey.com/home,Colección de Mapas Históricos de David Rumsey. La Colección de Mapas Físicos Se Encuentra en el Centro de Mapas David Rumsey de la Biblioteca de la Universidad de Stanford.,,
Plano de Puerto Vallarta,Plano Separado,1931,Puerto Vallarta,https://iieg.jalisco.gob.mx/acervo/portal/mapas/178_1931_iieg,,Escuela de Ingenieros y Artilleria del Colegio Militar,120 x 89 cm,1: 1 000,,,,Archivo Histórico de Jalisco. Pl. 2.1 1931 605 Inv. 605,,
Plano de la Ciudad de Guadalajara,Plano Separado,1935,Guadalajara,https://iieg.jalisco.gob.mx/acervo/portal/mapas/179_1935_iieg,,"Sociedad Mexicana de Geografía y Estadística, Auxiliar en Guadalajara",86 x 111 cm,1: 10 000,,"Propiedad del Autor Profesor, Epigmenio S. Preciado",,Archivo Histórico de Jalisco. Pl. 2.1 1931 41 Inv. 67,,
Mapa de los Estados Unidos Mexicanos,Mapa Separado,1938,República Mexicana,https://iieg.jalisco.gob.mx/acervo/portal/mapas/180_1938_iieg,,Hesketh R. Torres Teodoro,63 x 91 cm,,"Mapa Pictórico Color Humorístico de México. Muestra Asentamientos, Monumentos, Personas con Costumbres Locales, Animales, Actividades Recreativas, Plantas y Frutas, Etc. Incluye una Rosa de los Vientos Decorativa en la Parte Inferior Derecha. Bordeado por Ilustraciones de Viñetas del Escudo de Armas en Tres Paneles y Calendario de 1938 en el Panel Inferior. Incluye Numerosas Anotaciones en el Mapa.","J. C. Eno Ltd. American Book & Printing Co.; Ubicación de la Editorial, México.",https://www.davidrumsey.com/home,Colección de Mapas Históricos de David Rumsey. La Colección de Mapas Físicos Se Encuentra en el Centro de Mapas David Rumsey de la Biblioteca de la Universidad de Stanford.,,
Croquis Límite entre el Arenal y Tala,Mapa Separado,1938,"El Arenal, Tala, Amatitán, Zapopan",https://iieg.jalisco.gob.mx/acervo/portal/mapas/181_1938_iieg,,,,,"Forma Parte del Decreto 4421, en Donde Se Segregan del Municipio de Tala y Se Agregan al de Arenal, las Porciones de Terreno Comprendidas Dentro de los Límites que Se Expresan. Publicado el 18 de Octubre de 1938, en el Periódico Oficial el Estado de Jalisco.",,https://congresoweb.congresojal.gob.mx/Servicios/sistemas/SIP/FBuscar.cfm,Biblioteca Virtual del Congreso del Estado de Jalisco,,
Atenguillo,Mapa Separado,1938,Atenguillo,https://iieg.jalisco.gob.mx/acervo/portal/mapas/182_1938_iieg,,Ciudadanos del Nuevo Municipio,,,"Forma Parte del Decreto 4422, que Eleva a la Categoría de Municipalidad la Comisaría de Mixtlán, Ahora Dependiente del Municipio de Atenguillo. Publicado el 20 de Octubre de 1938, en el Periódico Oficial el Estado de Jalisco.",,https://congresoweb.congresojal.gob.mx/Servicios/sistemas/SIP/FBuscar.cfm,Biblioteca Virtual del Congreso del Estado de Jalisco,,
Carta General de Comunicaciones de los Estados Unidos Mexicanos,Mapa Separado,1941,República Mexicana,https://iieg.jalisco.gob.mx/acervo/portal/mapas/183_1941_iieg,,Secretaría de Comunicaciones y Obras Públicas,81 x 111 cm,1: 3 000 000,,"Oficina de Cartografía, Fotografía y Modelado",,"Archivo Histórico de Jalisco, Mp 1 1941 66",Contiene Recuadro con Esquema de las Rutas Aéreas.,
Plano de la Ciudad de Guadalajara,Plano Separado,1941,Guadalajara,https://iieg.jalisco.gob.mx/acervo/portal/mapas/184_1941_iieg,,Jesús Gómez V.,67 x 96 cm,1: 10 000,"Dividido en Sectores, Indica los Edificios y Lugares de Interes",,,Archivo Histórico de Jalisco. Pl. 2.1 1941 472 Inv. 469,Longitud de Guadalajara: 4° 14´al Oeste de México. Latitud Norte: 20° 40´45¨. Altura sobre el Nivel del Mar: 1552 Metros. Temperatura Media: 19 Grados Centígrados. Superficie Aproximada: 2900 Hectáreas. Población en 1940: 250 000 Habitantes,
Ferrocarriles Nacionales de México,Mapa Separado,1941,República Mexicana.tema: Ferrocarriles,https://iieg.jalisco.gob.mx/acervo/portal/mapas/185_1941_iieg,,Secretaría de Comunicaciones y Obras Públicas,89 x 116 cm,1: 3 000 000,"Mapa Ferroviario de México y Tabla De, Alturas sobre el Nivel del Mar de las Principales Estaciones. Muestra las Divisiones Administrativas, Ciudades, Pueblos, Estaciones y Distancias.","Oficina del Ingeniero en Jefe. Ubicación del Editor, México",,"Archivo Histórico de Jalisco, Mp 1.3 1941 79",,
Zacatecas,Mapa Separado,1942,Zacatecas,https://iieg.jalisco.gob.mx/acervo/portal/mapas/186_1942_iieg,,"Secretaría de Agricultura y Fomento. Dirección de Geografía, Meteorología E Hidrología.",58 x 46 cm,1: 1 000 000,"Color, Proyección Polifónica",Talleres de Fotozincogrfía. V. Observatorio 192. México D. F.,,"Archivo Histórico de Jalisco, Mp 2.5 1942 185",,
Plano de la Ciudad y Valle de Guadalajara,Mapa Separado,1942,Guadalajara,https://iieg.jalisco.gob.mx/acervo/portal/mapas/187_1942_iieg,,"Universidad de Guadalajara, Instituto de Geografia",,1: 10 000,"Levantado por la Dirección de Geografía, Meteorología de la Secretaría de Agricultura con la Cooperación del Instituto de Geografía de la Universidad de Guadalajara en el Año de 1942",,,Sistema de Información Estadística de Delimitaciones y Demarcaciones Territoriales,,
Guadalajara 1943,Mapa Separado,1943,Guadalajara,https://iieg.jalisco.gob.mx/acervo/portal/mapas/188_1943_iieg,,,,,Colegio de Jalisco. Benemerita Sociedad de Geografía y Estadística del Estado de Jalisco,Lic. E. Sapien,,Sistema de Información Estadística de Delimitaciones y Demarcaciones Territoriales,,
Jalisco Red de Caminos,Mapa Separado,1943,Jalisco,https://iieg.jalisco.gob.mx/acervo/portal/mapas/189_1943_iieg,,Junta Local de Caminos,55 x 60 cm,1: 1 000 000,,Dibujo Rafael Vázquez Tinoco,,"Archivo Histórico de Jalisco, Mp. 1.1 1943 49",,
Mapa del Estado de Jalisco,Mapa Separado,1944,Jalisco,https://iieg.jalisco.gob.mx/acervo/portal/mapas/190_1944_iieg,,Ing. Herrera Eulogio,93 x 69 cm,1: 500 000,"Arreglo del Profesor José Vicente Negrete, Miembro de la Sociedad Mexicana de Geografía y Estadística. Sección de Guadalajara","Carlos Moya Sucrs. Lito Mex. Esquina Morelos y Santa Monica, Guadalajara",,"Archivo Histórico de Jalisco, Mp 4.2.1 1944 70",,
Convenio de Linderos entre los Estados de Jalisco y Aguascalientes,Mapa Separado,1944,"Ojuelos de Jalisco de Jalisco; “las Negritas”, Montesa, Salitrera, Palma del Colonche, Salteadores y Manzanilla del Municipio de Asientos, Aguascalientes",https://iieg.jalisco.gob.mx/acervo/portal/mapas/191_1944_iieg,,Gobierno de Jalisco y Gobierno de Aguascalientes,,1: 50 000,,"Del Sector ""las Negritas"" Municipio de Asientos, Mojo, Montesa, Salitrera, Palma del Colonche, Salteadores y Manzanilla",,Archivo Histórico de Jalisco. Pl. 4.3 1944 478 Inv Pl 486,,
Convenio de Linderos entre los Estados de Jalisco y Aguascalientes,Mapa Separado,1944,"Ojuelos de Jalisco de Jalisco; “las Negritas”, Montesa, Salitrera, Palma del Colonche, Salteadores y Manzanilla del Municipio de Asientos, Aguascalientes",https://iieg.jalisco.gob.mx/acervo/portal/mapas/192_1944_iieg,,Gobierno de Aguascalientes,,1: 50 001,,"Del Sector ""las Negritas"" Municipio de Asientos, Mojo, Montesa, Salitrera, Palma del Colonche, Salteadores y Manzanilla",,Archivo Histórico de Jalisco. Pl. 4.3 1944 478 Inv Pl 487,,
Conflicto de Límites entre Jalisco y Nayarit,Mapa Separado,1945,"Jalisco, Nayarit",https://iieg.jalisco.gob.mx/acervo/portal/mapas/193_1945_iieg,,"Dirección General de Geografía, Meteorología E Hidrología",33 x 30 cm,,"Interpretación del Acta del 18 de Febrero de 1945 Levantada en la Ciudad de Tepic, con Motivo del Conflicto de Límites entre los Estados de Jalisco y Nayarit",,,"Archivo Histórico de Jalisco, Mp 4.3 1945 45",Representación Geográfica que Forma Parte del Acta Firmada entre los Gobernadores de Jalisco (general Marcelino García Barragán) y el Gobernador de Nayarit,
Carta General del Estado de Jalisco,Mapa Separado,1946,Jalisco,https://iieg.jalisco.gob.mx/acervo/portal/mapas/194_1946_iieg,,"Secretaría de Agricultura y Fomento. Dirección de Geografía, Meteorología E Hidrología.",69 x 94 cm,"1: 500,000",Siendo Presidente Constitucional de los Estados Unidos Mexicanos el General. Manuel Ávila Camacho y Secretario el Agricultura y Fomento el Ing. Marte R. Gómez.,,https://mapoteca.siap.gob.mx/,"Mapoteca Manuel Orozco y Berra, Servicio de Información Agroalimentaria y Pesquera, (sagarpa). Colección Jalisco.",,
Ferrocarriles Nacionales de México,Mapa Separado,1950,República Mexicana.tema: Ferrocarriles,https://iieg.jalisco.gob.mx/acervo/portal/mapas/195_1950_iieg,,Secretaría de Comunicaciones y Obras Públicas,84 x 109 cm,1: 3 000 000,"3er. Edición, Mapa Ferroviario de México, Insertada una Tabla De: Alturas sobre el Nivel del Mar de las Principales Estaciones. Mapa que Muestra las Divisiones Administrativas, Ciudades, Pueblos, Estaciones y Distancias.","Oficina del Ingeniero en Jefe. Ubicación del Editor, México",https://www.davidrumsey.com/home,Colección de Mapas Históricos de David Rumsey. La Colección de Mapas Físicos Se Encuentra en el Centro de Mapas David Rumsey de la Biblioteca de la Universidad de Stanford.,,
Mapa Preliminar del Estado de Jalisco,Mapa Separado,1950,Jalisco,https://iieg.jalisco.gob.mx/acervo/portal/mapas/196_1950_iieg,,Secretaría de Agricultura y Ganadería,117 x 103 cm,1: 500 000,Siendo Presidente Constitucional de los Estados Unidos Mexicanos el C. Lic. Miguel Alemán y Secretario el Agricultura y Ganadería el C. Nazario Ortiz Garza,Dirección General de Geografía y Estadística,,"Archivo Histórico de Jalisco, Mp 2.5 1950 78",,
Acatlán de Juárez,Plano Separado,1951,Acatlán de Juárez,https://iieg.jalisco.gob.mx/acervo/portal/mapas/197_1951_iieg,,Dirección de Promoción Económica,40 x 54 cm,1: 25 000,"Describe Censo de Caminos, Datos Geográficos, entre Otros. Contiene Expediente en el Acervo Documental con la Siguiente Clasificación Aaj Exp. 1259",,,"Archivo Histórico de Jalisco. Pl. 4.2.6 1951, 1952 y 1960-1961 518 Inv. 511",,
Acatlán de Juárez,Plano Separado,1951,Acatlán de Juárez,https://iieg.jalisco.gob.mx/acervo/portal/mapas/198_1951_iieg,,Proyectado y Dibujado por el Comité Geográfico Municipal,,1: 1 000,,,,"Archivo Histórico de Jalisco. Pl. 4.2.6 1951, 1952 y 1960-1961 518 Inv. 518",,
Carreteras de México. Highway Map,Mapa Separado,1952,República Mexicana Tema: Automovilismo,https://iieg.jalisco.gob.mx/acervo/portal/mapas/199_1952_iieg,,"Covarrubias, Miguel (1904 - 1957). Good Year Oxo",53 x 61 cm,,"Este Mapa Lo Pinto Especialmente para Goodyear-oxo el Famoso Artista, Escritor y Arqueólogo Mexicano Miguel Covarrubias. Sus Mapas Murales en México y Estados Unidos Son Reconocidas Obras de Arte. Sus Libros, Island Of Bali y México South, Lo Presentan También como Magnifico Escritor.","Galas. Ubicación de la Editorial, Ciudad de México",https://www.davidrumsey.com/home,Colección de Mapas Históricos de David Rumsey. La Colección de Mapas Físicos Se Encuentra en el Centro de Mapas David Rumsey de la Biblioteca de la Universidad de Stanford.,,
Municipio de Tlajomulco,Mapa Separado,1954,Tlajomulco de Zúñiga,https://iieg.jalisco.gob.mx/acervo/portal/mapas/200_1954_iieg,,Comisión de Planeación. Estado de Jalisco.,,1: 100 000,,Mario Medina Visto Bueno: Ing. Juan Palomar,,Sistema de Información Estadística de Delimitaciones y Demarcaciones Territoriales,,
Shell Highway Map Of México,Atlas Mapa,1956,"República Mexicana. Tema: Automóvil, Carreteras",https://iieg.jalisco.gob.mx/acervo/portal/mapas/201_1956_iieg,,Shell Oil Company,46 x 69 cm,"1: 3'385,820",Títulos y Etiquetas También en Español,"Shell Oil Company. Ubicación del Editor Chicago, San José",https://www.davidrumsey.com/home,Colección de Mapas Históricos de David Rumsey. La Colección de Mapas Físicos Se Encuentra en el Centro de Mapas David Rumsey de la Biblioteca de la Universidad de Stanford.,"Este Atlas Originalmente Estaba Destinado a Ser Utilizado por el Personal del Periódico San Francisco Examiner. Cada Mapa Se Publicó Originalmente como una Hoja de Ruta Separada Distribuida en las Estaciones de Servicio (de Llenado) de Shell. Todos los Mapas Llevan el Logotipo de Shell y una Leyenda Completa Y, a Veces, la Declaración ""actual a la Fecha de Publicación, pero Sujeto a Cambios"". Copyright y Litografía por H.m. Compañía Gousha, Chicago-san José. Relieve Representado por Sombras o Tintes Hipsométricos o Bocetos. Cada Hoja de Mapa Puede Incluir Información Útil como Gráficos de Kilometraje (distancias entre Ciudades), Límites de Velocidad, un Mapa de Carreteras Nacionales, Indicaciones de Seguridad en las Carreteras, Normas de Tráfico Estatales, Recordatorios para los Viajeros, una Lista de Mapas Shell Disponibles, Leyendas y Tarifas de Parques Nacionales. Y Temporada. Los Mapas Regionales y Nacionales Incluyen Kilómetros y Tiempos de Conducción entre Destinos. Los Mapas Estatales Incluyen un Nomenclátor con la Población y Están Codificados para la Ubicación del Mapa. Mapas Generalmente Dibujados en Proyección Policónica.",
Mapa Preliminar del Estado de Jalisco,Mapa Separado,1956,Jalisco,https://iieg.jalisco.gob.mx/acervo/portal/mapas/202_1956_iieg,,Secretaria de Agricultura y Ganderia,100 x 94 cm,1: 500 000,Siendo Presidente Constitucional de los Estados Unidos Mexicanos el C. Adolfo Ruiz Cortines y Secretario de Agricultura y Ganadería el C. Gilberto Flores Muñoz.,Dirección General de Geografía y Estadística,,"Archivo Histórico de Jalisco, Mp 2.5 1956 56",,
Plano de Guadalajara,Plano Separado,1963,Guadalajara,https://iieg.jalisco.gob.mx/acervo/portal/mapas/203_1963_iieg,,"Edicion Especial para el Centro Bancario de Guadalajara, A.c.",69 x 94 cm,,Según Datos Proporcionados por el Plano Regulador,Ing. Germán Behn,,Archivo Histórico de Jalisco. Pl. 2.1 1963 524 Inv. 563,,
Plano de Guadalajara,Plano Separado,1963,Guadalajara,https://iieg.jalisco.gob.mx/acervo/portal/mapas/204_1963_iieg,,,70 x 94 cm,1: 100 000,Según Datos Proporcionados por el Plano Regulador,Ing. Germán Behn,,Archivo Histórico de Jalisco. Pl. 2.1 1964 501 Inv. 562,,
Mapa Turístico de Carreteras,Mapa Separado,1966,República Mexicana,https://iieg.jalisco.gob.mx/acervo/portal/mapas/205_1966_iieg,,Secretaría de Obras Públicas,68 x 94 cm,,,,,"Archivo Histórico de Jalisco, Mp 1.1 1966 121",,
Plano de Guadalajara,Plano Separado,1967,Guadalajara,https://iieg.jalisco.gob.mx/acervo/portal/mapas/206_1967_iieg,,,70 x 94 cm,1: 100 000,Según Datos Proporcionados por el Plano Regulador,Ing. Germán Behn,,Archivo Histórico de Jalisco. Pl. 2.1 1967 526 Inv. 565,,
Plano de Guadalajara,Mapa Separado,1972,Guadalajara,https://iieg.jalisco.gob.mx/acervo/portal/mapas/207_1972_iieg,,"Coca Cola. Embotelladora la Favorita, S.a. Y Fanta. Guadalajara. Av. Vallarta No. 300",,1: 20 000,Datos Proporcionados por el Plano Regulador. Contiene las 8 Zonas Postales Coloreadas.,Ing. Germán Behn,,Sistema de Información Estadística de Delimitaciones y Demarcaciones Territoriales,,
Ocotlan F-13-d-77,Carta Topográfica,1973,"Ocotlán, Poncitlán, Jamay",https://iieg.jalisco.gob.mx/acervo/portal/mapas/208_1973_iieg,,Comisión de Estudios del Territorio Nacional,63 x 87 cm,1: 50 0000,"Carta Formada por Métodos Fotogramétricos, a Partir de Fotografías Aéreas Obtenida en Marzo de 1971",Secretaría de la Presidencia,,"Archivo Histórico de Jalisco, Mp 2.1 1973 93 Inv. Mp -91",,
Ocotlan F-13-d-77,Carta Geológica,1973,"Ocotlán, Poncitlán, Jamay",https://iieg.jalisco.gob.mx/acervo/portal/mapas/209_1973_iieg,,Comisión de Estudios del Territorio Nacional,63 x 87 cm,1: 50 0000,Esta Carta Fue Elaborada por el Procedimiento de Fotointerpretación y Verificación de Campo con Fotografías Aéreas Escala 1:25 000 Tomadas en Febrero de 1971,Secretaría de la Presidencia,,"Archivo Histórico de Jalisco, Mp 2.1 1973 99 Inv. Mp -97",,
La Piedad de Cabadas F-13-d-79,Carta Topográfica,1973,"Degollado. Michoacán, la Piedad de Cabadas",https://iieg.jalisco.gob.mx/acervo/portal/mapas/210_1973_iieg,,Comisión de Estudios del Territorio Nacional,63 x 87 cm,1: 50 0000,Carta Formada por Métodos Fotogramétricos a Partir de Fotografías Aéreas Obtenidas en Enero de 1971,Secretaría de la Presidencia,,Archivo Histórico de Jalisco. Mp 2.1 1973 95 Inv. Mp -93,,
Zacoalco de Torres F-13-d-85,Carta Topográfica,1973,"Zacoalco de Torres, Atoyac, Teocuitatlán de Corona",https://iieg.jalisco.gob.mx/acervo/portal/mapas/211_1973_iieg,,Comisión de Estudios del Territorio Nacional,63 x 87 cm,1: 50 0000,Carta Formada por Métodos Fotogramétricos a Partir de Fotografías Aéreas Obtenidas en Bril de 1971,Secretaría de la Presidencia,,Archivo Histórico de Jalisco. Mp 2.3 1973 90 Inv. Mp -88,,
Tizapán el Alto F-13-d-86,Carta Geológica,1973,"Tizapán el Alto, Tuxcueca, la Manzanill de la Paz",https://iieg.jalisco.gob.mx/acervo/portal/mapas/212_1973_iieg,,Comisión de Estudios del Territorio Nacional,63 x 87 cm,1: 50 0000,Esta Carta Fue Elaborada por el Procedimiento de Fotointerpretación y Verificación de Campo con Fotografías Aéreas Escala 1:25 000 Tomadas en Febrero de 1971,Secretaría de la Presidencia,,Archivo Histórico de Jalisco. Mp 2.3 1973 91 Inv. Mp -89,,
Chapala F-13-d-76,Carta Topográfica,1973,"Chapala, Ixtlahuacán de los Membrillos",https://iieg.jalisco.gob.mx/acervo/portal/mapas/213_1973_iieg,,Comisión de Estudios del Territorio Nacional,63 x 87 cm,1: 50 0000,Carta Formada por Métodos Fotogramétricos a Partir de Fotografías Aéreas Obtenidas en Marzo de 1971,Secretaría de la Presidencia,,Archivo Histórico de Jalisco. Mp 2.3 1973 92 Inv. Mp -90,,
Talpa de Allende F-13-d-71,Carta Topográfica,1973,Talpa de Allende,https://iieg.jalisco.gob.mx/acervo/portal/mapas/214_1973_iieg,,Comisión de Estudios del Territorio Nacional,63 x 87 cm,1: 50 0000,Carta Formada por Métodos Fotogramétricos a Partir de Fotografías Aéreas Obtenidas en Febrero de 1971,Secretaría de la Presidencia,,Archivo Histórico de Jalisco. Mp 2.3 1973 94 Inv. Mp -92 (26),,
La Barca F-13-d-78,Carta Geológica,1973,La Barca,https://iieg.jalisco.gob.mx/acervo/portal/mapas/215_1973_iieg,,Comisión de Estudios del Territorio Nacional,63 x 87 cm,1: 50 0000,Esta Carta Fue Elaborada por el Procedimiento de Fotointerpretación y Verificación de Campo con Fotografías Aéreas Escala 1:25 000 Tomadas en Enero de 1971,Secretaría de la Presidencia,,Archivo Histórico de Jalisco. Mp 2.3 1973 96 Inv. Mp -94,,
Ayutla F-13-d-82,Carta Topográfica,1973,"Ayutla, Cuautla",https://iieg.jalisco.gob.mx/acervo/portal/mapas/216_1973_iieg,,Comisión de Estudios del Territorio Nacional,63 x 87 cm,1: 50 0000,Carta Formada por Métodos Fotogramétricos a Partir de Fotografías Aéreas Obtenidas en Febrero de 1972,Secretaría de la Presidencia,,Archivo Histórico de Jalisco. Mp 2.3 1973 97 Inv. Mp -95,,
Atenguillo F-13-d-72,Carta Topográfica,1973,"Atenguillo, Mixtlán",https://iieg.jalisco.gob.mx/acervo/portal/mapas/217_1973_iieg,,Comisión de Estudios del Territorio Nacional,63 x 87 cm,1: 50 0000,Carta Formada por Métodos Fotogramétricos a Partir de Fotografías Aéreas Obtenidas en Febrero de 1972,Secretaría de la Presidencia,,Archivo Histórico de Jalisco. Mp 2.4 1973 84 Inv. Mp -82 (30),,
La Barca F-13-d-78,Carta Topográfica,1975,La Barca,https://iieg.jalisco.gob.mx/acervo/portal/mapas/218_1975_iieg,,Comisión de Estudios del Territorio Nacional,63 x 87 cm,1: 50 0000,Carta Formada por Métodos Fotogramétricos a Partir de Fotografías Aéreas Obtenidas en Marzo de 1971,Secretaría de la Presidencia,,Archivo Histórico de Jalisco. Mp 2.1 1973 196 Inv. Mp -193,,
San Juan de los Lagos F-13-d-49,Carta Topográfica,1976,"San Juan de los Lagos, San Julián, Unión de San Antonio",https://iieg.jalisco.gob.mx/acervo/portal/mapas/219_1976_iieg,,Comisión de Estudios del Territorio Nacional,63 x 87 cm,1: 50 0000,Carta Formada por Métodos Fotogramétricos a Partir de Fotografías Aéreas Obtenidas en Marzo de 1971,Secretaría de la Presidencia,,Archivo Histórico de Jalisco. Mp 2.1 1973 201 Inv. Mp -198,,
Teocaltiche F-13-d-38,Carta Topográfica,1976,Teocaltiche,https://iieg.jalisco.gob.mx/acervo/portal/mapas/220_1976_iieg,,Comisión de Estudios del Territorio Nacional,63 x 87 cm,1: 50 0000,Carta Formada por Métodos Fotogramétricos a Partir de Fotografías Aéreas Obtenidas en Febrero de 1972,Secretaría de la Presidencia,,Archivo Histórico de Jalisco. Mp 2.1 1973 206 Inv. Mp -204,,
Mapa de Carreteras. Estado de Jalisco,Mapa Separado,1976,Jalisco,https://iieg.jalisco.gob.mx/acervo/portal/mapas/221_1976_iieg,,Secretaría de Obras Públicas,57 x 56 cm,1: 800 000,,Dirección General de Programación. Departamento de Información Basica,,"Archivo Histórico de Jalisco, Mp 1.1 1976 174",,
Carta Geográfica de México,Mapa Separado,1977,República Mexicana,https://iieg.jalisco.gob.mx/acervo/portal/mapas/222_1977_iieg,,Asociación Nacional Automovilística (ana),89 x 119 cm,1:1 000 000 aproximada,"A Siete Colores. Carreteras Federales de Cuota y Libres, Número de la Ruta de Caminos Revestidos de Terracería y en Construcción, Brechas y Veredas. Distancias Parciales y Totales, Así como la Infraestructura Social y Productiva.",8a Edición,,Sistema de Información Estadística de Delimitaciones y Demarcaciones Territoriales,,
Tequila F-13-d-54,Carta Topográfica,1978,"Tequila, Magdalena, San Juanito de Escobedo",https://iieg.jalisco.gob.mx/acervo/portal/mapas/223_1978_iieg,,Instituto Nacional de Estadística Geografía E Informática,63 x 87 cm.,1: 50 0000,Carta Formada por Métodos Fotogramétricos a Partir de Fotografías Aéreas Obtenidas en Diciembre de 1970,Instituto Nacional de Estadística Geografía E Informática,,Archivo Histórico de Jalisco. Mp 2.1 1973 200 Inv. Mp -197,,
Estado de Jalisco,Mapa Separado,1978,Jalisco,https://iieg.jalisco.gob.mx/acervo/portal/mapas/224_1978_iieg,,Gobierno del Estado 77-83 Obras Públicas Estado de Jalisco,100 x 98 cm,1: 500 000,Plano Exclusivo para el Departamento de Obras Públicas del Estado. Reducido de Planos de Cetenal de Esc: 1: 50 000 a 1: 500 000,,,"Archivo Histórico de Jalisco, Mp 4.2 1978 80",,
Carta General del Estado de Jalisco,Mapa Separado,1979,Jalisco,https://iieg.jalisco.gob.mx/acervo/portal/mapas/225_1979_iieg,,Instituto de Geografía de la Unam y el Departamento de Programación y Desarrollo del Estado,90 x 100 cm,1: 500 000,Por Acuerdo del C. Gobernador Constitucional Lic. Flavio Romero de Velasco,Departamento de Programación y Desarrollo del Estado,,"Archivo Histórico del Estado de Jalisco, Mp 4.2.1 1979 51.","Carta Formada por el Ing. Carlos García de León G. Basada en 140 Hojas de la Carta Topográfica de la República Mexicana Escala 1:50 000 Publicada por Cetenal en 1972, Actualizada en Cuanto a Caminos, Población y Límites Estatales y Municipales con Datos Proporcionados por el Departamento de Programación y Desarrollo del Gobierno del Estado",
Límite Gobierno Huichol,Mapa Separado,1979,"Mezquitic, Huejuquilla el Alto, Bolaños, San Martín de Bolaños, Colotlán, Santa María de los Ángeles, Villa Guerrero, Chimaltitán",https://iieg.jalisco.gob.mx/acervo/portal/mapas/226_1979_iieg,,"Secretaría General de Gobierno, Subsecretaría de Gobierno para Asuntos del Interior. Procuraduría para Asuntos Indígenas",,1: 500 000,Gobierno de San Andrés Cohamiata. Gobierno de San Sebastián Teponahuastlán y Gobierno de Tuxpán de Bolaños,,,Sistema de Información Estadística de Delimitaciones y Demarcaciones Territoriales,,
Colotlán F-13-b-86,Carta Frontera Agrícola,1980,"Colotlán, Santa María de los Ángeles",https://iieg.jalisco.gob.mx/acervo/portal/mapas/227_1980_iieg,,Instituto Nacional de Estadística Geográfia E Informática,63 x 87 cm,1: 50 0000,Esta Carta Fue Elaborada Tomando como Base Su Similar de Uso de Suelo y Uso de Potencial con Fotografías Aéreas Tomadas en Enero de 1970,Instituto Nacional de Estadística Geográfia E Informática,,Archivo Histórico de Jalisco. Mp 5.4 1980 155 Inv. Mp -156,,
Carta General del Estado de Jalisco,Mapa Separado,1981,Jalisco,https://iieg.jalisco.gob.mx/acervo/portal/mapas/228_1981_iieg,,Instituto de Geografía de la Unam y el Departamento de Programación y Desarrollo del Estado,90 x 100 cm,1: 500 000,Por Acuerdo del C. Gobernador Constitucional Lic. Flavio Romero de Velasco,Departamento de Programación y Desarrollo del Estado,,"Archivo Histórico del Estado de Jalisco, Mp 4.2.1 1981 118","Aunque Consigna que la Proyección es Universal Transversa de Mercator, No Trae Coordenadas Métricas Soló Geográficas, por Lo Cual la Proyección es Cónica Conforme de Lambert. Carta Formada por los Ingenieros Adolfo Espinosa Boichot y Carlos García de León González, Basada en 140 Hojas de la Carta Topográfica de la República Mexicana Escala 1:50 000, Publicada por Cetenal en 1972, Actualizada en Cuanto a Caminos, Población y Límites Estatales y Municipales con Datos Proporcionados por el Departamento de Programación y Desarrollo del Gobierno del Estado de Jalisco",
Plano de Ordenamiento de la Zona Conurbada de Guadalajara,Plano Separado,1981,Guadalajara,https://iieg.jalisco.gob.mx/acervo/portal/mapas/229_1981_iieg,,Gobierno del Estado de Jalisco. Secretaria de Asentamientos Humanos y Obras Públicas,63 x 80 cm,1: 100 000,"Reservas, Usos y Destinos, Señala Limites, Clasificación de Áreas, Modalidades de Utilización de Suelo, Vialidad, Información Complementaria y Proyecto de Estudio",,,Archivo Histórico de Jalisco. Pl. 2.1 1981 128 Inv. 9,,
Lenguas Indigenas en Jalisco,Mapa Separado,1983,Jalisco,https://iieg.jalisco.gob.mx/acervo/portal/mapas/230_1983_iieg,,José Ramírez Flores,,,,,,Archivo Histórico de Jalisco. Mp.2.1 S.a 126 Inv Mp 124,,
Carta General del Estado de Jalisco,Mapa Separado,1984,Jalisco,https://iieg.jalisco.gob.mx/acervo/portal/mapas/231_1984_iieg,,Instituto de Geografía de la Unam y el Departamento de Programación y Desarrollo del Estado,90 x 100 cm,1: 500 000,"Por Acuerdo del C. Gobernador Constitucional, Lic. Enrique Álvarez del Castillo",Departamento de Programación y Desarrollo del Estado,,"Archivo Histórico del Estado de Jalisco, Mp 4.2.1 1984 138.","Aunque Consigna que la Proyección es Universal Transversa de Mercator, No Trae Coordenadas Métricas Soló Geográficas, por Lo Cual la Proyección es Cónica Conforme de Lambert Carta Formada por los Ingenieros Adolfo Espinosa Boichot y Carlos García de León González, Basada en 140 Hojas de la Carta Topográfica de la República Mexicana Escala 1:50 000, Publicada por Cetenal en 1972, Actualizada en Cuanto a Caminos, Población y Límites Estatales y Municipales con Datos Proporcionados por el Departamento de Programación y Desarrollo del Gobierno del Estado de Jalisco",
Villa Hidalgo F-13-d-28,Carta Topográfica,1985,Villa Hidalgo,https://iieg.jalisco.gob.mx/acervo/portal/mapas/232_1985_iieg,,Instituto Nacional de Estadística Geográfia E Informática,63 x 87 cm,1: 50 0000,Carta Formada por Métodos Fotogramétricos a Partir de Fotografías Aéreas Obtenidas en Febrero de 1972,Instituto Nacional de Estadística Geográfia E Informática,,Archivo Histórico de Jalisco. Mp 2.1 1973 207 Inv. Mp -205,,
Carta General del Estado de Jalisco,Mapa Separado,1988,Jalisco,https://iieg.jalisco.gob.mx/acervo/portal/mapas/233_1988_iieg,,Instituto de Geografía de la Unam y el Departamento de Programación y Desarrollo del Estado,80 x 90 cm,1: 500 000,,Departamento de Programación y Desarrollo del Estado,,"Presidencia Municipal de San Diego de Alejandría, Jalisco","Carta Formada por los Ingenieros Adolfo Espinosa Boichot y Carlos García de León González, Basada en 140 Hojas de la Carta Topográfica de la República Mexicana Escala 1:50 000, Publicada por Cetenal en 1972, Actualizada en Cuanto a Caminos, Población y Límites Estatales y Municipales con Datos Proporcionados por el Departamento de Programación y Desarrollo del Gobierno del Estado de Jalisco",
La Barca F13d78,Carta Topográfica,1990,La Barca. Michoacán,https://iieg.jalisco.gob.mx/acervo/portal/mapas/234_1900_iieg,,Instituto Nacional de Estadística Geográfia E Informática,63 x 87 cm,1: 50 0000,,Instituto Nacional de Estadística Geográfia E Informática,,Archivo Histórico de Jalisco. Mp 2.1 1990 195 Inv. Mp -192,,
Tototlan F13d67,Carta Topográfica,1990,Tototlán,https://iieg.jalisco.gob.mx/acervo/portal/mapas/235_1990_iieg,,Instituto Nacional de Estadística Geográfia E Informática,63 x 87 cm,1: 50 0000,,Instituto Nacional de Estadística Geográfia E Informática,,Archivo Histórico de Jalisco. Mp 2.1 1990 198 Inv. Mp -195,,
Guadalajara F13-12,Carta Uso de Suelo y Vegetación,1992,Guadalajara,https://iieg.jalisco.gob.mx/acervo/portal/mapas/236_1992_iieg,,Instituto Nacional de Estadística Geográfia E Informática,69 x 96 cm,1: 250 0000,,Instituto Nacional de Estadística Geográfia E Informática,,Archivo Histórico de Jalisco. Mp 2.1 1992 142 Inv. Mp -145,,
Puerto Vallarta F13-11,Carta Uso de Suelo y Vegetación,1992,Puerto Vallarta,https://iieg.jalisco.gob.mx/acervo/portal/mapas/237_1992_iieg,,Instituto Nacional de Estadística Geográfia E Informática,69 x 96 cm,1: 250 0000,,Instituto Nacional de Estadística Geográfia E Informática,,Archivo Histórico de Jalisco. Mp 2.1 1992 186 Inv. Mp -143,,
Tepatitlán de Morelos F13d57,Carta Topográfica,1992,"Tepatitlán de Morelos, Acatic",https://iieg.jalisco.gob.mx/acervo/portal/mapas/238_1992_iieg,,Instituto Nacional de Estadística Geográfia E Informática,63 x 87 cm,1: 50 0000,,Instituto Nacional de Estadística Geográfia E Informática,,Archivo Histórico de Jalisco. Mp 2.1 1992 199 Inv. Mp -196,,
Jalostotitlán F13d48,Carta Topográfica,1992,"Jalostotitlán, San Miguel el Alto, Valle de Guadalupe, San Juan de los Lagos",https://iieg.jalisco.gob.mx/acervo/portal/mapas/239_1992_iieg,,Instituto Nacional de Estadística Geográfia E Informática,63 x 87 cm,1: 50 0000,,Instituto Nacional de Estadística Geográfia E Informática,,Archivo Histórico de Jalisco. Mp 2.1 1992 204 Inv. Mp -202,,
Ciudad Guzmán E13b25,Carta Topográfica,1992,"Ciudad Guzmán, Zapotiltic, Tuxpán",https://iieg.jalisco.gob.mx/acervo/portal/mapas/240_1992_iieg,,Instituto Nacional de Estadística Geográfia E Informática,63 x 87 cm,1: 50 0000,,Instituto Nacional de Estadística Geográfia E Informática,,Archivo Histórico de Jalisco. Mp 2.1 1992 211 Inv. Mp -208,,
Puente de Camotlán F-13-d-23,Carta Topográfica,1992,Puente de Camotlán,https://iieg.jalisco.gob.mx/acervo/portal/mapas/241_1992_iieg,,Instituto Nacional de Estadística Geográfia E Informática,63 x 87 cm,1: 50 0000,Carta Formada por Métodos Fotogramétricos a Partir de Fotografías Aéreas Obtenidas en Mayo de 1970,Instituto Nacional de Estadística Geográfia E Informática,,Archivo Histórico de Jalisco. Mp 2.1 1972 208 Inv. Mp -206,,
Lagos de Moreno F-14-c-31,Carta Topográfica,1992,Lagos de Moreno,https://iieg.jalisco.gob.mx/acervo/portal/mapas/242_1992_iieg,,Instituto Nacional de Estadística Geográfia E Informática,63 x 87 cm,1: 50 0000,Carta Formada por Métodos Fotogramétricos a Partir de Fotografías Aéreas Obtenidas en Marzo de 1971,Instituto Nacional de Estadística Geográfia E Informática,,Archivo Histórico de Jalisco. Mp 2.1 1973 191 Inv. Mp -188,,
Yahualica de González Gallo F-13-d-47,Carta Topográfica,1992,"Yahualica de González Gallo, Cañadas de Obregón",https://iieg.jalisco.gob.mx/acervo/portal/mapas/243_1992_iieg,,Instituto Nacional de Estadística Geográfia E Informática,63 x 87 cm,1: 50 0000,Carta Formada por Métodos Fotogramétricos a Partir de Fotografías Aéreas Obtenidas en Marzo de 1972,Instituto Nacional de Estadística Geográfia E Informática,,Archivo Histórico de Jalisco. Mp 2.1 1973 205 Inv. Mp -203,,
La Piedad F13d79,Carta Topográfica,1992,"Degollado. Michoacán; Tanhuato, Yurecuaro, la Piedad",https://iieg.jalisco.gob.mx/acervo/portal/mapas/244_1992_iieg,,Instituto Nacional de Estadística Geográfia E Informática,63 x 87 cm,1: 50 0000,,Instituto Nacional de Estadística Geográfia E Informática,,Archivo Histórico de Jalisco. Mp 2.1 1983 194 Inv. Mp -191,,
Atemajac de Brizuela F-13-d-84,Carta Topográfica,1993,"Atemajac de Brizuela, Chiquilistlán, Ayotitlán",https://iieg.jalisco.gob.mx/acervo/portal/mapas/245_1993_iieg,,Instituto Nacional de Estadística Geográfia E Informática,63 x 87 cm,1: 50 0000,Carta Formada por Métodos Fotogramétricos a Partir de Fotografías Aéreas Obtenidas en Abril de 1971,Instituto Nacional de Estadística Geográfia E Informática,,Archivo Histórico de Jalisco. Mp 2.1 1973 193 Inv. Mp -190,,
México: Frontera Norte,Mapa Separado,1993,República Mexicana. Tema: Límite Internacional entre Estados Unidos y México,https://iieg.jalisco.gob.mx/acervo/portal/mapas/246_1993_iieg,,Agencia Central de Inteligencia (colaboradores) Estados Unidos.,79 x 107 cm,1: 1 000 000,Relieve Mostrado por Sombreado.,"Agencia Central de Inteligencia, 1993. Ubicación del Editor, Washington, DC",https://www.loc.gov/maps/?fa=partof:geography+and+map+division,"División de Geografía y Mapas de la Biblioteca del Congreso Washington, DC 20540-4650 Ee. Uu. Dcu",,
Puerto Vallarta F-13-c-69,Carta Topográfica,1993,Puerto Vallarta,https://iieg.jalisco.gob.mx/acervo/portal/mapas/247_1995_iieg,,Instituto Nacional de Estadística Geográfia E Informática,63 x 87 cm,1: 50 0000,Carta Formada por Métodos Fotogramétricos a Partir de Fotografías Aéreas Obtenidas en Abril de 1972,Instituto Nacional de Estadística Geográfia E Informática,,Archivo Histórico de Jalisco. Mp 2.1 1973 190 Inv. Mp -187,,
Jocotepec F-13-d-75,Carta Topográfica,1996,"Jocotepec, Tlajomulco de Zúñiga, Acatlán de Juárez, Villa Corona",https://iieg.jalisco.gob.mx/acervo/portal/mapas/248_1996_iieg,,Instituto Nacional de Estadística Geográfia E Informática,63 x 87 cm,1: 50 0000,Carta Formada por Métodos Fotogramétricos a Partir de Fotografías Aéreas Obtenidas en Abril de 1972,Instituto Nacional de Estadística Geográfia E Informática,,Archivo Histórico de Jalisco. Mp 2.1 1973 197 Inv. Mp -194,,
Municipio de Zapopan,Mapa Separado,1998,Zapopan,https://iieg.jalisco.gob.mx/acervo/portal/mapas/249_1998_iieg,,Dirección de Obras Publicas del Municipio,98 x 91 cm,,,,,Archivo Histórico de Jalisco. Mp. 4.2.6 S.a. 595 Inv Mp 588,,
Jesús María Integración Territorial y Vías de Comunicación,Mapa Separado,1999,Jesús María,https://iieg.jalisco.gob.mx/acervo/portal/mapas/250_1999_iieg,,"Gobierno del Estado, Secretaría de Promoción Económica",,,"Forma Parte del Decreto 17989, Donde Se Declara al Poblado de San Antonio de la Presa, como Localidad del Municipio de Jesús María, Jalisco. Publicado el 21 de Septiembre de 1999, en el Periódico Oficial el Estado de Jalisco.",,https://congresoweb.congresojal.gob.mx/Servicios/sistemas/SIP/FBuscar.cfm,Biblioteca Virtual del Congreso del Estado de Jalisco,,
Configuración Estatal y Municipal de Jalisco,Mapa Separado,2006,Jalisco,https://iieg.jalisco.gob.mx/acervo/portal/mapas/251_2006_iieg,,Gobierno del Estado de Jalisco. Instituto de Información Territorial del Estado de Jalisco,1: 500 000,"configuración estatal y municipal de la “carta general del estado de jalisco, 1988”. se incluye el municipio 125 de san ignacio cerro gordo.",,Instituto de Información Territorial del Estado de Jalisco,"Proyección cartográfica: Universal Transversa de Mercator, Zona 13 Norte. Datum de referencia: ITRF92 (equivalente a WGS84).",Sistema de Información Estadística de Delimitaciones y Demarcaciones Territoriales,,
Mapa. Situación Actual de la División Político-administrativa Interesttal de Jalisco,Atlas Mapa,2006,Jalisco,https://iieg.jalisco.gob.mx/acervo/portal/mapas/252_2006_iieg,,Instituto Nacional de Estadística Geografía E Informática,27 x 40 cm,1: 2 000 000,,"Inegi. Ubicación del Editor, México Isbn 970-13-4729-3",www.inegi.gob.mx atención.usuarios@inegi.gob.mx,Inegi,"En el Contexto de las Actividades Geográficas y Concretamente del Registro Nacional de Información Geográfica, el Instituto Nacional de Estadística, Geografía E Informática (inegi) Desarrolla Trabajos de Investigación Documental para Identificar los Límites Político-administrativos de las Entidades Federativas de los Estados Unidos Mexicanos. Las 32 Entidades Federativas por la Vecindad que Comparten, Presentan en Común 67 Límites Político-administrativos",
Mapa de Carreteras y Caminos en el Estado de Jalisco,"Edición de Bolsillo, 1er",2006,Jalisco,https://iieg.jalisco.gob.mx/acervo/portal/mapas/253_2006_iieg,,"Gobierno de Jalisco, Poder Ejecutivo. Instituto de Información Territorial del Estado de Jalisco. José Francisco Saldaña Hernández",70 x 90 cm,1: 650 000,"Contiene Índice de Cabeceras Municipales, Atractivos Turísticos, Áreas Naturales, Rasgos Arqueológicos, Principales Cuerpos de Agua y “tabla Calculadora” de Distancias en Kilómetros entre Cabeceras Municipales y Estados Colindantes.",Instituto de Información Territorial del Estado de Jalisco,,Sistema de Información Estadística de Delimitaciones y Demarcaciones Territoriales,"Este Producto es Parte del Atlas de Caminos y Carreteras del Estado de Jalisco en Donde los Datos Fueron Registrados Recorriendo Cada Kilómetro, Refiriendo Su Posición Geográfica por Medio del Sistema de Posicionamiento Global (gps) E Integrado a un Sistema de Información Geográfica (sig).",
"Mapa General del Estado de Jalisco, 2008",Mapa Separado,2008,Jalisco,https://iieg.jalisco.gob.mx/acervo/portal/mapas/254_2008_iieg,,"Gobierno del Estado de Jalisco. Instituto de Información Territorial del Estado de Jalisco. Patrimonio Inmobiliario del Gobierno del Estado de Jalisco, Centro Estatal de Análisis del Territorio",95 x 95 cm,1: 500 000,"Proyección Cartográfica: Universal Transversa de Mercator, Datum de Referencia Itrf92 (equivalente a Wgs84)",Instituto de Información Territorial del Estado de Jalisco,,Sistema de Información Estadística de Delimitaciones y Demarcaciones Territoriales,"Por Acuerdo del Gobernador del Estado de Jalisco, C. Emilio González Márquez, Publicado en el Periódico Oficial “el Estado de Jalisco”, el 7 de Febrero del 2009.",
Mapa de Caminos y Carreteras 2009,Mapa Separado,2009,Jalisco,https://iieg.jalisco.gob.mx/acervo/portal/mapas/255_2009_iieg,,"Gobierno de Jalisco, Poder Ejecutivo. Instituto de Información Territorial del Estado de Jalisco . José Francisco Saldaña Hernández",92 x 136 cm,1: 650 000,"Proyección Cartográfica: Universal Transversa de Mercator (utm), Zona 13 Norte, Haciendo Extensivos los Valores al este del Meridiano 102° W. Datum de Referencia: Wgs84.",Instituto de Información Territorial del Estado de Jalisco. 3er. Edición,,Sistema de Información Estadística de Delimitaciones y Demarcaciones Territoriales,"Publicación Fondeada Gracias al Fideicomiso para el Desarrollo de la Región Centro Occidente (fiderco). En Donde Se Podrán Localizar Poblaciones, Cuerpos de Agua, Plazas de Cobro y Gasolineras que Se Encontrará en Su Camino, Tal como Lo Hicieron las Brigadas que Recorrieron Cada Kilómetro para Referir Su Posición E Integrarlo al Sistema de Información Territorial del Estado de Jalisco.",
Acatic,Carta Municipal,2010,Acatic,https://iieg.jalisco.gob.mx/acervo/portal/mapas/256_2010_iieg,,Gobierno de Jalisco. Instituto de Información Territorial del Estado de Jalisco,90 x 90 cm,1: 50 000,"Referencia de Información Espacial: Proyección Cartográfica. Universal Transversa de Mercatos (utm), Zona 13 Norte. Datum de Referencia: Wgs84 (equivalente a Itrf92).",Instituto de Información Territorial del Estado de Jalisco,,Sistema de Información Estadística de Delimitaciones y Demarcaciones Territoriales,,
Acatlán de Juárez,Carta Municipal,2010,Acatlán de Juárez,https://iieg.jalisco.gob.mx/acervo/portal/mapas/257_2010_iieg,,Gobierno de Jalisco. Instituto de Información Territorial del Estado de Jalisco,90 x 90 cm,1: 30 000,"Referencia de Información Espacial: Proyección Cartográfica. Universal Transversa de Mercatos (utm), Zona 13 Norte. Datum de Referencia: Wgs84 (equivalente a Itrf92).",Instituto de Información Territorial del Estado de Jalisco,,Sistema de Información Estadística de Delimitaciones y Demarcaciones Territoriales,,
Ahualulco de Mercado,Carta Municipal,2010,Ahualulco de Mercado,https://iieg.jalisco.gob.mx/acervo/portal/mapas/258_2010_iieg,,Gobierno de Jalisco. Instituto de Información Territorial del Estado de Jalisco,90 x 90 cm,1: 30 000,"Referencia de Información Espacial: Proyección Cartográfica. Universal Transversa de Mercatos (utm), Zona 13 Norte. Datum de Referencia: Wgs84 (equivalente a Itrf92).",Instituto de Información Territorial del Estado de Jalisco,,Sistema de Información Estadística de Delimitaciones y Demarcaciones Territoriales,,
Amacueca,Carta Municipal,2010,Amacueca,https://iieg.jalisco.gob.mx/acervo/portal/mapas/259_2010_iieg,,Gobierno de Jalisco. Instituto de Información Territorial del Estado de Jalisco,90 x 90 cm,1: 30 000,"Referencia de Información Espacial: Proyección Cartográfica. Universal Transversa de Mercatos (utm), Zona 13 Norte. Datum de Referencia: Wgs84 (equivalente a Itrf92).",Instituto de Información Territorial del Estado de Jalisco,,Sistema de Información Estadística de Delimitaciones y Demarcaciones Territoriales,,
Amatitán,Carta Municipal,2010,Amatitán,https://iieg.jalisco.gob.mx/acervo/portal/mapas/260_2010_iieg,,Gobierno de Jalisco. Instituto de Información Territorial del Estado de Jalisco,90 x 90 cm,1: 40 000,"Referencia de Información Espacial: Proyección Cartográfica. Universal Transversa de Mercatos (utm), Zona 13 Norte. Datum de Referencia: Wgs84 (equivalente a Itrf92)",Instituto de Información Territorial del Estado de Jalisco,,Sistema de Información Estadística de Delimitaciones y Demarcaciones Territoriales,,
Ameca,Carta Municipal,2010,Ameca,https://iieg.jalisco.gob.mx/acervo/portal/mapas/261_2010_iieg,,Gobierno de Jalisco. Instituto de Información Territorial del Estado de Jalisco,90 x 90 cm,1: 60 000,"Referencia de Información Espacial: Proyección Cartográfica. Universal Transversa de Mercatos (utm), Zona 13 Norte. Datum de Referencia: Wgs84 (equivalente a Itrf92)",Instituto de Información Territorial del Estado de Jalisco,,Sistema de Información Estadística de Delimitaciones y Demarcaciones Territoriales,,
Arandas,Carta Municipal,2010,Arandas,https://iieg.jalisco.gob.mx/acervo/portal/mapas/262_2010_iieg,,Gobierno de Jalisco. Instituto de Información Territorial del Estado de Jalisco,90 x 90 cm,1: 65 000,"Referencia de Información Espacial: Proyección Cartográfica. Universal Transversa de Mercatos (utm), Zona 13 Norte, Haciendo Extensivos los Valores al este del Meridiano 102° W. Datum de Referencia: Itrf92 (equivalente a Wgs84)",Instituto de Información Territorial del Estado de Jalisco,,Sistema de Información Estadística de Delimitaciones y Demarcaciones Territoriales,,
Atemajac de Brizuela,Carta Municipal,2010,Atemajac de Brizuela,https://iieg.jalisco.gob.mx/acervo/portal/mapas/263_2010_iieg,,Gobierno de Jalisco. Instituto de Información Territorial del Estado de Jalisco,90 x 90 cm,1: 40 000,"Referencia de Información Espacial: Proyección Cartográfica. Universal Transversa de Mercatos (utm), Zona 13 Norte. Datum de Referencia: Wgs84 (equivalente a Itrf92)",Instituto de Información Territorial del Estado de Jalisco,,Sistema de Información Estadística de Delimitaciones y Demarcaciones Territoriales,,
Atengo,Carta Municipal,2010,Atengo,https://iieg.jalisco.gob.mx/acervo/portal/mapas/264_2010_iieg,,Gobierno de Jalisco. Instituto de Información Territorial del Estado de Jalisco,90 x 90 cm,1: 50 000,"Referencia de Información Espacial: Proyección Cartográfica. Universal Transversa de Mercatos (utm), Zona 13 Norte. Datum de Referencia: Wgs84 (equivalente a Itrf92)",Instituto de Información Territorial del Estado de Jalisco,,Sistema de Información Estadística de Delimitaciones y Demarcaciones Territoriales,,
Atenguillo,Carta Municipal,2010,Atenguillo,https://iieg.jalisco.gob.mx/acervo/portal/mapas/265_2010_iieg,,Gobierno de Jalisco. Instituto de Información Territorial del Estado de Jalisco,90 x 90 cm,1: 90 000,"Referencia de Información Espacial: Proyección Cartográfica. Universal Transversa de Mercatos (utm), Zona 13 Norte. Datum de Referencia: Wgs84 (equivalente a Itrf92)",Instituto de Información Territorial del Estado de Jalisco,,Sistema de Información Estadística de Delimitaciones y Demarcaciones Territoriales,,
Atotonilco el Alto,Carta Municipal,2010,Atotonilco el Alto,https://iieg.jalisco.gob.mx/acervo/portal/mapas/266_2010_iieg,,Gobierno de Jalisco. Instituto de Información Territorial del Estado de Jalisco,90 x 90 cm,1: 55 000,"Referencia de Información Espacial: Proyección Cartográfica. Universal Transversa de Mercatos (utm), Zona 13 Norte. Datum de Referencia: Wgs84 (equivalente a Itrf92)",Instituto de Información Territorial del Estado de Jalisco,,Sistema de Información Estadística de Delimitaciones y Demarcaciones Territoriales,,
Atoyac,Carta Municipal,2010,Atoyac,https://iieg.jalisco.gob.mx/acervo/portal/mapas/267_2010_iieg,,Gobierno de Jalisco. Instituto de Información Territorial del Estado de Jalisco,90 x 90 cm,1: 55 000,"Referencia de Información Espacial: Proyección Cartográfica. Universal Transversa de Mercatos (utm), Zona 13 Norte. Datum de Referencia: Wgs84 (equivalente a Itrf92)",Instituto de Información Territorial del Estado de Jalisco,,Sistema de Información Estadística de Delimitaciones y Demarcaciones Territoriales,,
Autlán de Navarro,Carta Municipal,2010,Autlán de Navarro,https://iieg.jalisco.gob.mx/acervo/portal/mapas/268_2010_iieg,,Gobierno de Jalisco. Instituto de Información Territorial del Estado de Jalisco,90 x 90 cm,1: 65 000,"Referencia de Información Espacial: Proyección Cartográfica. Universal Transversa de Mercatos (utm), Zona 13 Norte. Datum de Referencia: Wgs84 (equivalente a Itrf92)",Instituto de Información Territorial del Estado de Jalisco,,Sistema de Información Estadística de Delimitaciones y Demarcaciones Territoriales,,
Ayotlán,Carta Municipal,2010,Ayotlán,https://iieg.jalisco.gob.mx/acervo/portal/mapas/269_2010_iieg,,Gobierno de Jalisco. Instituto de Información Territorial del Estado de Jalisco,90 x 90 cm,1: 60 000,"Referencia de Información Espacial: Proyección Cartográfica. Universal Transversa de Mercatos (utm), Zona 13 Norte. Datum de Referencia: Wgs84 (equivalente a Itrf92)",Instituto de Información Territorial del Estado de Jalisco,,Sistema de Información Estadística de Delimitaciones y Demarcaciones Territoriales,,
Ayutla,Carta Municipal,2010,Ayutla,https://iieg.jalisco.gob.mx/acervo/portal/mapas/270_2010_iieg,,Gobierno de Jalisco. Instituto de Información Territorial del Estado de Jalisco,90 x 90 cm,1: 85 000,"Referencia de Información Espacial: Proyección Cartográfica. Universal Transversa de Mercatos (utm), Zona 13 Norte. Datum de Referencia: Wgs84 (equivalente a Itrf92)",Instituto de Información Territorial del Estado de Jalisco,,Sistema de Información Estadística de Delimitaciones y Demarcaciones Territoriales,,
Bolaños,Carta Municipal,2010,Bolaños,https://iieg.jalisco.gob.mx/acervo/portal/mapas/271_2010_iieg,,Gobierno de Jalisco. Instituto de Información Territorial del Estado de Jalisco,90 x 90 cm,1: 70 000,"Referencia de Información Espacial: Proyección Cartográfica. Universal Transversa de Mercatos (utm), Zona 13 Norte. Datum de Referencia: Wgs84 (equivalente a Itrf92)",Instituto de Información Territorial del Estado de Jalisco,,Sistema de Información Estadística de Delimitaciones y Demarcaciones Territoriales,,
Cabo Corrientes,Carta Municipal,2010,Cabo Corrientes,https://iieg.jalisco.gob.mx/acervo/portal/mapas/272_2010_iieg,,Gobierno de Jalisco. Instituto de Información Territorial del Estado de Jalisco,90 x 90 cm,1: 70 000,"Referencia de Información Espacial: Proyección Cartográfica. Universal Transversa de Mercatos (utm), Zona 13 Norte. Datum de Referencia: Wgs84 (equivalente a Itrf92)",Instituto de Información Territorial del Estado de Jalisco,,Sistema de Información Estadística de Delimitaciones y Demarcaciones Territoriales,,
Cañadas de Obregón,Carta Municipal,2010,Cañadas de Obregón,https://iieg.jalisco.gob.mx/acervo/portal/mapas/273_2010_iieg,,Gobierno de Jalisco. Instituto de Información Territorial del Estado de Jalisco,90 x 90 cm,1: 35 000,"Referencia de Información Espacial: Proyección Cartográfica. Universal Transversa de Mercatos (utm), Zona 13 Norte. Datum de Referencia: Wgs84 (equivalente a Itrf92)",Instituto de Información Territorial del Estado de Jalisco,,Sistema de Información Estadística de Delimitaciones y Demarcaciones Territoriales,,
Casimiro Castillo,Carta Municipal,2010,Casimiro Castillo,https://iieg.jalisco.gob.mx/acervo/portal/mapas/274_2010_iieg,,Gobierno de Jalisco. Instituto de Información Territorial del Estado de Jalisco,90 x 90 cm,1: 55 000,"Referencia de Información Espacial: Proyección Cartográfica. Universal Transversa de Mercatos (utm), Zona 13 Norte. Datum de Referencia: Wgs84 (equivalente a Itrf92)",Instituto de Información Territorial del Estado de Jalisco,,Sistema de Información Estadística de Delimitaciones y Demarcaciones Territoriales,,
Chapala,Carta Municipal,2010,Chapala,https://iieg.jalisco.gob.mx/acervo/portal/mapas/275_2010_iieg,,Gobierno de Jalisco. Instituto de Información Territorial del Estado de Jalisco,90 x 90 cm,1: 35 000,"Referencia de Información Espacial: Proyección Cartográfica. Universal Transversa de Mercatos (utm), Zona 13 Norte. Datum de Referencia: Wgs84 (equivalente a Itrf92)",Instituto de Información Territorial del Estado de Jalisco,,Sistema de Información Estadística de Delimitaciones y Demarcaciones Territoriales,,
Chimaltitán,Carta Municipal,2010,Chimaltitán,https://iieg.jalisco.gob.mx/acervo/portal/mapas/276_2010_iieg,,Gobierno de Jalisco. Instituto de Información Territorial del Estado de Jalisco,90 x 90 cm,1: 70 000,"Referencia de Información Espacial: Proyección Cartográfica. Universal Transversa de Mercatos (utm), Zona 13 Norte. Datum de Referencia: Wgs84 (equivalente a Itrf92)",Instituto de Información Territorial del Estado de Jalisco,,Sistema de Información Estadística de Delimitaciones y Demarcaciones Territoriales,,
Chiquilistlán,Carta Municipal,2010,Chiquilistlán,https://iieg.jalisco.gob.mx/acervo/portal/mapas/277_2010_iieg,,Gobierno de Jalisco. Instituto de Información Territorial del Estado de Jalisco,90 x 90 cm,1: 45 000,"Referencia de Información Espacial: Proyección Cartográfica. Universal Transversa de Mercatos (utm), Zona 13 Norte. Datum de Referencia: Wgs84 (equivalente a Itrf92)",Instituto de Información Territorial del Estado de Jalisco,,Sistema de Información Estadística de Delimitaciones y Demarcaciones Territoriales,,
Cihuatlán,Carta Municipal,2010,Cihuatlán,https://iieg.jalisco.gob.mx/acervo/portal/mapas/278_2010_iieg,,Gobierno de Jalisco. Instituto de Información Territorial del Estado de Jalisco,90 x 90 cm,1: 60 000,"Referencia de Información Espacial: Proyección Cartográfica. Universal Transversa de Mercatos (utm), Zona 13 Norte. Datum de Referencia: Wgs84 (equivalente a Itrf92)",Instituto de Información Territorial del Estado de Jalisco,,Sistema de Información Estadística de Delimitaciones y Demarcaciones Territoriales,,
Cocula,Carta Municipal,2010,Cocula,https://iieg.jalisco.gob.mx/acervo/portal/mapas/279_2010_iieg,,Gobierno de Jalisco. Instituto de Información Territorial del Estado de Jalisco,90 x 90 cm,1: 55 000,"Referencia de Información Espacial: Proyección Cartográfica. Universal Transversa de Mercatos (utm), Zona 13 Norte. Datum de Referencia: Wgs84 (equivalente a Itrf92)",Instituto de Información Territorial del Estado de Jalisco,,Sistema de Información Estadística de Delimitaciones y Demarcaciones Territoriales,,
Colotlán,Carta Municipal,2010,Colotlán,https://iieg.jalisco.gob.mx/acervo/portal/mapas/280_2010_iieg,,Gobierno de Jalisco. Instituto de Información Territorial del Estado de Jalisco,90 x 90 cm,1: 60 000,"Referencia de Información Espacial: Proyección Cartográfica. Universal Transversa de Mercatos (utm), Zona 13 Norte. Datum de Referencia: Wgs84 (equivalente a Itrf92)",Instituto de Información Territorial del Estado de Jalisco,,Sistema de Información Estadística de Delimitaciones y Demarcaciones Territoriales,,
Concepción de Buenos Aires,Carta Municipal,2010,Concepción de Buenos Aires,https://iieg.jalisco.gob.mx/acervo/portal/mapas/281_2010_iieg,,Gobierno de Jalisco. Instituto de Información Territorial del Estado de Jalisco,90 x 90 cm,1: 45 000,"Referencia de Información Espacial: Proyección Cartográfica. Universal Transversa de Mercatos (utm), Zona 13 Norte. Datum de Referencia: Wgs84 (equivalente a Itrf92)",Instituto de Información Territorial del Estado de Jalisco,,Sistema de Información Estadística de Delimitaciones y Demarcaciones Territoriales,,
Cuautitlán de García Barragán,Carta Municipal,2010,Cuautitlán de García Barragán,https://iieg.jalisco.gob.mx/acervo/portal/mapas/282_2010_iieg,,Gobierno de Jalisco. Instituto de Información Territorial del Estado de Jalisco,90 x 90 cm,1: 90 000,"Referencia de Información Espacial: Proyección Cartográfica. Universal Transversa de Mercatos (utm), Zona 13 Norte. Datum de Referencia: Wgs84 (equivalente a Itrf92)",Instituto de Información Territorial del Estado de Jalisco,,Sistema de Información Estadística de Delimitaciones y Demarcaciones Territoriales,,
Cuautla,Carta Municipal,2010,Cuautla,https://iieg.jalisco.gob.mx/acervo/portal/mapas/283_2010_iieg,,Gobierno de Jalisco. Instituto de Información Territorial del Estado de Jalisco,90 x 90 cm,1: 50 000,"Referencia de Información Espacial: Proyección Cartográfica. Universal Transversa de Mercatos (utm), Zona 13 Norte. Datum de Referencia: Wgs84 (equivalente a Itrf92)",Instituto de Información Territorial del Estado de Jalisco,,Sistema de Información Estadística de Delimitaciones y Demarcaciones Territoriales,,
Cuquío,Carta Municipal,2010,Cuquío,https://iieg.jalisco.gob.mx/acervo/portal/mapas/284_2010_iieg,,Gobierno de Jalisco. Instituto de Información Territorial del Estado de Jalisco,90 x 90 cm,1: 65 000,"Referencia de Información Espacial: Proyección Cartográfica. Universal Transversa de Mercatos (utm), Zona 13 Norte. Datum de Referencia: Wgs84 (equivalente a Itrf92)",Instituto de Información Territorial del Estado de Jalisco,,Sistema de Información Estadística de Delimitaciones y Demarcaciones Territoriales,,
Degollado,Carta Municipal,2010,Degollado,https://iieg.jalisco.gob.mx/acervo/portal/mapas/285_2010_iieg,,Gobierno de Jalisco. Instituto de Información Territorial del Estado de Jalisco,90 x 90 cm,1: 50 000,"Referencia de Información Espacial: Proyección Cartográfica. Universal Transversa de Mercatos (utm), Zona 13 Norte. Datum de Referencia: Wgs84 (equivalente a Itrf92)",Instituto de Información Territorial del Estado de Jalisco,,Sistema de Información Estadística de Delimitaciones y Demarcaciones Territoriales,,
Ejutla,Carta Municipal,2010,Ejutla,https://iieg.jalisco.gob.mx/acervo/portal/mapas/286_2010_iieg,,Gobierno de Jalisco. Instituto de Información Territorial del Estado de Jalisco,90 x 90 cm,1: 40 000,"Referencia de Información Espacial: Proyección Cartográfica. Universal Transversa de Mercatos (utm), Zona 13 Norte. Datum de Referencia: Wgs84 (equivalente a Itrf92)",Instituto de Información Territorial del Estado de Jalisco,,Sistema de Información Estadística de Delimitaciones y Demarcaciones Territoriales,,
El Arenal,Carta Municipal,2010,El Arenal,https://iieg.jalisco.gob.mx/acervo/portal/mapas/287_2010_iieg,,Gobierno de Jalisco. Instituto de Información Territorial del Estado de Jalisco,90 x 90 cm,1: 33 000,"Referencia de Información Espacial: Proyección Cartográfica. Universal Transversa de Mercatos (utm), Zona 13 Norte. Datum de Referencia: Wgs84 (equivalente a Itrf92)",Instituto de Información Territorial del Estado de Jalisco,,Sistema de Información Estadística de Delimitaciones y Demarcaciones Territoriales,,
El Grullo,Carta Municipal,2010,El Grullo,https://iieg.jalisco.gob.mx/acervo/portal/mapas/288_2010_iieg,,Gobierno de Jalisco. Instituto de Información Territorial del Estado de Jalisco,90 x 90 cm,1: 40 000,"Referencia de Información Espacial: Proyección Cartográfica. Universal Transversa de Mercatos (utm), Zona 13 Norte. Datum de Referencia: Wgs84 (equivalente a Itrf92)",Instituto de Información Territorial del Estado de Jalisco,,Sistema de Información Estadística de Delimitaciones y Demarcaciones Territoriales,,
El Limón,Carta Municipal,2010,El Limón,https://iieg.jalisco.gob.mx/acervo/portal/mapas/289_2010_iieg,,Gobierno de Jalisco. Instituto de Información Territorial del Estado de Jalisco,90 x 90 cm,1: 30 000,"Referencia de Información Espacial: Proyección Cartográfica. Universal Transversa de Mercatos (utm), Zona 13 Norte. Datum de Referencia: Wgs84 (equivalente a Itrf92)",Instituto de Información Territorial del Estado de Jalisco,,Sistema de Información Estadística de Delimitaciones y Demarcaciones Territoriales,,
El Salto,Carta Municipal,2010,El Salto,https://iieg.jalisco.gob.mx/acervo/portal/mapas/290_2010_iieg,,Gobierno de Jalisco. Instituto de Información Territorial del Estado de Jalisco,90 x 90 cm,1: 22 000,"Referencia de Información Espacial: Proyección Cartográfica. Universal Transversa de Mercatos (utm), Zona 13 Norte. Datum de Referencia: Wgs84 (equivalente a Itrf92)",Instituto de Información Territorial del Estado de Jalisco,,Sistema de Información Estadística de Delimitaciones y Demarcaciones Territoriales,,
Encarnación de Díaz,Carta Municipal,2010,Encarnación de Díaz,https://iieg.jalisco.gob.mx/acervo/portal/mapas/291_2010_iieg,,Gobierno de Jalisco. Instituto de Información Territorial del Estado de Jalisco,90 x 90 cm,1: 80 000,"Referencia de Información Espacial: Proyección Cartográfica. Universal Transversa de Mercatos (utm), Zona 13 Norte. Datum de Referencia: Wgs84 (equivalente a Itrf92)",Instituto de Información Territorial del Estado de Jalisco,,Sistema de Información Estadística de Delimitaciones y Demarcaciones Territoriales,,
Etzatlán,Carta Municipal,2010,Etzatlán,https://iieg.jalisco.gob.mx/acervo/portal/mapas/292_2010_iieg,,Gobierno de Jalisco. Instituto de Información Territorial del Estado de Jalisco,90 x 90 cm,1: 65 000,"Referencia de Información Espacial: Proyección Cartográfica. Universal Transversa de Mercatos (utm), Zona 13 Norte. Datum de Referencia: Wgs84 (equivalente a Itrf92)",Instituto de Información Territorial del Estado de Jalisco,,Sistema de Información Estadística de Delimitaciones y Demarcaciones Territoriales,,
Gómez Farías,Carta Municipal,2010,Gómez Farías,https://iieg.jalisco.gob.mx/acervo/portal/mapas/293_2010_iieg,,Gobierno de Jalisco. Instituto de Información Territorial del Estado de Jalisco,90 x 90 cm,1: 50 000,"Referencia de Información Espacial: Proyección Cartográfica. Universal Transversa de Mercatos (utm), Zona 13 Norte. Datum de Referencia: Wgs84 (equivalente a Itrf92)",Instituto de Información Territorial del Estado de Jalisco,,Sistema de Información Estadística de Delimitaciones y Demarcaciones Territoriales,,
Guachinango,Carta Municipal,2010,Guachinango,https://iieg.jalisco.gob.mx/acervo/portal/mapas/294_2010_iieg,,Gobierno de Jalisco. Instituto de Información Territorial del Estado de Jalisco,90 x 90 cm,1: 100 000,"Referencia de Información Espacial: Proyección Cartográfica. Universal Transversa de Mercatos (utm), Zona 13 Norte. Datum de Referencia: Wgs84 (equivalente a Itrf92)",Instituto de Información Territorial del Estado de Jalisco,,Sistema de Información Estadística de Delimitaciones y Demarcaciones Territoriales,,
Hostotipaquillo,Carta Municipal,2010,Hostotipaquillo,https://iieg.jalisco.gob.mx/acervo/portal/mapas/295_2010_iieg,,Gobierno de Jalisco. Instituto de Información Territorial del Estado de Jalisco,90 x 90 cm,1: 55 000,"Referencia de Información Espacial: Proyección Cartográfica. Universal Transversa de Mercatos (utm), Zona 13 Norte. Datum de Referencia: Wgs84 (equivalente a Itrf92)",Instituto de Información Territorial del Estado de Jalisco,,Sistema de Información Estadística de Delimitaciones y Demarcaciones Territoriales,,
Huejúcar,Carta Municipal,2010,Huejúcar,https://iieg.jalisco.gob.mx/acervo/portal/mapas/296_2010_iieg,,Gobierno de Jalisco. Instituto de Información Territorial del Estado de Jalisco,90 x 90 cm,1: 55 000,"Referencia de Información Espacial: Proyección Cartográfica. Universal Transversa de Mercatos (utm), Zona 13 Norte. Datum de Referencia: Wgs84 (equivalente a Itrf92)",Instituto de Información Territorial del Estado de Jalisco,,Sistema de Información Estadística de Delimitaciones y Demarcaciones Territoriales,,
Huejuquilla el Alto,Carta Municipal,2010,Huejuquilla el Alto,https://iieg.jalisco.gob.mx/acervo/portal/mapas/297_2010_iieg,,Gobierno de Jalisco. Instituto de Información Territorial del Estado de Jalisco,90 x 90 cm,1: 110 000,"Referencia de Información Espacial: Proyección Cartográfica. Universal Transversa de Mercatos (utm), Zona 13 Norte. Datum de Referencia: Wgs84 (equivalente a Itrf92)",Instituto de Información Territorial del Estado de Jalisco,,Sistema de Información Estadística de Delimitaciones y Demarcaciones Territoriales,,
Ixtlahuacán de los Membrillos,Carta Municipal,2010,Ixtlahuacán de los Membrillos,https://iieg.jalisco.gob.mx/acervo/portal/mapas/298_2010_iieg,,Gobierno de Jalisco. Instituto de Información Territorial del Estado de Jalisco,90 x 90 cm,1: 25 000,"Referencia de Información Espacial: Proyección Cartográfica. Universal Transversa de Mercatos (utm), Zona 13 Norte. Datum de Referencia: Wgs84 (equivalente a Itrf92)",Instituto de Información Territorial del Estado de Jalisco,,Sistema de Información Estadística de Delimitaciones y Demarcaciones Territoriales,,
Ixtlahuacán del Río,Carta Municipal,2010,Ixtlahuacán del Río,https://iieg.jalisco.gob.mx/acervo/portal/mapas/299_2010_iieg,,Gobierno de Jalisco. Instituto de Información Territorial del Estado de Jalisco,90 x 90 cm,1: 70 000,"Referencia de Información Espacial: Proyección Cartográfica. Universal Transversa de Mercatos (utm), Zona 13 Norte. Datum de Referencia: Wgs84 (equivalente a Itrf92)",Instituto de Información Territorial del Estado de Jalisco,,Sistema de Información Estadística de Delimitaciones y Demarcaciones Territoriales,,
Jalostotitlán,Carta Municipal,2010,Jalostotitlán,https://iieg.jalisco.gob.mx/acervo/portal/mapas/300_2010_iieg,,Gobierno de Jalisco. Instituto de Información Territorial del Estado de Jalisco,90 x 90 cm,1: 55 000,"Referencia de Información Espacial: Proyección Cartográfica. Universal Transversa de Mercatos (utm), Zona 13 Norte. Datum de Referencia: Wgs84 (equivalente a Itrf92)",Instituto de Información Territorial del Estado de Jalisco,,Sistema de Información Estadística de Delimitaciones y Demarcaciones Territoriales,,
Jamay,Carta Municipal,2010,Jamay,https://iieg.jalisco.gob.mx/acervo/portal/mapas/301_2010_iieg,,Gobierno de Jalisco. Instituto de Información Territorial del Estado de Jalisco,90 x 90 cm,1: 45 000,"Referencia de Información Espacial: Proyección Cartográfica. Universal Transversa de Mercatos (utm), Zona 13 Norte. Datum de Referencia: Wgs84 (equivalente a Itrf92)",Instituto de Información Territorial del Estado de Jalisco,,Sistema de Información Estadística de Delimitaciones y Demarcaciones Territoriales,,
Jesús María,Carta Municipal,2010,Jesús María,https://iieg.jalisco.gob.mx/acervo/portal/mapas/302_2010_iieg,,Gobierno de Jalisco. Instituto de Información Territorial del Estado de Jalisco,90 x 90 cm,1: 65 000,"Referencia de Información Espacial: Proyección Cartográfica. Universal Transversa de Mercatos (utm), Zona 13 Norte. Datum de Referencia: Wgs84 (equivalente a Itrf92)",Instituto de Información Territorial del Estado de Jalisco,,Sistema de Información Estadística de Delimitaciones y Demarcaciones Territoriales,,
Jilotlán de los Dolores,Carta Municipal,2010,Jilotlán de los Dolores,https://iieg.jalisco.gob.mx/acervo/portal/mapas/303_2010_iieg,,Gobierno de Jalisco. Instituto de Información Territorial del Estado de Jalisco,90 x 90 cm,1: 95 000,"Referencia de Información Espacial: Proyección Cartográfica. Universal Transversa de Mercatos (utm), Zona 13 Norte. Datum de Referencia: Wgs84 (equivalente a Itrf92)",Instituto de Información Territorial del Estado de Jalisco,,Sistema de Información Estadística de Delimitaciones y Demarcaciones Territoriales,,
Jocotepec,Carta Municipal,2010,Jocotepec,https://iieg.jalisco.gob.mx/acervo/portal/mapas/304_2010_iieg,,Gobierno de Jalisco. Instituto de Información Territorial del Estado de Jalisco,90 x 90 cm,1: 50 000,"Referencia de Información Espacial: Proyección Cartográfica. Universal Transversa de Mercatos (utm), Zona 13 Norte. Datum de Referencia: Wgs84 (equivalente a Itrf92)",Instituto de Información Territorial del Estado de Jalisco,,Sistema de Información Estadística de Delimitaciones y Demarcaciones Territoriales,,
Juanacatlán,Carta Municipal,2010,Juanacatlán,https://iieg.jalisco.gob.mx/acervo/portal/mapas/305_2010_iieg,,Gobierno de Jalisco. Instituto de Información Territorial del Estado de Jalisco,90 x 90 cm,1: 25 000,"Referencia de Información Espacial: Proyección Cartográfica. Universal Transversa de Mercatos (utm), Zona 13 Norte. Datum de Referencia: Wgs84 (equivalente a Itrf92)",Instituto de Información Territorial del Estado de Jalisco,,Sistema de Información Estadística de Delimitaciones y Demarcaciones Territoriales,,
Juchitlán,Carta Municipal,2010,Juchitlán,https://iieg.jalisco.gob.mx/acervo/portal/mapas/306_2010_iieg,,Gobierno de Jalisco. Instituto de Información Territorial del Estado de Jalisco,90 x 90 cm,1: 35 000,"Referencia de Información Espacial: Proyección Cartográfica. Universal Transversa de Mercatos (utm), Zona 13 Norte. Datum de Referencia: Wgs84 (equivalente a Itrf92)",Instituto de Información Territorial del Estado de Jalisco,,Sistema de Información Estadística de Delimitaciones y Demarcaciones Territoriales,,
La Barca,Carta Municipal,2010,La Barca,https://iieg.jalisco.gob.mx/acervo/portal/mapas/307_2010_iieg,,Gobierno de Jalisco. Instituto de Información Territorial del Estado de Jalisco,90 x 90 cm,1: 45 000,"Referencia de Información Espacial: Proyección Cartográfica. Universal Transversa de Mercatos (utm), Zona 13 Norte. Datum de Referencia: Wgs84 (equivalente a Itrf92)",Instituto de Información Territorial del Estado de Jalisco,,Sistema de Información Estadística de Delimitaciones y Demarcaciones Territoriales,,
La Huerta,Carta Municipal,2010,La Huerta,https://iieg.jalisco.gob.mx/acervo/portal/mapas/308_2010_iieg,,Gobierno de Jalisco. Instituto de Información Territorial del Estado de Jalisco,90 x 90 cm,1: 110 000,"Referencia de Información Espacial: Proyección Cartográfica. Universal Transversa de Mercatos (utm), Zona 13 Norte. Datum de Referencia: Wgs84 (equivalente a Itrf92)",Instituto de Información Territorial del Estado de Jalisco,,Sistema de Información Estadística de Delimitaciones y Demarcaciones Territoriales,,
La Manzanilla de la Paz,Carta Municipal,2010,La Manzanilla de la Paz,https://iieg.jalisco.gob.mx/acervo/portal/mapas/309_2010_iieg,,Gobierno de Jalisco. Instituto de Información Territorial del Estado de Jalisco,90 x 90 cm,1: 35 000,"Referencia de Información Espacial: Proyección Cartográfica. Universal Transversa de Mercatos (utm), Zona 13 Norte. Datum de Referencia: Wgs84 (equivalente a Itrf92)",Instituto de Información Territorial del Estado de Jalisco,,Sistema de Información Estadística de Delimitaciones y Demarcaciones Territoriales,,
Lagos de Moreno,Carta Municipal,2010,Lagos de Moreno,https://iieg.jalisco.gob.mx/acervo/portal/mapas/310_2010_iieg,,Gobierno de Jalisco. Instituto de Información Territorial del Estado de Jalisco,90 x 90 cm,1: 140 000,"Referencia de Información Espacial: Proyección Cartográfica. Universal Transversa de Mercatos (utm), Zona 13 Norte. Datum de Referencia: Wgs84 (equivalente a Itrf92)",Instituto de Información Territorial del Estado de Jalisco,,Sistema de Información Estadística de Delimitaciones y Demarcaciones Territoriales,,
Magdalena,Carta Municipal,2010,Magdalena,https://iieg.jalisco.gob.mx/acervo/portal/mapas/311_2010_iieg,,Gobierno de Jalisco. Instituto de Información Territorial del Estado de Jalisco,90 x 90 cm,1: 45 000,"Referencia de Información Espacial: Proyección Cartográfica. Universal Transversa de Mercatos (utm), Zona 13 Norte. Datum de Referencia: Wgs84 (equivalente a Itrf92)",Instituto de Información Territorial del Estado de Jalisco,,Sistema de Información Estadística de Delimitaciones y Demarcaciones Territoriales,,
Mascota,Carta Municipal,2010,Mascota,https://iieg.jalisco.gob.mx/acervo/portal/mapas/312_2010_iieg,,Gobierno de Jalisco. Instituto de Información Territorial del Estado de Jalisco,90 x 90 cm,1: 110 000,"Referencia de Información Espacial: Proyección Cartográfica. Universal Transversa de Mercatos (utm), Zona 13 Norte. Datum de Referencia: Wgs84 (equivalente a Itrf92)",Instituto de Información Territorial del Estado de Jalisco,,Sistema de Información Estadística de Delimitaciones y Demarcaciones Territoriales,,
Mazamitla,Carta Municipal,2010,Mazamitla,https://iieg.jalisco.gob.mx/acervo/portal/mapas/313_2010_iieg,,Gobierno de Jalisco. Instituto de Información Territorial del Estado de Jalisco,90 x 90 cm,1: 40 000,"Referencia de Información Espacial: Proyección Cartográfica. Universal Transversa de Mercatos (utm), Zona 13 Norte. Datum de Referencia: Wgs84 (equivalente a Itrf92)",Instituto de Información Territorial del Estado de Jalisco,,Sistema de Información Estadística de Delimitaciones y Demarcaciones Territoriales,,
Mexticacán,Carta Municipal,2010,Mexticacán,https://iieg.jalisco.gob.mx/acervo/portal/mapas/314_2010_iieg,,Gobierno de Jalisco. Instituto de Información Territorial del Estado de Jalisco,90 x 90 cm,1: 40 000,"Referencia de Información Espacial: Proyección Cartográfica. Universal Transversa de Mercatos (utm), Zona 13 Norte. Datum de Referencia: Wgs84 (equivalente a Itrf92)",Instituto de Información Territorial del Estado de Jalisco,,Sistema de Información Estadística de Delimitaciones y Demarcaciones Territoriales,,
Mezquitic,Carta Municipal,2010,Mezquitic,https://iieg.jalisco.gob.mx/acervo/portal/mapas/315_2010_iieg,,Gobierno de Jalisco. Instituto de Información Territorial del Estado de Jalisco,90 x 90 cm,1: 150 000,"Referencia de Información Espacial: Proyección Cartográfica. Universal Transversa de Mercatos (utm), Zona 13 Norte. Datum de Referencia: Wgs84 (equivalente a Itrf92)",Instituto de Información Territorial del Estado de Jalisco,,Sistema de Información Estadística de Delimitaciones y Demarcaciones Territoriales,,
Mixtlán,Carta Municipal,2010,Mixtlán,https://iieg.jalisco.gob.mx/acervo/portal/mapas/316_2010_iieg,,Gobierno de Jalisco. Instituto de Información Territorial del Estado de Jalisco,90 x 90 cm,1: 60 000,"Referencia de Información Espacial: Proyección Cartográfica. Universal Transversa de Mercatos (utm), Zona 13 Norte. Datum de Referencia: Wgs84 (equivalente a Itrf92)",Instituto de Información Territorial del Estado de Jalisco,,Sistema de Información Estadística de Delimitaciones y Demarcaciones Territoriales,,
Ocotlán,Carta Municipal,2010,Ocotlán,https://iieg.jalisco.gob.mx/acervo/portal/mapas/317_2010_iieg,,Gobierno de Jalisco. Instituto de Información Territorial del Estado de Jalisco,90 x 90 cm,1: 35 000,"Referencia de Información Espacial: Proyección Cartográfica. Universal Transversa de Mercatos (utm), Zona 13 Norte. Datum de Referencia: Wgs84 (equivalente a Itrf92)",Instituto de Información Territorial del Estado de Jalisco,,Sistema de Información Estadística de Delimitaciones y Demarcaciones Territoriales,,
Ojuelos de Jalisco,Carta Municipal,2010,Ojuelos de Jalisco,https://iieg.jalisco.gob.mx/acervo/portal/mapas/318_2010_iieg,,Gobierno de Jalisco. Instituto de Información Territorial del Estado de Jalisco,90 x 90 cm,1: 90 000,"Referencia de Información Espacial: Proyección Cartográfica. Universal Transversa de Mercatos (utm), Zona 13 Norte. Datum de Referencia: Wgs84 (equivalente a Itrf92)",Instituto de Información Territorial del Estado de Jalisco,,Sistema de Información Estadística de Delimitaciones y Demarcaciones Territoriales,,
Pihuamo,Carta Municipal,2010,Pihuamo,https://iieg.jalisco.gob.mx/acervo/portal/mapas/319_2010_iieg,,Gobierno de Jalisco. Instituto de Información Territorial del Estado de Jalisco,90 x 90 cm,1: 90 000,"Referencia de Información Espacial: Proyección Cartográfica. Universal Transversa de Mercatos (utm), Zona 13 Norte. Datum de Referencia: Wgs84 (equivalente a Itrf92)",Instituto de Información Territorial del Estado de Jalisco,,Sistema de Información Estadística de Delimitaciones y Demarcaciones Territoriales,,
Poncitlán,Carta Municipal,2010,Poncitlán,https://iieg.jalisco.gob.mx/acervo/portal/mapas/320_2010_iieg,,Gobierno de Jalisco. Instituto de Información Territorial del Estado de Jalisco,90 x 90 cm,1: 45 000,"Referencia de Información Espacial: Proyección Cartográfica. Universal Transversa de Mercatos (utm), Zona 13 Norte. Datum de Referencia: Wgs84 (equivalente a Itrf92)",Instituto de Información Territorial del Estado de Jalisco,,Sistema de Información Estadística de Delimitaciones y Demarcaciones Territoriales,,
Puerto Vallarta,Carta Municipal,2010,Puerto Vallarta,https://iieg.jalisco.gob.mx/acervo/portal/mapas/321_2010_iieg,,Gobierno de Jalisco. Instituto de Información Territorial del Estado de Jalisco,90 x 90 cm,1: 90 000,"Referencia de Información Espacial: Proyección Cartográfica. Universal Transversa de Mercatos (utm), Zona 13 Norte. Datum de Referencia: Wgs84 (equivalente a Itrf92)",Instituto de Información Territorial del Estado de Jalisco,,Sistema de Información Estadística de Delimitaciones y Demarcaciones Territoriales,,
Quitupán,Carta Municipal,2010,Quitupán,https://iieg.jalisco.gob.mx/acervo/portal/mapas/322_2010_iieg,,Gobierno de Jalisco. Instituto de Información Territorial del Estado de Jalisco,90 x 90 cm,1: 65 000,"Referencia de Información Espacial: Proyección Cartográfica. Universal Transversa de Mercatos (utm), Zona 13 Norte. Datum de Referencia: Wgs84 (equivalente a Itrf92)",Instituto de Información Territorial del Estado de Jalisco,,Sistema de Información Estadística de Delimitaciones y Demarcaciones Territoriales,,
San Cristóbal de la Barranca,Carta Municipal,2010,San Cristóbal de la Barranca,https://iieg.jalisco.gob.mx/acervo/portal/mapas/323_2010_iieg,,Gobierno de Jalisco. Instituto de Información Territorial del Estado de Jalisco,90 x 90 cm,1: 43 000,"Referencia de Información Espacial: Proyección Cartográfica. Universal Transversa de Mercatos (utm), Zona 13 Norte. Datum de Referencia: Wgs84 (equivalente a Itrf92)",Instituto de Información Territorial del Estado de Jalisco,,Sistema de Información Estadística de Delimitaciones y Demarcaciones Territoriales,,
San Diego de Alejandría,Carta Municipal,2010,San Diego de Alejandría,https://iieg.jalisco.gob.mx/acervo/portal/mapas/324_2010_iieg,,Gobierno de Jalisco. Instituto de Información Territorial del Estado de Jalisco,90 x 90 cm,1: 35 000,"Referencia de Información Espacial: Proyección Cartográfica. Universal Transversa de Mercatos (utm), Zona 13 Norte. Datum de Referencia: Wgs84 (equivalente a Itrf92)",Instituto de Información Territorial del Estado de Jalisco,,Sistema de Información Estadística de Delimitaciones y Demarcaciones Territoriales,,
San Gabriel,Carta Municipal,2010,San Gabriel,https://iieg.jalisco.gob.mx/acervo/portal/mapas/325_2010_iieg,,Gobierno de Jalisco. Instituto de Información Territorial del Estado de Jalisco,90 x 90 cm,1: 55 000,"Referencia de Información Espacial: Proyección Cartográfica. Universal Transversa de Mercatos (utm), Zona 13 Norte. Datum de Referencia: Wgs84 (equivalente a Itrf92)",Instituto de Información Territorial del Estado de Jalisco,,Sistema de Información Estadística de Delimitaciones y Demarcaciones Territoriales,,
San Ignacio Cerro Gordol,Carta Municipal,2010,San Ignacio Cerro Gordo,https://iieg.jalisco.gob.mx/acervo/portal/mapas/326_2010_iieg,,Gobierno de Jalisco. Instituto de Información Territorial del Estado de Jalisco,90 x 90 cm,1: 40 000,"Referencia de Información Espacial: Proyección Cartográfica. Universal Transversa de Mercatos (utm), Zona 13 Norte. Datum de Referencia: Wgs84 (equivalente a Itrf92)",Instituto de Información Territorial del Estado de Jalisco,,Sistema de Información Estadística de Delimitaciones y Demarcaciones Territoriales,,
San Juan de los Lagos,Carta Municipal,2010,San Juan de los Lagos,https://iieg.jalisco.gob.mx/acervo/portal/mapas/327_2010_iieg,,Gobierno de Jalisco. Instituto de Información Territorial del Estado de Jalisco,90 x 90 cm,1: 70 000,"Referencia de Información Espacial: Proyección Cartográfica. Universal Transversa de Mercatos (utm), Zona 13 Norte. Datum de Referencia: Wgs84 (equivalente a Itrf92)",Instituto de Información Territorial del Estado de Jalisco,,Sistema de Información Estadística de Delimitaciones y Demarcaciones Territoriales,,
San Juanito de Escobedo,Carta Municipal,2010,San Juanito de Escobedo,https://iieg.jalisco.gob.mx/acervo/portal/mapas/328_2010_iieg,,Gobierno de Jalisco. Instituto de Información Territorial del Estado de Jalisco,90 x 90 cm,1: 35 000,"Referencia de Información Espacial: Proyección Cartográfica. Universal Transversa de Mercatos (utm), Zona 13 Norte. Datum de Referencia: Wgs84 (equivalente a Itrf92)",Instituto de Información Territorial del Estado de Jalisco,,Sistema de Información Estadística de Delimitaciones y Demarcaciones Territoriales,,
San Julián,Carta Municipal,2010,San Julián,https://iieg.jalisco.gob.mx/acervo/portal/mapas/329_2010_iieg,,Gobierno de Jalisco. Instituto de Información Territorial del Estado de Jalisco,90 x 90 cm,1: 40 000,"Referencia de Información Espacial: Proyección Cartográfica. Universal Transversa de Mercatos (utm), Zona 13 Norte. Datum de Referencia: Wgs84 (equivalente a Itrf92)",Instituto de Información Territorial del Estado de Jalisco,,Sistema de Información Estadística de Delimitaciones y Demarcaciones Territoriales,,
San Marcos,Carta Municipal,2010,San Marcos,https://iieg.jalisco.gob.mx/acervo/portal/mapas/330_2010_iieg,,Gobierno de Jalisco. Instituto de Información Territorial del Estado de Jalisco,90 x 90 cm,1: 35 000,"Referencia de Información Espacial: Proyección Cartográfica. Universal Transversa de Mercatos (utm), Zona 13 Norte. Datum de Referencia: Wgs84 (equivalente a Itrf92)",Instituto de Información Territorial del Estado de Jalisco,,Sistema de Información Estadística de Delimitaciones y Demarcaciones Territoriales,,
San Martín de Bolaños,Carta Municipal,2010,San Martín de Bolaños,https://iieg.jalisco.gob.mx/acervo/portal/mapas/331_2010_iieg,,Gobierno de Jalisco. Instituto de Información Territorial del Estado de Jalisco,90 x 90 cm,1: 120 000,"Referencia de Información Espacial: Proyección Cartográfica. Universal Transversa de Mercatos (utm), Zona 13 Norte. Datum de Referencia: Wgs84 (equivalente a Itrf92)",Instituto de Información Territorial del Estado de Jalisco,,Sistema de Información Estadística de Delimitaciones y Demarcaciones Territoriales,,
San Martín Hidalgo,Carta Municipal,2010,San Martín Hidalgo,https://iieg.jalisco.gob.mx/acervo/portal/mapas/332_2010_iieg,,Gobierno de Jalisco. Instituto de Información Territorial del Estado de Jalisco,90 x 90 cm,1: 55 000,"Referencia de Información Espacial: Proyección Cartográfica. Universal Transversa de Mercatos (utm), Zona 13 Norte. Datum de Referencia: Wgs84 (equivalente a Itrf92)",Instituto de Información Territorial del Estado de Jalisco,,Sistema de Información Estadística de Delimitaciones y Demarcaciones Territoriales,,
San Miguel el Alto,Carta Municipal,2010,San Miguel el Alto,https://iieg.jalisco.gob.mx/acervo/portal/mapas/333_2010_iieg,,Gobierno de Jalisco. Instituto de Información Territorial del Estado de Jalisco,90 x 90 cm,1: 65 000,"Referencia de Información Espacial: Proyección Cartográfica. Universal Transversa de Mercatos (utm), Zona 13 Norte. Datum de Referencia: Wgs84 (equivalente a Itrf92)",Instituto de Información Territorial del Estado de Jalisco,,Sistema de Información Estadística de Delimitaciones y Demarcaciones Territoriales,,
Tlaquepaque,Carta Municipal,2010,San Pedro Tlaquepaque,https://iieg.jalisco.gob.mx/acervo/portal/mapas/334_2010_iieg,,Gobierno de Jalisco. Instituto de Información Territorial del Estado de Jalisco,90 x 90 cm,1: 30 000,"Referencia de Información Espacial: Proyección Cartográfica. Universal Transversa de Mercatos (utm), Zona 13 Norte. Datum de Referencia: Wgs84 (equivalente a Itrf92)",Instituto de Información Territorial del Estado de Jalisco,,Sistema de Información Estadística de Delimitaciones y Demarcaciones Territoriales,,
San Sebastián del Oeste,Carta Municipal,2010,San Sebastián del Oeste,https://iieg.jalisco.gob.mx/acervo/portal/mapas/335_2010_iieg,,Gobierno de Jalisco. Instituto de Información Territorial del Estado de Jalisco,90 x 90 cm,1: 75 000,"Referencia de Información Espacial: Proyección Cartográfica. Universal Transversa de Mercatos (utm), Zona 13 Norte. Datum de Referencia: Wgs84 (equivalente a Itrf92)",Instituto de Información Territorial del Estado de Jalisco,,Sistema de Información Estadística de Delimitaciones y Demarcaciones Territoriales,,
Santa María de los Ángeles,Carta Municipal,2010,Santa María de los Ángeles,https://iieg.jalisco.gob.mx/acervo/portal/mapas/336_2010_iieg,,Gobierno de Jalisco. Instituto de Información Territorial del Estado de Jalisco,90 x 90 cm,1: 40 000,"Referencia de Información Espacial: Proyección Cartográfica. Universal Transversa de Mercatos (utm), Zona 13 Norte. Datum de Referencia: Wgs84 (equivalente a Itrf92)",Instituto de Información Territorial del Estado de Jalisco,,Sistema de Información Estadística de Delimitaciones y Demarcaciones Territoriales,,
Santa María del Oro,Carta Municipal,2010,Santa María del Oro,https://iieg.jalisco.gob.mx/acervo/portal/mapas/337_2010_iieg,,Gobierno de Jalisco. Instituto de Información Territorial del Estado de Jalisco,90 x 90 cm,1: 60 000,"Referencia de Información Espacial: Proyección Cartográfica. Universal Transversa de Mercatos (utm), Zona 13 Norte. Datum de Referencia: Wgs84 (equivalente a Itrf92)",Instituto de Información Territorial del Estado de Jalisco,,Sistema de Información Estadística de Delimitaciones y Demarcaciones Territoriales,,
Sayula,Carta Municipal,2010,Sayula,https://iieg.jalisco.gob.mx/acervo/portal/mapas/338_2010_iieg,,Gobierno de Jalisco. Instituto de Información Territorial del Estado de Jalisco,90 x 90 cm,1: 35 000,"Referencia de Información Espacial: Proyección Cartográfica. Universal Transversa de Mercatos (utm), Zona 13 Norte. Datum de Referencia: Wgs84 (equivalente a Itrf92)",Instituto de Información Territorial del Estado de Jalisco,,Sistema de Información Estadística de Delimitaciones y Demarcaciones Territoriales,,
Tala,Carta Municipal,2010,Tala,https://iieg.jalisco.gob.mx/acervo/portal/mapas/339_2010_iieg,,Gobierno de Jalisco. Instituto de Información Territorial del Estado de Jalisco,90 x 90 cm,1: 54 668,"Referencia de Información Espacial: Proyección Cartográfica. Universal Transversa de Mercatos (utm), Zona 13 Norte. Datum de Referencia: Wgs84 (equivalente a Itrf92)",Instituto de Información Territorial del Estado de Jalisco,,Sistema de Información Estadística de Delimitaciones y Demarcaciones Territoriales,,
Talpa de Allende,Carta Municipal,2010,Tapa de Allende,https://iieg.jalisco.gob.mx/acervo/portal/mapas/340_2010_iieg,,Gobierno de Jalisco. Instituto de Información Territorial del Estado de Jalisco,90 x 90 cm,1: 90 000,"Referencia de Información Espacial: Proyección Cartográfica. Universal Transversa de Mercatos (utm), Zona 13 Norte. Datum de Referencia: Wgs84 (equivalente a Itrf92)",Instituto de Información Territorial del Estado de Jalisco,,Sistema de Información Estadística de Delimitaciones y Demarcaciones Territoriales,,
Tamazula de Gordiano,Carta Municipal,2010,Tamazula de Gordiano,https://iieg.jalisco.gob.mx/acervo/portal/mapas/341_2010_iieg,,Gobierno de Jalisco. Instituto de Información Territorial del Estado de Jalisco,90 x 90 cm,1: 100 000,"Referencia de Información Espacial: Proyección Cartográfica. Universal Transversa de Mercatos (utm), Zona 13 Norte. Datum de Referencia: Wgs84 (equivalente a Itrf92)",Instituto de Información Territorial del Estado de Jalisco,,Sistema de Información Estadística de Delimitaciones y Demarcaciones Territoriales,,
Tapalpa,Carta Municipal,2010,Tapalpa,https://iieg.jalisco.gob.mx/acervo/portal/mapas/342_2010_iieg,,Gobierno de Jalisco. Instituto de Información Territorial del Estado de Jalisco,90 x 90 cm,1: 60 000,"Referencia de Información Espacial: Proyección Cartográfica. Universal Transversa de Mercatos (utm), Zona 13 Norte. Datum de Referencia: Wgs84 (equivalente a Itrf92)",Instituto de Información Territorial del Estado de Jalisco,,Sistema de Información Estadística de Delimitaciones y Demarcaciones Territoriales,,
Tecalitlán,Carta Municipal,2010,Tecalitlán,https://iieg.jalisco.gob.mx/acervo/portal/mapas/343_2010_iieg,,Gobierno de Jalisco. Instituto de Información Territorial del Estado de Jalisco,90 x 90 cm,1: 110 000,"Referencia de Información Espacial: Proyección Cartográfica. Universal Transversa de Mercatos (utm), Zona 13 Norte. Datum de Referencia: Wgs84 (equivalente a Itrf92)",Instituto de Información Territorial del Estado de Jalisco,,Sistema de Información Estadística de Delimitaciones y Demarcaciones Territoriales,,
Techaluta de Montenegro,Carta Municipal,2010,Techaluta de Montenegro,https://iieg.jalisco.gob.mx/acervo/portal/mapas/344_2010_iieg,,Gobierno de Jalisco. Instituto de Información Territorial del Estado de Jalisco,90 x 90 cm,1: 25 000,"Referencia de Información Espacial: Proyección Cartográfica. Universal Transversa de Mercatos (utm), Zona 13 Norte. Datum de Referencia: Wgs84 (equivalente a Itrf92)",Instituto de Información Territorial del Estado de Jalisco,,Sistema de Información Estadística de Delimitaciones y Demarcaciones Territoriales,,
Tecolotlán,Carta Municipal,2010,Tecolotlán,https://iieg.jalisco.gob.mx/acervo/portal/mapas/345_2010_iieg,,Gobierno de Jalisco. Instituto de Información Territorial del Estado de Jalisco,90 x 90 cm,1: 60 000,"Referencia de Información Espacial: Proyección Cartográfica. Universal Transversa de Mercatos (utm), Zona 13 Norte. Datum de Referencia: Wgs84 (equivalente a Itrf92)",Instituto de Información Territorial del Estado de Jalisco,,Sistema de Información Estadística de Delimitaciones y Demarcaciones Territoriales,,
Tenamaxtlán,Carta Municipal,2010,Tenamaxtlán,https://iieg.jalisco.gob.mx/acervo/portal/mapas/346_2010_iieg,,Gobierno de Jalisco. Instituto de Información Territorial del Estado de Jalisco,90 x 90 cm,1: 60 000,"Referencia de Información Espacial: Proyección Cartográfica. Universal Transversa de Mercatos (utm), Zona 13 Norte. Datum de Referencia: Wgs84 (equivalente a Itrf92)",Instituto de Información Territorial del Estado de Jalisco,,Sistema de Información Estadística de Delimitaciones y Demarcaciones Territoriales,,
Teocaltiche,Carta Municipal,2010,Teocaltiche,https://iieg.jalisco.gob.mx/acervo/portal/mapas/347_2010_iieg,,Gobierno de Jalisco. Instituto de Información Territorial del Estado de Jalisco,90 x 90 cm,1: 80 000,"Referencia de Información Espacial: Proyección Cartográfica. Universal Transversa de Mercatos (utm), Zona 13 Norte. Datum de Referencia: Wgs84 (equivalente a Itrf92)",Instituto de Información Territorial del Estado de Jalisco,,Sistema de Información Estadística de Delimitaciones y Demarcaciones Territoriales,,
Teocuitatlán de Corona,Carta Municipal,2010,Teocuitatlán de Corona,https://iieg.jalisco.gob.mx/acervo/portal/mapas/348_2010_iieg,,Gobierno de Jalisco. Instituto de Información Territorial del Estado de Jalisco,90 x 90 cm,1: 40 000,"Referencia de Información Espacial: Proyección Cartográfica. Universal Transversa de Mercatos (utm), Zona 13 Norte. Datum de Referencia: Wgs84 (equivalente a Itrf92)",Instituto de Información Territorial del Estado de Jalisco,,Sistema de Información Estadística de Delimitaciones y Demarcaciones Territoriales,,
Tepatitlán de Morelos,Carta Municipal,2010,Tepatitlán de Morelos,https://iieg.jalisco.gob.mx/acervo/portal/mapas/349_2010_iieg,,Gobierno de Jalisco. Instituto de Información Territorial del Estado de Jalisco,90 x 90 cm,1: 80 000,"Referencia de Información Espacial: Proyección Cartográfica. Universal Transversa de Mercatos (utm), Zona 13 Norte. Datum de Referencia: Wgs84 (equivalente a Itrf92)",Instituto de Información Territorial del Estado de Jalisco,,Sistema de Información Estadística de Delimitaciones y Demarcaciones Territoriales,,
Tequila,Carta Municipal,2010,Tequila,https://iieg.jalisco.gob.mx/acervo/portal/mapas/350_2010_iieg,,Gobierno de Jalisco. Instituto de Información Territorial del Estado de Jalisco,90 x 90 cm,1: 95 000,"Referencia de Información Espacial: Proyección Cartográfica. Universal Transversa de Mercatos (utm), Zona 13 Norte. Datum de Referencia: Wgs84 (equivalente a Itrf92)",Instituto de Información Territorial del Estado de Jalisco,,Sistema de Información Estadística de Delimitaciones y Demarcaciones Territoriales,,
Teuchitlán,Carta Municipal,2010,Teuchitlán,https://iieg.jalisco.gob.mx/acervo/portal/mapas/351_2010_iieg,,Gobierno de Jalisco. Instituto de Información Territorial del Estado de Jalisco,90 x 90 cm,1: 45 000,"Referencia de Información Espacial: Proyección Cartográfica. Universal Transversa de Mercatos (utm), Zona 13 Norte. Datum de Referencia: Wgs84 (equivalente a Itrf92)",Instituto de Información Territorial del Estado de Jalisco,,Sistema de Información Estadística de Delimitaciones y Demarcaciones Territoriales,,
Tizapán el Alto,Carta Municipal,2010,Tizapán el Alto,https://iieg.jalisco.gob.mx/acervo/portal/mapas/352_2010_iieg,,Gobierno de Jalisco. Instituto de Información Territorial del Estado de Jalisco,90 x 90 cm,1: 35 000,"Referencia de Información Espacial: Proyección Cartográfica. Universal Transversa de Mercatos (utm), Zona 13 Norte. Datum de Referencia: Wgs84 (equivalente a Itrf92)",Instituto de Información Territorial del Estado de Jalisco,,Sistema de Información Estadística de Delimitaciones y Demarcaciones Territoriales,,
Tlajomulco de Zúñiga,Carta Municipal,2010,Tlajomulco de Zúñiga,https://iieg.jalisco.gob.mx/acervo/portal/mapas/353_2010_iieg,,Gobierno de Jalisco. Instituto de Información Territorial del Estado de Jalisco,90 x 90 cm,1: 50 000,"Referencia de Información Espacial: Proyección Cartográfica. Universal Transversa de Mercatos (utm), Zona 13 Norte. Datum de Referencia: Wgs84 (equivalente a Itrf92)",Instituto de Información Territorial del Estado de Jalisco,,Sistema de Información Estadística de Delimitaciones y Demarcaciones Territoriales,,
Tolimán,Carta Municipal,2010,Tolimán,https://iieg.jalisco.gob.mx/acervo/portal/mapas/354_2010_iieg,,Gobierno de Jalisco. Instituto de Información Territorial del Estado de Jalisco,90 x 90 cm,1: 55 000,"Referencia de Información Espacial: Proyección Cartográfica. Universal Transversa de Mercatos (utm), Zona 13 Norte. Datum de Referencia: Wgs84 (equivalente a Itrf92)",Instituto de Información Territorial del Estado de Jalisco,,Sistema de Información Estadística de Delimitaciones y Demarcaciones Territoriales,,
Tomatlán,Carta Municipal,2010,Tomatlán,https://iieg.jalisco.gob.mx/acervo/portal/mapas/355_2010_iieg,,Gobierno de Jalisco. Instituto de Información Territorial del Estado de Jalisco,90 x 90 cm,1: 125 000,"Referencia de Información Espacial: Proyección Cartográfica. Universal Transversa de Mercatos (utm), Zona 13 Norte. Datum de Referencia: Wgs84 (equivalente a Itrf92)",Instituto de Información Territorial del Estado de Jalisco,,Sistema de Información Estadística de Delimitaciones y Demarcaciones Territoriales,,
Tonalá,Carta Municipal,2010,Tonalá,https://iieg.jalisco.gob.mx/acervo/portal/mapas/356_2010_iieg,,Gobierno de Jalisco. Instituto de Información Territorial del Estado de Jalisco,90 x 90 cm,1: 35 000,"Referencia de Información Espacial: Proyección Cartográfica. Universal Transversa de Mercatos (utm), Zona 13 Norte. Datum de Referencia: Wgs84 (equivalente a Itrf92)",Instituto de Información Territorial del Estado de Jalisco,,Sistema de Información Estadística de Delimitaciones y Demarcaciones Territoriales,,
Tonaya,Carta Municipal,2010,Tonaya,https://iieg.jalisco.gob.mx/acervo/portal/mapas/357_2010_iieg,,Gobierno de Jalisco. Instituto de Información Territorial del Estado de Jalisco,90 x 90 cm,1: 55 000,"Referencia de Información Espacial: Proyección Cartográfica. Universal Transversa de Mercatos (utm), Zona 13 Norte. Datum de Referencia: Wgs84 (equivalente a Itrf92)",Instituto de Información Territorial del Estado de Jalisco,,Sistema de Información Estadística de Delimitaciones y Demarcaciones Territoriales,,
Tonila,Carta Municipal,2010,Tonila,https://iieg.jalisco.gob.mx/acervo/portal/mapas/358_2010_iieg,,Gobierno de Jalisco. Instituto de Información Territorial del Estado de Jalisco,90 x 90 cm,1: 50 000,"Referencia de Información Espacial: Proyección Cartográfica. Universal Transversa de Mercatos (utm), Zona 13 Norte. Datum de Referencia: Wgs84 (equivalente a Itrf92)",Instituto de Información Territorial del Estado de Jalisco,,Sistema de Información Estadística de Delimitaciones y Demarcaciones Territoriales,,
Totatiche,Carta Municipal,2010,Totatiche,https://iieg.jalisco.gob.mx/acervo/portal/mapas/359_2010_iieg,,Gobierno de Jalisco. Instituto de Información Territorial del Estado de Jalisco,90 x 90 cm,1: 65 000,"Referencia de Información Espacial: Proyección Cartográfica. Universal Transversa de Mercatos (utm), Zona 13 Norte. Datum de Referencia: Wgs84 (equivalente a Itrf92)",Instituto de Información Territorial del Estado de Jalisco,,Sistema de Información Estadística de Delimitaciones y Demarcaciones Territoriales,,
Tototlán,Carta Municipal,2010,Tototlán,https://iieg.jalisco.gob.mx/acervo/portal/mapas/360_2010_iieg,,Gobierno de Jalisco. Instituto de Información Territorial del Estado de Jalisco,90 x 90 cm,1: 40 000,"Referencia de Información Espacial: Proyección Cartográfica. Universal Transversa de Mercatos (utm), Zona 13 Norte. Datum de Referencia: Wgs84 (equivalente a Itrf92)",Instituto de Información Territorial del Estado de Jalisco,,Sistema de Información Estadística de Delimitaciones y Demarcaciones Territoriales,,
Tuxcacuesco,Carta Municipal,2010,Tuxcacuesco,https://iieg.jalisco.gob.mx/acervo/portal/mapas/361_2010_iieg,,Gobierno de Jalisco. Instituto de Información Territorial del Estado de Jalisco,90 x 90 cm,1: 45 000,"Referencia de Información Espacial: Proyección Cartográfica. Universal Transversa de Mercatos (utm), Zona 13 Norte. Datum de Referencia: Wgs84 (equivalente a Itrf92)",Instituto de Información Territorial del Estado de Jalisco,,Sistema de Información Estadística de Delimitaciones y Demarcaciones Territoriales,,
Tuxcueca,Carta Municipal,2010,Tuxcueca,https://iieg.jalisco.gob.mx/acervo/portal/mapas/362_2010_iieg,,Gobierno de Jalisco. Instituto de Información Territorial del Estado de Jalisco,90 x 90 cm,1: 30 000,"Referencia de Información Espacial: Proyección Cartográfica. Universal Transversa de Mercatos (utm), Zona 13 Norte. Datum de Referencia: Wgs84 (equivalente a Itrf92)",Instituto de Información Territorial del Estado de Jalisco,,Sistema de Información Estadística de Delimitaciones y Demarcaciones Territoriales,,
Tuxpan,Carta Municipal,2010,Tuxpan,https://iieg.jalisco.gob.mx/acervo/portal/mapas/363_2010_iieg,,Gobierno de Jalisco. Instituto de Información Territorial del Estado de Jalisco,90 x 90 cm,1: 75 000,"Referencia de Información Espacial: Proyección Cartográfica. Universal Transversa de Mercatos (utm), Zona 13 Norte. Datum de Referencia: Wgs84 (equivalente a Itrf92)",Instituto de Información Territorial del Estado de Jalisco,,Sistema de Información Estadística de Delimitaciones y Demarcaciones Territoriales,,
Unión de San Antonio,Carta Municipal,2010,Unión de San Antonio,https://iieg.jalisco.gob.mx/acervo/portal/mapas/364_2010_iieg,,Gobierno de Jalisco. Instituto de Información Territorial del Estado de Jalisco,90 x 90 cm,1: 60 000,"Referencia de Información Espacial: Proyección Cartográfica. Universal Transversa de Mercatos (utm), Zona 13 Norte. Datum de Referencia: Wgs84 (equivalente a Itrf92)",Instituto de Información Territorial del Estado de Jalisco,,Sistema de Información Estadística de Delimitaciones y Demarcaciones Territoriales,,
Unión de Tula,Carta Municipal,2010,Unión de Tula,https://iieg.jalisco.gob.mx/acervo/portal/mapas/365_2010_iieg,,Gobierno de Jalisco. Instituto de Información Territorial del Estado de Jalisco,90 x 90 cm,1: 60 000,"Referencia de Información Espacial: Proyección Cartográfica. Universal Transversa de Mercatos (utm), Zona 13 Norte. Datum de Referencia: Wgs84 (equivalente a Itrf92)",Instituto de Información Territorial del Estado de Jalisco,,Sistema de Información Estadística de Delimitaciones y Demarcaciones Territoriales,,
Valle de Guadalupe,Carta Municipal,2010,Valle de Guadalupe,https://iieg.jalisco.gob.mx/acervo/portal/mapas/366_2010_iieg,,Gobierno de Jalisco. Instituto de Información Territorial del Estado de Jalisco,90 x 90 cm,1: 40 000,"Referencia de Información Espacial: Proyección Cartográfica. Universal Transversa de Mercatos (utm), Zona 13 Norte. Datum de Referencia: Wgs84 (equivalente a Itrf92)",Instituto de Información Territorial del Estado de Jalisco,,Sistema de Información Estadística de Delimitaciones y Demarcaciones Territoriales,,
Valle de Juárez,Carta Municipal,2010,Valle de Juárez,https://iieg.jalisco.gob.mx/acervo/portal/mapas/367_2010_iieg,,Gobierno de Jalisco. Instituto de Información Territorial del Estado de Jalisco,90 x 90 cm,1: 25 000,"Referencia de Información Espacial: Proyección Cartográfica. Universal Transversa de Mercatos (utm), Zona 13 Norte. Datum de Referencia: Wgs84 (equivalente a Itrf92)",Instituto de Información Territorial del Estado de Jalisco,,Sistema de Información Estadística de Delimitaciones y Demarcaciones Territoriales,,
Villa Corona,Carta Municipal,2010,Villa Corona,https://iieg.jalisco.gob.mx/acervo/portal/mapas/368_2010_iieg,,Gobierno de Jalisco. Instituto de Información Territorial del Estado de Jalisco,90 x 90 cm,1: 55 000,"Referencia de Información Espacial: Proyección Cartográfica. Universal Transversa de Mercatos (utm), Zona 13 Norte. Datum de Referencia: Wgs84 (equivalente a Itrf92)",Instituto de Información Territorial del Estado de Jalisco,,Sistema de Información Estadística de Delimitaciones y Demarcaciones Territoriales,,
Villa Guerrero,Carta Municipal,2010,Villa Guerrero,https://iieg.jalisco.gob.mx/acervo/portal/mapas/369_2010_iieg,,Gobierno de Jalisco. Instituto de Información Territorial del Estado de Jalisco,90 x 90 cm,1: 50 000,"Referencia de Información Espacial: Proyección Cartográfica. Universal Transversa de Mercatos (utm), Zona 13 Norte. Datum de Referencia: Wgs84 (equivalente a Itrf92)",Instituto de Información Territorial del Estado de Jalisco,,Sistema de Información Estadística de Delimitaciones y Demarcaciones Territoriales,,
Villa Hidalgo,Carta Municipal,2010,Villa Hidalgo,https://iieg.jalisco.gob.mx/acervo/portal/mapas/370_2010_iieg,,Gobierno de Jalisco. Instituto de Información Territorial del Estado de Jalisco,90 x 90 cm,1: 50 000,"Referencia de Información Espacial: Proyección Cartográfica. Universal Transversa de Mercatos (utm), Zona 13 Norte. Datum de Referencia: Wgs84 (equivalente a Itrf92)",Instituto de Información Territorial del Estado de Jalisco,,Sistema de Información Estadística de Delimitaciones y Demarcaciones Territoriales,,
Villa Purificación,Carta Municipal,2010,Villa Purificación,https://iieg.jalisco.gob.mx/acervo/portal/mapas/371_2010_iieg,,Gobierno de Jalisco. Instituto de Información Territorial del Estado de Jalisco,90 x 90 cm,1: 85 000,"Referencia de Información Espacial: Proyección Cartográfica. Universal Transversa de Mercatos (utm), Zona 13 Norte. Datum de Referencia: Wgs84 (equivalente a Itrf92)",Instituto de Información Territorial del Estado de Jalisco,,Sistema de Información Estadística de Delimitaciones y Demarcaciones Territoriales,,
Yahualica de González Gallo,Carta Municipal,2010,Yahualica de González Gallo,https://iieg.jalisco.gob.mx/acervo/portal/mapas/372_2010_iieg,,Gobierno de Jalisco. Instituto de Información Territorial del Estado de Jalisco,90 x 90 cm,1: 55 000,"Referencia de Información Espacial: Proyección Cartográfica. Universal Transversa de Mercatos (utm), Zona 13 Norte. Datum de Referencia: Wgs84 (equivalente a Itrf92)",Instituto de Información Territorial del Estado de Jalisco,,Sistema de Información Estadística de Delimitaciones y Demarcaciones Territoriales,,
Zacoalco de Torres,Carta Municipal,2010,Zacoalco de Torres,https://iieg.jalisco.gob.mx/acervo/portal/mapas/373_2010_iieg,,Gobierno de Jalisco. Instituto de Información Territorial del Estado de Jalisco,90 x 90 cm,1: 50 000,"Referencia de Información Espacial: Proyección Cartográfica. Universal Transversa de Mercatos (utm), Zona 13 Norte. Datum de Referencia: Wgs84 (equivalente a Itrf92)",Instituto de Información Territorial del Estado de Jalisco,,Sistema de Información Estadística de Delimitaciones y Demarcaciones Territoriales,,
Zapopan,Carta Municipal,2010,Zapopan,https://iieg.jalisco.gob.mx/acervo/portal/mapas/374_2010_iieg,,Gobierno de Jalisco. Instituto de Información Territorial del Estado de Jalisco,90 x 90 cm,1: 70 000,"Referencia de Información Espacial: Proyección Cartográfica. Universal Transversa de Mercatos (utm), Zona 13 Norte. Datum de Referencia: Wgs84 (equivalente a Itrf92)",Instituto de Información Territorial del Estado de Jalisco,,Sistema de Información Estadística de Delimitaciones y Demarcaciones Territoriales,,
Zapotiltic,Carta Municipal,2010,Zapotiltic,https://iieg.jalisco.gob.mx/acervo/portal/mapas/375_2010_iieg,,Gobierno de Jalisco. Instituto de Información Territorial del Estado de Jalisco,90 x 90 cm,1: 50 000,"Referencia de Información Espacial: Proyección Cartográfica. Universal Transversa de Mercatos (utm), Zona 13 Norte. Datum de Referencia: Wgs84 (equivalente a Itrf92)",Instituto de Información Territorial del Estado de Jalisco,,Sistema de Información Estadística de Delimitaciones y Demarcaciones Territoriales,,
Zapotitlán de Vadillo,Carta Municipal,2010,Zapotitlán de Vadillo,https://iieg.jalisco.gob.mx/acervo/portal/mapas/376_2010_iieg,,Gobierno de Jalisco. Instituto de Información Territorial del Estado de Jalisco,90 x 90 cm,1: 50 000,"Referencia de Información Espacial: Proyección Cartográfica. Universal Transversa de Mercatos (utm), Zona 13 Norte. Datum de Referencia: Wgs84 (equivalente a Itrf92)",Instituto de Información Territorial del Estado de Jalisco,,Sistema de Información Estadística de Delimitaciones y Demarcaciones Territoriales,,
Zapotlán del Rey,Carta Municipal,2010,Zapotlán del Rey,https://iieg.jalisco.gob.mx/acervo/portal/mapas/377_2010_iieg,,Gobierno de Jalisco. Instituto de Información Territorial del Estado de Jalisco,90 x 90 cm,1: 45 000,"Referencia de Información Espacial: Proyección Cartográfica. Universal Transversa de Mercatos (utm), Zona 13 Norte. Datum de Referencia: Wgs84 (equivalente a Itrf92)",Instituto de Información Territorial del Estado de Jalisco,,Sistema de Información Estadística de Delimitaciones y Demarcaciones Territoriales,,
Zapotlán el Grande,Carta Municipal,2010,Zapotlán el Grande,https://iieg.jalisco.gob.mx/acervo/portal/mapas/378_2010_iieg,,Gobierno de Jalisco. Instituto de Información Territorial del Estado de Jalisco,90 x 90 cm,1: 40 000,"Referencia de Información Espacial: Proyección Cartográfica. Universal Transversa de Mercatos (utm), Zona 13 Norte. Datum de Referencia: Wgs84 (equivalente a Itrf92)",Instituto de Información Territorial del Estado de Jalisco,,Sistema de Información Estadística de Delimitaciones y Demarcaciones Territoriales,,
Zapotlanejo,Carta Municipal,2010,Zapotlanejo,https://iieg.jalisco.gob.mx/acervo/portal/mapas/379_2010_iieg,,Gobierno de Jalisco. Instituto de Información Territorial del Estado de Jalisco,90 x 90 cm,1: 65 000,"Referencia de Información Espacial: Proyección Cartográfica. Universal Transversa de Mercatos (utm), Zona 13 Norte. Datum de Referencia: Wgs84 (equivalente a Itrf92)",Instituto de Información Territorial del Estado de Jalisco,,Sistema de Información Estadística de Delimitaciones y Demarcaciones Territoriales,,
"Mapa General del Estado de Jalisco, 2012.",Mapa General,2012,Jalisco,https://iieg.jalisco.gob.mx/acervo/portal/mapas/380_2012_iieg,,Gobierno del Estado de Jalisco. Instituto de Información Territorial del Estado de Jalisco,,1: 500 000,"Proyección Cartográfica: Universal Transversa de Mercator (utm), Zona 13 Norte, Haciendo Extensivos los Valores al este del Meridiano 102° W. Datum de Referencia: Wgs84. Compatible con Itrf08 Época 2010.0.",Instituto de Información Territorial del Estado de Jalisco,,Sistema de Información Estadística de Delimitaciones y Demarcaciones Territoriales,"Limites Estatales y Municipales del “mapa General del Estado de Jalisco 2008” Actualizados a Escala 1:50,000. Iiitej, 2012. Por Acuerdo del Gobernador del Estado de Jalisco, C. Emilio González Márquez, Publicado en el Periódico Oficial “el Estado de Jalisco” el 27 de Marzo de 2012.",
Mapa Nacional,Atlas Mapa,2015,República Mexicana,https://iieg.jalisco.gob.mx/acervo/portal/mapas/381_2015_iieg,,Coordinación de Asesores del Secretario. Dirección General de Planeación. Dirección de Estadística y Cartografía.,110 x 90 cm,1: 520 000,"Contiene la Infraestructura del Sector a Nivel Nacional, Así como una Tabla de Distancias. Proyección Cónica Conforme de Lambert. Sistema Geodésico de Coordenadas: World Geodetic Systema Of 1984 (wgs84).",Secretaría de Comunicaciones y Transportes (sct),https://www.sct.gob.mx/planeacion/cartografia/mapa-nacional/,"Porta de la Sct, México.","En la Cara Inversa Tiene Información sobre Señalamientos Carreteros E Información de los Diferentes Subsectores de la Secretaría como Son el Carretero, el Aeroportuario y el Portuario.",
Jalisco,Atlas Mapa,2015,Jalisco,https://iieg.jalisco.gob.mx/acervo/portal/mapas/382_2015_iieg,,Subdirección de Cartografía de la Dirección de Estadística y Cartografía,111 x 90 cm,1: 3 000 00,"Atlas de Comunicaciones y Transportes, Está a Diferentes Escalas en un Formato de 110 X 90 Cm., Doblado Especial en 28 Partes o Módulos con un Tamaño Final de 22.5 X 11 Cm., en el Cual Se Puede Ver la Infraestructura del Sector a Nivel Estatal, Contiene una Tabla de Distancias y una Explicación Grafica de Cómo Interpretar el Mapa.",Secretaría de Comunicaciones y Transportes (sct),https://www.sct.gob.mx/planeacion/cartografia/mapa-nacional/,"Porta de la Sct, México.",En la Parte Posterior Contiene Información Turística Referente al Estado. El Atlas Consta de 31 Mapas Estatales y 2 del Distrito Federal. Su Proyección Es: Universal Transversa de Mercator con Base al Datum Wgs84.,
Acatic,Carta Municipal,2019,Acatic,https://iieg.jalisco.gob.mx/acervo/portal/mapas/383_2019_iieg,,Gobierno del Estado de Jalisco. Instituto de Información Estadística y Geográfica del Estado de Jalisco,90 x 90 cm,1: 45 000,"Proyección Cartográfica: Universal Transversa de Mercatos (utm), Zona 13 Norte. Datum de Referencia: Wgs84, Compatible con Itrf08 Época 2010.0",Instituto de Información Estadística y Geográfica del Estado de Jalisco,,Sistema de Información Estadística de Delimitaciones y Demarcaciones Territoriales,,
Acatlán de Juárez,Carta Municipal,2019,Acatlán de Juárez,https://iieg.jalisco.gob.mx/acervo/portal/mapas/384_2019_iieg,,Gobierno del Estado de Jalisco. Instituto de Información Estadística y Geográfica del Estado de Jalisco,90 x 90 cm,1: 35 000,"Proyección Cartográfica: Universal Transversa de Mercatos (utm), Zona 13 Norte. Datum de Referencia: Wgs84, Compatible con Itrf08 Época 2010.0",Instituto de Información Estadística y Geográfica del Estado de Jalisco,,Sistema de Información Estadística de Delimitaciones y Demarcaciones Territoriales,,
Ahualulco de Mercado,Carta Municipal,2019,Ahualulco de Mercado,https://iieg.jalisco.gob.mx/acervo/portal/mapas/385_2019_iieg,,Gobierno del Estado de Jalisco. Instituto de Información Estadística y Geográfica del Estado de Jalisco,90 x 90 cm,1: 30 000,"Proyección Cartográfica: Universal Transversa de Mercatos (utm), Zona 13 Norte. Datum de Referencia: Wgs84, Compatible con Itrf08 Época 2010.0",Instituto de Información Estadística y Geográfica del Estado de Jalisco,,Sistema de Información Estadística de Delimitaciones y Demarcaciones Territoriales,,
Amacueca,Carta Municipal,2019,Amacueca,https://iieg.jalisco.gob.mx/acervo/portal/mapas/386_2019_iieg,,Gobierno del Estado de Jalisco. Instituto de Información Estadística y Geográfica del Estado de Jalisco,90 x 90 cm,1: 30 000,"Proyección Cartográfica: Universal Transversa de Mercatos (utm), Zona 13 Norte. Datum de Referencia: Wgs84, Compatible con Itrf08 Época 2010.0",Instituto de Información Estadística y Geográfica del Estado de Jalisco,,Sistema de Información Estadística de Delimitaciones y Demarcaciones Territoriales,,
Amatitán,Carta Municipal,2019,Amatitán,https://iieg.jalisco.gob.mx/acervo/portal/mapas/387_2019_iieg,,Gobierno del Estado de Jalisco. Instituto de Información Estadística y Geográfica del Estado de Jalisco,90 x 90 cm,1: 40 000,"Proyección Cartográfica: Universal Transversa de Mercatos (utm), Zona 13 Norte. Datum de Referencia: Wgs84, Compatible con Itrf08 Época 2010.0",Instituto de Información Estadística y Geográfica del Estado de Jalisco,,Sistema de Información Estadística de Delimitaciones y Demarcaciones Territoriales,,
Ameca,Carta Municipal,2019,Ameca,https://iieg.jalisco.gob.mx/acervo/portal/mapas/388_2019_iieg,,Gobierno del Estado de Jalisco. Instituto de Información Estadística y Geográfica del Estado de Jalisco,90 x 90 cm,1: 55 000,"Proyección Cartográfica: Universal Transversa de Mercatos (utm), Zona 13 Norte. Datum de Referencia: Wgs84, Compatible con Itrf08 Época 2010.0",Instituto de Información Estadística y Geográfica del Estado de Jalisco,,Sistema de Información Estadística de Delimitaciones y Demarcaciones Territoriales,,
Arandas,Carta Municipal,2019,Arandas,https://iieg.jalisco.gob.mx/acervo/portal/mapas/389_2019_iieg,,Gobierno del Estado de Jalisco. Instituto de Información Estadística y Geográfica del Estado de Jalisco,90 x 90 cm,1: 65 000,"Proyección Cartográfica: Universal Transversa de Mercatos (utm), Zona 13 Norte. Datum de Referencia: Wgs84, Compatible con Itrf08 Época 2010.0",Instituto de Información Estadística y Geográfica del Estado de Jalisco,,Sistema de Información Estadística de Delimitaciones y Demarcaciones Territoriales,,
Atemajac de Brizuela,Carta Municipal,2019,Atemajac de Brizuela,https://iieg.jalisco.gob.mx/acervo/portal/mapas/390_2019_iieg,,Gobierno del Estado de Jalisco. Instituto de Información Estadística y Geográfica del Estado de Jalisco,90 x 90 cm,1: 40 000,"Proyección Cartográfica: Universal Transversa de Mercatos (utm), Zona 13 Norte. Datum de Referencia: Wgs84, Compatible con Itrf08 Época 2010.0",Instituto de Información Estadística y Geográfica del Estado de Jalisco,,Sistema de Información Estadística de Delimitaciones y Demarcaciones Territoriales,,
Atengo,Carta Municipal,2019,Atengo,https://iieg.jalisco.gob.mx/acervo/portal/mapas/391_2019_iieg,,Gobierno del Estado de Jalisco. Instituto de Información Estadística y Geográfica del Estado de Jalisco,90 x 90 cm,1: 45 000,"Proyección Cartográfica: Universal Transversa de Mercatos (utm), Zona 13 Norte. Datum de Referencia: Wgs84, Compatible con Itrf08 Época 2010.0",Instituto de Información Estadística y Geográfica del Estado de Jalisco,,Sistema de Información Estadística de Delimitaciones y Demarcaciones Territoriales,,
Atenguillo,Carta Municipal,2019,Atenguillo,https://iieg.jalisco.gob.mx/acervo/portal/mapas/392_2019_iieg,,Gobierno del Estado de Jalisco. Instituto de Información Estadística y Geográfica del Estado de Jalisco,90 x 90 cm,1: 95 000,"Proyección Cartográfica: Universal Transversa de Mercatos (utm), Zona 13 Norte. Datum de Referencia: Wgs84, Compatible con Itrf08 Época 2010.0",Instituto de Información Estadística y Geográfica del Estado de Jalisco,,Sistema de Información Estadística de Delimitaciones y Demarcaciones Territoriales,,
Atotonilco el Alto,Carta Municipal,2019,Atotonilco el Alto,https://iieg.jalisco.gob.mx/acervo/portal/mapas/393_2019_iieg,,Gobierno del Estado de Jalisco. Instituto de Información Estadística y Geográfica del Estado de Jalisco,90 x 90 cm,1: 50 000,"Proyección Cartográfica: Universal Transversa de Mercatos (utm), Zona 13 Norte. Datum de Referencia: Wgs84, Compatible con Itrf08 Época 2010.0",Instituto de Información Estadística y Geográfica del Estado de Jalisco,,Sistema de Información Estadística de Delimitaciones y Demarcaciones Territoriales,,
Atoyac,Carta Municipal,2019,Atoyac,https://iieg.jalisco.gob.mx/acervo/portal/mapas/394_2019_iieg,,Gobierno del Estado de Jalisco. Instituto de Información Estadística y Geográfica del Estado de Jalisco,90 x 90 cm,1: 50 000,"Proyección Cartográfica: Universal Transversa de Mercatos (utm), Zona 13 Norte. Datum de Referencia: Wgs84, Compatible con Itrf08 Época 2010.0",Instituto de Información Estadística y Geográfica del Estado de Jalisco,,Sistema de Información Estadística de Delimitaciones y Demarcaciones Territoriales,,
Autlán de Navarro,Carta Municipal,2019,Autlán de Navarro,https://iieg.jalisco.gob.mx/acervo/portal/mapas/395_2019_iieg,,Gobierno del Estado de Jalisco. Instituto de Información Estadística y Geográfica del Estado de Jalisco,90 x 90 cm,1: 65 000,"Proyección Cartográfica: Universal Transversa de Mercatos (utm), Zona 13 Norte. Datum de Referencia: Wgs84, Compatible con Itrf08 Época 2010.0",Instituto de Información Estadística y Geográfica del Estado de Jalisco,,Sistema de Información Estadística de Delimitaciones y Demarcaciones Territoriales,,
Ayotlán,Carta Municipal,2019,Ayotlán,https://iieg.jalisco.gob.mx/acervo/portal/mapas/396_2019_iieg,,Gobierno del Estado de Jalisco. Instituto de Información Estadística y Geográfica del Estado de Jalisco,90 x 90 cm,1: 50 000,"Proyección Cartográfica: Universal Transversa de Mercatos (utm), Zona 13 Norte. Datum de Referencia: Wgs84, Compatible con Itrf08 Época 2010.0",Instituto de Información Estadística y Geográfica del Estado de Jalisco,,Sistema de Información Estadística de Delimitaciones y Demarcaciones Territoriales,,
Ayutla,Carta Municipal,2019,Ayutla,https://iieg.jalisco.gob.mx/acervo/portal/mapas/397_2019_iieg,,Gobierno del Estado de Jalisco. Instituto de Información Estadística y Geográfica del Estado de Jalisco,90 x 90 cm,1: 80 000,"Proyección Cartográfica: Universal Transversa de Mercatos (utm), Zona 13 Norte. Datum de Referencia: Wgs84, Compatible con Itrf08 Época 2010.0",Instituto de Información Estadística y Geográfica del Estado de Jalisco,,Sistema de Información Estadística de Delimitaciones y Demarcaciones Territoriales,,
Bolaños,Carta Municipal,2019,Bolaños,https://iieg.jalisco.gob.mx/acervo/portal/mapas/398_2019_iieg,,Gobierno del Estado de Jalisco. Instituto de Información Estadística y Geográfica del Estado de Jalisco,90 x 90 cm,1: 90 000,"Proyección Cartográfica: Universal Transversa de Mercatos (utm), Zona 13 Norte. Datum de Referencia: Wgs84, Compatible con Itrf08 Época 2010.0",Instituto de Información Estadística y Geográfica del Estado de Jalisco,,Sistema de Información Estadística de Delimitaciones y Demarcaciones Territoriales,,
Cabo Corrientes,Carta Municipal,2019,Cabo Corrientes,https://iieg.jalisco.gob.mx/acervo/portal/mapas/399_2019_iieg,,Gobierno del Estado de Jalisco. Instituto de Información Estadística y Geográfica del Estado de Jalisco,90 x 90 cm,1: 70 000,"Proyección Cartográfica: Universal Transversa de Mercatos (utm), Zona 13 Norte. Datum de Referencia: Wgs84, Compatible con Itrf08 Época 2010.0",Instituto de Información Estadística y Geográfica del Estado de Jalisco,,Sistema de Información Estadística de Delimitaciones y Demarcaciones Territoriales,,
Cañadas de Obregón,Carta Municipal,2019,Cañadas de Obregón,https://iieg.jalisco.gob.mx/acervo/portal/mapas/400_2019_iieg,,Gobierno del Estado de Jalisco. Instituto de Información Estadística y Geográfica del Estado de Jalisco,90 x 90 cm,1: 40 000,"Proyección Cartográfica: Universal Transversa de Mercatos (utm), Zona 13 Norte. Datum de Referencia: Wgs84, Compatible con Itrf08 Época 2010.0",Instituto de Información Estadística y Geográfica del Estado de Jalisco,,Sistema de Información Estadística de Delimitaciones y Demarcaciones Territoriales,,
Casimiro Castillo,Carta Municipal,2019,Casimiro Castillo,https://iieg.jalisco.gob.mx/acervo/portal/mapas/401_2019_iieg,,Gobierno del Estado de Jalisco. Instituto de Información Estadística y Geográfica del Estado de Jalisco,90 x 90 cm,1: 60 000,"Proyección Cartográfica: Universal Transversa de Mercatos (utm), Zona 13 Norte. Datum de Referencia: Wgs84, Compatible con Itrf08 Época 2010.0",Instituto de Información Estadística y Geográfica del Estado de Jalisco,,Sistema de Información Estadística de Delimitaciones y Demarcaciones Territoriales,,
Chapala,Carta Municipal,2019,Chapala,https://iieg.jalisco.gob.mx/acervo/portal/mapas/402_2019_iieg,,Gobierno del Estado de Jalisco. Instituto de Información Estadística y Geográfica del Estado de Jalisco,90 x 90 cm,1: 30 000,"Proyección Cartográfica: Universal Transversa de Mercatos (utm), Zona 13 Norte. Datum de Referencia: Wgs84, Compatible con Itrf08 Época 2010.0",Instituto de Información Estadística y Geográfica del Estado de Jalisco,,Sistema de Información Estadística de Delimitaciones y Demarcaciones Territoriales,,
Chimaltitán,Carta Municipal,2019,Chimaltitán,https://iieg.jalisco.gob.mx/acervo/portal/mapas/403_2019_iieg,,Gobierno del Estado de Jalisco. Instituto de Información Estadística y Geográfica del Estado de Jalisco,90 x 90 cm,1: 70 000,"Proyección Cartográfica: Universal Transversa de Mercatos (utm), Zona 13 Norte. Datum de Referencia: Wgs84, Compatible con Itrf08 Época 2010.0",Instituto de Información Estadística y Geográfica del Estado de Jalisco,,Sistema de Información Estadística de Delimitaciones y Demarcaciones Territoriales,,
Chiquilistlán,Carta Municipal,2019,Chiquilistlán,https://iieg.jalisco.gob.mx/acervo/portal/mapas/404_2019_iieg,,Gobierno del Estado de Jalisco. Instituto de Información Estadística y Geográfica del Estado de Jalisco,90 x 90 cm,1: 40 000,"Proyección Cartográfica: Universal Transversa de Mercatos (utm), Zona 13 Norte. Datum de Referencia: Wgs84, Compatible con Itrf08 Época 2010.0",Instituto de Información Estadística y Geográfica del Estado de Jalisco,,Sistema de Información Estadística de Delimitaciones y Demarcaciones Territoriales,,
Cihuatlán,Carta Municipal,2019,Cihuatlán,https://iieg.jalisco.gob.mx/acervo/portal/mapas/405_2019_iieg,,Gobierno del Estado de Jalisco. Instituto de Información Estadística y Geográfica del Estado de Jalisco,90 x 90 cm,1: 60 000,"Proyección Cartográfica: Universal Transversa de Mercatos (utm), Zona 13 Norte. Datum de Referencia: Wgs84, Compatible con Itrf08 Época 2010.0",Instituto de Información Estadística y Geográfica del Estado de Jalisco,,Sistema de Información Estadística de Delimitaciones y Demarcaciones Territoriales,,
Cocula,Carta Municipal,2019,Cocula,https://iieg.jalisco.gob.mx/acervo/portal/mapas/406_2019_iieg,,Gobierno del Estado de Jalisco. Instituto de Información Estadística y Geográfica del Estado de Jalisco,90 x 90 cm,1: 55 000,"Proyección Cartográfica: Universal Transversa de Mercatos (utm), Zona 13 Norte. Datum de Referencia: Wgs84, Compatible con Itrf08 Época 2010.0",Instituto de Información Estadística y Geográfica del Estado de Jalisco,,Sistema de Información Estadística de Delimitaciones y Demarcaciones Territoriales,,
Colotlán,Carta Municipal,2019,Colotlán,https://iieg.jalisco.gob.mx/acervo/portal/mapas/407_2019_iieg,,Gobierno del Estado de Jalisco. Instituto de Información Estadística y Geográfica del Estado de Jalisco,90 x 90 cm,1: 60 000,"Proyección Cartográfica: Universal Transversa de Mercatos (utm), Zona 13 Norte. Datum de Referencia: Wgs84, Compatible con Itrf08 Época 2010.0",Instituto de Información Estadística y Geográfica del Estado de Jalisco,,Sistema de Información Estadística de Delimitaciones y Demarcaciones Territoriales,,
Concepción de Buenos Aires,Carta Municipal,2019,Concepción de Buenos Aires,https://iieg.jalisco.gob.mx/acervo/portal/mapas/408_2019_iieg,,Gobierno del Estado de Jalisco. Instituto de Información Estadística y Geográfica del Estado de Jalisco,90 x 90 cm,1: 40 000,"Proyección Cartográfica: Universal Transversa de Mercatos (utm), Zona 13 Norte. Datum de Referencia: Wgs84, Compatible con Itrf08 Época 2010.0",Instituto de Información Estadística y Geográfica del Estado de Jalisco,,Sistema de Información Estadística de Delimitaciones y Demarcaciones Territoriales,,
Cuautitlán de García Barragán,Carta Municipal,2019,Cuautitlán de García Barragán,https://iieg.jalisco.gob.mx/acervo/portal/mapas/409_2019_iieg,,Gobierno del Estado de Jalisco. Instituto de Información Estadística y Geográfica del Estado de Jalisco,90 x 90 cm,1: 85 000,"Proyección Cartográfica: Universal Transversa de Mercatos (utm), Zona 13 Norte. Datum de Referencia: Wgs84, Compatible con Itrf08 Época 2010.0",Instituto de Información Estadística y Geográfica del Estado de Jalisco,,Sistema de Información Estadística de Delimitaciones y Demarcaciones Territoriales,,
Cuautla,Carta Municipal,2019,Cuautla,https://iieg.jalisco.gob.mx/acervo/portal/mapas/410_2019_iieg,,Gobierno del Estado de Jalisco. Instituto de Información Estadística y Geográfica del Estado de Jalisco,90 x 90 cm,1: 50 000,"Proyección Cartográfica: Universal Transversa de Mercatos (utm), Zona 13 Norte. Datum de Referencia: Wgs84, Compatible con Itrf08 Época 2010.0",Instituto de Información Estadística y Geográfica del Estado de Jalisco,,Sistema de Información Estadística de Delimitaciones y Demarcaciones Territoriales,,
Cuquío,Carta Municipal,2019,Cuquío,https://iieg.jalisco.gob.mx/acervo/portal/mapas/411_2019_iieg,,Gobierno del Estado de Jalisco. Instituto de Información Estadística y Geográfica del Estado de Jalisco,90 x 90 cm,1: 60 000,"Proyección Cartográfica: Universal Transversa de Mercatos (utm), Zona 13 Norte. Datum de Referencia: Wgs84, Compatible con Itrf08 Época 2010.0",Instituto de Información Estadística y Geográfica del Estado de Jalisco,,Sistema de Información Estadística de Delimitaciones y Demarcaciones Territoriales,,
Degollado,Carta Municipal,2019,Degollado,https://iieg.jalisco.gob.mx/acervo/portal/mapas/412_2019_iieg,,Gobierno del Estado de Jalisco. Instituto de Información Estadística y Geográfica del Estado de Jalisco,90 x 90 cm,1: 45 000,"Proyección Cartográfica: Universal Transversa de Mercatos (utm), Zona 13 Norte. Datum de Referencia: Wgs84, Compatible con Itrf08 Época 2010.0",Instituto de Información Estadística y Geográfica del Estado de Jalisco,,Sistema de Información Estadística de Delimitaciones y Demarcaciones Territoriales,,
Ejutla,Carta Municipal,2019,Ejutla,https://iieg.jalisco.gob.mx/acervo/portal/mapas/413_2019_iieg,,Gobierno del Estado de Jalisco. Instituto de Información Estadística y Geográfica del Estado de Jalisco,90 x 90 cm,1: 40 000,"Proyección Cartográfica: Universal Transversa de Mercatos (utm), Zona 13 Norte. Datum de Referencia: Wgs84, Compatible con Itrf08 Época 2010.0",Instituto de Información Estadística y Geográfica del Estado de Jalisco,,Sistema de Información Estadística de Delimitaciones y Demarcaciones Territoriales,,
El Arenal,Carta Municipal,2019,El Arenal,https://iieg.jalisco.gob.mx/acervo/portal/mapas/414_2019_iieg,,Gobierno del Estado de Jalisco. Instituto de Información Estadística y Geográfica del Estado de Jalisco,90 x 90 cm,1: 30 000,"Proyección Cartográfica: Universal Transversa de Mercatos (utm), Zona 13 Norte. Datum de Referencia: Wgs84, Compatible con Itrf08 Época 2010.0",Instituto de Información Estadística y Geográfica del Estado de Jalisco,,Sistema de Información Estadística de Delimitaciones y Demarcaciones Territoriales,,
El Grullo,Carta Municipal,2019,El Grullo,https://iieg.jalisco.gob.mx/acervo/portal/mapas/415_2019_iieg,,Gobierno del Estado de Jalisco. Instituto de Información Estadística y Geográfica del Estado de Jalisco,90 x 90 cm,1: 35 000,"Proyección Cartográfica: Universal Transversa de Mercatos (utm), Zona 13 Norte. Datum de Referencia: Wgs84, Compatible con Itrf08 Época 2010.0",Instituto de Información Estadística y Geográfica del Estado de Jalisco,,Sistema de Información Estadística de Delimitaciones y Demarcaciones Territoriales,,
El Limón,Carta Municipal,2019,El Limón,https://iieg.jalisco.gob.mx/acervo/portal/mapas/416_2019_iieg,,Gobierno del Estado de Jalisco. Instituto de Información Estadística y Geográfica del Estado de Jalisco,90 x 90 cm,1: 30 000,"Proyección Cartográfica: Universal Transversa de Mercatos (utm), Zona 13 Norte. Datum de Referencia: Wgs84, Compatible con Itrf08 Época 2010.0",Instituto de Información Estadística y Geográfica del Estado de Jalisco,,Sistema de Información Estadística de Delimitaciones y Demarcaciones Territoriales,,
El Salto,Carta Municipal,2019,El Salto,https://iieg.jalisco.gob.mx/acervo/portal/mapas/417_2019_iieg,,Gobierno del Estado de Jalisco. Instituto de Información Estadística y Geográfica del Estado de Jalisco,90 x 90 cm,1: 25 000,"Proyección Cartográfica: Universal Transversa de Mercatos (utm), Zona 13 Norte. Datum de Referencia: Wgs84, Compatible con Itrf08 Época 2010.0",Instituto de Información Estadística y Geográfica del Estado de Jalisco,,Sistema de Información Estadística de Delimitaciones y Demarcaciones Territoriales,,
Encarnación de Díaz,Carta Municipal,2019,Encarnación de Díaz,https://iieg.jalisco.gob.mx/acervo/portal/mapas/418_2019_iieg,,Gobierno del Estado de Jalisco. Instituto de Información Estadística y Geográfica del Estado de Jalisco,90 x 90 cm,1: 75 000,"Proyección Cartográfica: Universal Transversa de Mercatos (utm), Zona 13 Norte, Haciendo Extensivos los Valores al este del Meridiano 102° W. Datum de Referencia: Wgs84, Compatible con Itrf08 Época 2010.0",Instituto de Información Estadística y Geográfica del Estado de Jalisco,,Sistema de Información Estadística de Delimitaciones y Demarcaciones Territoriales,,
Etzatlán,Carta Municipal,2019,Etzatlán,https://iieg.jalisco.gob.mx/acervo/portal/mapas/419_2019_iieg,,Gobierno del Estado de Jalisco. Instituto de Información Estadística y Geográfica del Estado de Jalisco,90 x 90 cm,1: 65 000,"Proyección Cartográfica: Universal Transversa de Mercatos (utm), Zona 13 Norte. Datum de Referencia: Wgs84, Compatible con Itrf08 Época 2010.0",Instituto de Información Estadística y Geográfica del Estado de Jalisco,,Sistema de Información Estadística de Delimitaciones y Demarcaciones Territoriales,,
Gómez Farías,Carta Municipal,2019,Gómez Farías,https://iieg.jalisco.gob.mx/acervo/portal/mapas/420_2019_iieg,,Gobierno del Estado de Jalisco. Instituto de Información Estadística y Geográfica del Estado de Jalisco,90 x 90 cm,1: 45 000,"Proyección Cartográfica: Universal Transversa de Mercatos (utm), Zona 13 Norte. Datum de Referencia: Wgs84, Compatible con Itrf08 Época 2010.0",Instituto de Información Estadística y Geográfica del Estado de Jalisco,,Sistema de Información Estadística de Delimitaciones y Demarcaciones Territoriales,,
Guachinango,Carta Municipal,2019,Guachinango,https://iieg.jalisco.gob.mx/acervo/portal/mapas/421_2019_iieg,,Gobierno del Estado de Jalisco. Instituto de Información Estadística y Geográfica del Estado de Jalisco,90 x 90 cm,1: 100 000,"Proyección Cartográfica: Universal Transversa de Mercatos (utm), Zona 13 Norte. Datum de Referencia: Wgs84, Compatible con Itrf08 Época 2010.0",Instituto de Información Estadística y Geográfica del Estado de Jalisco,,Sistema de Información Estadística de Delimitaciones y Demarcaciones Territoriales,,
Guadalajara,Carta Municipal,2019,Guadalajara,https://iieg.jalisco.gob.mx/acervo/portal/mapas/422_2019_iieg,,Gobierno del Estado de Jalisco. Instituto de Información Estadística y Geográfica del Estado de Jalisco,90 x 90 cm,1: 30 000,"Proyección Cartográfica: Universal Transversa de Mercatos (utm), Zona 13 Norte. Datum de Referencia: Wgs84, Compatible con Itrf08 Época 2010.0",Instituto de Información Estadística y Geográfica del Estado de Jalisco,,Sistema de Información Estadística de Delimitaciones y Demarcaciones Territoriales,,
Hostotipaquillo,Carta Municipal,2019,Hostotipaquillo,https://iieg.jalisco.gob.mx/acervo/portal/mapas/423_2019_iieg,,Gobierno del Estado de Jalisco. Instituto de Información Estadística y Geográfica del Estado de Jalisco,90 x 90 cm,1: 50 000,"Proyección Cartográfica: Universal Transversa de Mercatos (utm), Zona 13 Norte. Datum de Referencia: Wgs84, Compatible con Itrf08 Época 2010.0",Instituto de Información Estadística y Geográfica del Estado de Jalisco,,Sistema de Información Estadística de Delimitaciones y Demarcaciones Territoriales,,
Huejúcar,Carta Municipal,2019,Huejúcar,https://iieg.jalisco.gob.mx/acervo/portal/mapas/424_2019_iieg,,Gobierno del Estado de Jalisco. Instituto de Información Estadística y Geográfica del Estado de Jalisco,90 x 90 cm,1: 60 000,"Proyección Cartográfica: Universal Transversa de Mercatos (utm), Zona 13 Norte. Datum de Referencia: Wgs84, Compatible con Itrf08 Época 2010.0",Instituto de Información Estadística y Geográfica del Estado de Jalisco,,Sistema de Información Estadística de Delimitaciones y Demarcaciones Territoriales,,
Huejuquilla el Alto,Carta Municipal,2019,Huejuquilla el Alto,https://iieg.jalisco.gob.mx/acervo/portal/mapas/425_2019_iieg,,Gobierno del Estado de Jalisco. Instituto de Información Estadística y Geográfica del Estado de Jalisco,90 x 90 cm,1: 100 000,"Proyección Cartográfica: Universal Transversa de Mercatos (utm), Zona 13 Norte. Datum de Referencia: Wgs84, Compatible con Itrf08 Época 2010.0",Instituto de Información Estadística y Geográfica del Estado de Jalisco,,Sistema de Información Estadística de Delimitaciones y Demarcaciones Territoriales,,
Ixtlahuacán de los Membrillos,Carta Municipal,2019,Ixtlahuacán de los Membrillos,https://iieg.jalisco.gob.mx/acervo/portal/mapas/426_2019_iieg,,Gobierno del Estado de Jalisco. Instituto de Información Estadística y Geográfica del Estado de Jalisco,90 x 90 cm,1: 25 000,"Proyección Cartográfica: Universal Transversa de Mercatos (utm), Zona 13 Norte. Datum de Referencia: Wgs84, Compatible con Itrf08 Época 2010.0",Instituto de Información Estadística y Geográfica del Estado de Jalisco,,Sistema de Información Estadística de Delimitaciones y Demarcaciones Territoriales,,
Ixtlahuacán del Río,Carta Municipal,2019,Ixtlahuacán del Río,https://iieg.jalisco.gob.mx/acervo/portal/mapas/427_2019_iieg,,Gobierno del Estado de Jalisco. Instituto de Información Estadística y Geográfica del Estado de Jalisco,90 x 90 cm,1: 70 000,"Proyección Cartográfica: Universal Transversa de Mercatos (utm), Zona 13 Norte. Datum de Referencia: Wgs84, Compatible con Itrf08 Época 2010.0",Instituto de Información Estadística y Geográfica del Estado de Jalisco,,Sistema de Información Estadística de Delimitaciones y Demarcaciones Territoriales,,
Jalostotitlán,Carta Municipal,2019,Jalostotitlán,https://iieg.jalisco.gob.mx/acervo/portal/mapas/428_2019_iieg,,Gobierno del Estado de Jalisco. Instituto de Información Estadística y Geográfica del Estado de Jalisco,90 x 90 cm,1: 60 000,"Proyección Cartográfica: Universal Transversa de Mercatos (utm), Zona 13 Norte. Datum de Referencia: Wgs84, Compatible con Itrf08 Época 2010.0",Instituto de Información Estadística y Geográfica del Estado de Jalisco,,Sistema de Información Estadística de Delimitaciones y Demarcaciones Territoriales,,
Jamay,Carta Municipal,2019,Jamay,https://iieg.jalisco.gob.mx/acervo/portal/mapas/429_2019_iieg,,Gobierno del Estado de Jalisco. Instituto de Información Estadística y Geográfica del Estado de Jalisco,90 x 90 cm,1: 40 000,"Proyección Cartográfica: Universal Transversa de Mercatos (utm), Zona 13 Norte. Datum de Referencia: Wgs84, Compatible con Itrf08 Época 2010.0",Instituto de Información Estadística y Geográfica del Estado de Jalisco,,Sistema de Información Estadística de Delimitaciones y Demarcaciones Territoriales,,
Jesús María,Carta Municipal,2019,Jesús María,https://iieg.jalisco.gob.mx/acervo/portal/mapas/430_2019_iieg,,Gobierno del Estado de Jalisco. Instituto de Información Estadística y Geográfica del Estado de Jalisco,90 x 90 cm,1: 60 000,"Proyección Cartográfica: Universal Transversa de Mercatos (utm), Zona 13 Norte. Datum de Referencia: Wgs84, Compatible con Itrf08 Época 2010.0",Instituto de Información Estadística y Geográfica del Estado de Jalisco,,Sistema de Información Estadística de Delimitaciones y Demarcaciones Territoriales,,
Jilotlán de los Dolores,Carta Municipal,2019,Jilotlán de los Dolores,https://iieg.jalisco.gob.mx/acervo/portal/mapas/431_2019_iieg,,Gobierno del Estado de Jalisco. Instituto de Información Estadística y Geográfica del Estado de Jalisco,90 x 90 cm,1: 90 000,"Proyección Cartográfica: Universal Transversa de Mercatos (utm), Zona 13 Norte. Datum de Referencia: Wgs84, Compatible con Itrf08 Época 2010.0",Instituto de Información Estadística y Geográfica del Estado de Jalisco,,Sistema de Información Estadística de Delimitaciones y Demarcaciones Territoriales,,
Jocotepec,Carta Municipal,2019,Jocotepec,https://iieg.jalisco.gob.mx/acervo/portal/mapas/432_2019_iieg,,Gobierno del Estado de Jalisco. Instituto de Información Estadística y Geográfica del Estado de Jalisco,90 x 90 cm,1: 50 000,"Proyección Cartográfica: Universal Transversa de Mercatos (utm), Zona 13 Norte. Datum de Referencia: Wgs84, Compatible con Itrf08 Época 2010.0",Instituto de Información Estadística y Geográfica del Estado de Jalisco,,Sistema de Información Estadística de Delimitaciones y Demarcaciones Territoriales,,
Juanacatlán,Carta Municipal,2019,Juanacatlán,https://iieg.jalisco.gob.mx/acervo/portal/mapas/433_2019_iieg,,Gobierno del Estado de Jalisco. Instituto de Información Estadística y Geográfica del Estado de Jalisco,90 x 90 cm,1: 35 000,"Proyección Cartográfica: Universal Transversa de Mercatos (utm), Zona 13 Norte. Datum de Referencia: Wgs84, Compatible con Itrf08 Época 2010.0",Instituto de Información Estadística y Geográfica del Estado de Jalisco,,Sistema de Información Estadística de Delimitaciones y Demarcaciones Territoriales,,
Juchitlán,Carta Municipal,2019,Juchitlán,https://iieg.jalisco.gob.mx/acervo/portal/mapas/434_2019_iieg,,Gobierno del Estado de Jalisco. Instituto de Información Estadística y Geográfica del Estado de Jalisco,90 x 90 cm,1: 30 000,"Proyección Cartográfica: Universal Transversa de Mercatos (utm), Zona 13 Norte. Datum de Referencia: Wgs84, Compatible con Itrf08 Época 2010.0",Instituto de Información Estadística y Geográfica del Estado de Jalisco,,Sistema de Información Estadística de Delimitaciones y Demarcaciones Territoriales,,
La Barca,Carta Municipal,2019,La Barca,https://iieg.jalisco.gob.mx/acervo/portal/mapas/435_2019_iieg,,Gobierno del Estado de Jalisco. Instituto de Información Estadística y Geográfica del Estado de Jalisco,90 x 90 cm,1: 45 000,"Proyección Cartográfica: Universal Transversa de Mercatos (utm), Zona 13 Norte. Datum de Referencia: Wgs84, Compatible con Itrf08 Época 2010.0",Instituto de Información Estadística y Geográfica del Estado de Jalisco,,Sistema de Información Estadística de Delimitaciones y Demarcaciones Territoriales,,
La Huerta,Carta Municipal,2019,La Huerta,https://iieg.jalisco.gob.mx/acervo/portal/mapas/436_2019_iieg,,Gobierno del Estado de Jalisco. Instituto de Información Estadística y Geográfica del Estado de Jalisco,90 x 90 cm,1: 100 000,"Proyección Cartográfica: Universal Transversa de Mercatos (utm), Zona 13 Norte. Datum de Referencia: Wgs84, Compatible con Itrf08 Época 2010.0",Instituto de Información Estadística y Geográfica del Estado de Jalisco,,Sistema de Información Estadística de Delimitaciones y Demarcaciones Territoriales,,
La Manzanilla de la Paz,Carta Municipal,2019,La Manzanilla de la Paz,https://iieg.jalisco.gob.mx/acervo/portal/mapas/437_2019_iieg,,Gobierno del Estado de Jalisco. Instituto de Información Estadística y Geográfica del Estado de Jalisco,90 x 90 cm,1: 25 000,"Proyección Cartográfica: Universal Transversa de Mercatos (utm), Zona 13 Norte. Datum de Referencia: Wgs84, Compatible con Itrf08 Época 2010.0",Instituto de Información Estadística y Geográfica del Estado de Jalisco,,Sistema de Información Estadística de Delimitaciones y Demarcaciones Territoriales,,
Lagos de Moreno,Carta Municipal,2019,Lagos de Moreno,https://iieg.jalisco.gob.mx/acervo/portal/mapas/438_2019_iieg,,Gobierno del Estado de Jalisco. Instituto de Información Estadística y Geográfica del Estado de Jalisco,90 x 90 cm,1: 135 000,"Proyección Cartográfica: Universal Transversa de Mercatos (utm), Zona 13 Norte, Haciendo Extensivos los Valores al este del Meridiano 102° W. Datum de Referencia: Wgs84, Compatible con Itrf08 Época 2010.0",Instituto de Información Estadística y Geográfica del Estado de Jalisco,,Sistema de Información Estadística de Delimitaciones y Demarcaciones Territoriales,,
Magdalena,Carta Municipal,2019,Magdalena,https://iieg.jalisco.gob.mx/acervo/portal/mapas/439_2019_iieg,,Gobierno del Estado de Jalisco. Instituto de Información Estadística y Geográfica del Estado de Jalisco,90 x 90 cm,1: 45 000,"Proyección Cartográfica: Universal Transversa de Mercatos (utm), Zona 13 Norte. Datum de Referencia: Wgs84, Compatible con Itrf08 Época 2010.0",Instituto de Información Estadística y Geográfica del Estado de Jalisco,,Sistema de Información Estadística de Delimitaciones y Demarcaciones Territoriales,,
Mascota,Carta Municipal,2019,Mascota,https://iieg.jalisco.gob.mx/acervo/portal/mapas/440_2019_iieg,,Gobierno del Estado de Jalisco. Instituto de Información Estadística y Geográfica del Estado de Jalisco,90 x 90 cm,1: 110 000,"Proyección Cartográfica: Universal Transversa de Mercatos (utm), Zona 13 Norte. Datum de Referencia: Wgs84, Compatible con Itrf08 Época 2010.0",Instituto de Información Estadística y Geográfica del Estado de Jalisco,,Sistema de Información Estadística de Delimitaciones y Demarcaciones Territoriales,,
Mazamitla,Carta Municipal,2019,Mazamitla,https://iieg.jalisco.gob.mx/acervo/portal/mapas/441_2019_iieg,,Gobierno del Estado de Jalisco. Instituto de Información Estadística y Geográfica del Estado de Jalisco,90 x 90 cm,1: 40 000,"Proyección Cartográfica: Universal Transversa de Mercatos (utm), Zona 13 Norte. Datum de Referencia: Wgs84, Compatible con Itrf08 Época 2010.0",Instituto de Información Estadística y Geográfica del Estado de Jalisco,,Sistema de Información Estadística de Delimitaciones y Demarcaciones Territoriales,,
Mexticacán,Carta Municipal,2019,Mexticacán,https://iieg.jalisco.gob.mx/acervo/portal/mapas/442_2019_iieg,,Gobierno del Estado de Jalisco. Instituto de Información Estadística y Geográfica del Estado de Jalisco,90 x 90 cm,1: 40 000,"Proyección Cartográfica: Universal Transversa de Mercatos (utm), Zona 13 Norte. Datum de Referencia: Wgs84, Compatible con Itrf08 Época 2010.0",Instituto de Información Estadística y Geográfica del Estado de Jalisco,,Sistema de Información Estadística de Delimitaciones y Demarcaciones Territoriales,,
Mezquitic,Carta Municipal,2019,Mezquitic,https://iieg.jalisco.gob.mx/acervo/portal/mapas/443_2019_iieg,,Gobierno del Estado de Jalisco. Instituto de Información Estadística y Geográfica del Estado de Jalisco,90 x 90 cm,1: 150 000,"Proyección Cartográfica: Universal Transversa de Mercatos (utm), Zona 13 Norte. Datum de Referencia: Wgs84, Compatible con Itrf08 Época 2010.0",Instituto de Información Estadística y Geográfica del Estado de Jalisco,,Sistema de Información Estadística de Delimitaciones y Demarcaciones Territoriales,,
Mixtlán,Carta Municipal,2019,Mixtlán,https://iieg.jalisco.gob.mx/acervo/portal/mapas/444_2019_iieg,,Gobierno del Estado de Jalisco. Instituto de Información Estadística y Geográfica del Estado de Jalisco,90 x 90 cm,1: 60 000,"Proyección Cartográfica: Universal Transversa de Mercatos (utm), Zona 13 Norte. Datum de Referencia: Wgs84, Compatible con Itrf08 Época 2010.0",Instituto de Información Estadística y Geográfica del Estado de Jalisco,,Sistema de Información Estadística de Delimitaciones y Demarcaciones Territoriales,,
Ocotlán,Carta Municipal,2019,Ocotlán,https://iieg.jalisco.gob.mx/acervo/portal/mapas/445_2019_iieg,,Gobierno del Estado de Jalisco. Instituto de Información Estadística y Geográfica del Estado de Jalisco,90 x 90 cm,1: 40 000,"Proyección Cartográfica: Universal Transversa de Mercatos (utm), Zona 13 Norte. Datum de Referencia: Wgs84, Compatible con Itrf08 Época 2010.0",Instituto de Información Estadística y Geográfica del Estado de Jalisco,,Sistema de Información Estadística de Delimitaciones y Demarcaciones Territoriales,,
Ojuelos de Jalisco,Carta Municipal,2019,Ojuelos de Jalisco,https://iieg.jalisco.gob.mx/acervo/portal/mapas/446_2019_iieg,,Gobierno del Estado de Jalisco. Instituto de Información Estadística y Geográfica del Estado de Jalisco,90 x 90 cm,1: 90 000,"Proyección Cartográfica: Universal Transversa de Mercatos (utm), Zona 13 Norte. Datum de Referencia: Wgs84, Compatible con Itrf08 Época 2010.0",Instituto de Información Estadística y Geográfica del Estado de Jalisco,,Sistema de Información Estadística de Delimitaciones y Demarcaciones Territoriales,,
Pihuamo,Carta Municipal,2019,Pihuamo,https://iieg.jalisco.gob.mx/acervo/portal/mapas/447_2019_iieg,,Gobierno del Estado de Jalisco. Instituto de Información Estadística y Geográfica del Estado de Jalisco,90 x 90 cm,1: 75 000,"Proyección Cartográfica: Universal Transversa de Mercatos (utm), Zona 13 Norte. Datum de Referencia: Wgs84, Compatible con Itrf08 Época 2010.0",Instituto de Información Estadística y Geográfica del Estado de Jalisco,,Sistema de Información Estadística de Delimitaciones y Demarcaciones Territoriales,,
Poncitlán,Carta Municipal,2019,Poncitlán,https://iieg.jalisco.gob.mx/acervo/portal/mapas/448_2019_iieg,,Gobierno del Estado de Jalisco. Instituto de Información Estadística y Geográfica del Estado de Jalisco,90 x 90 cm,1: 45 000,"Proyección Cartográfica: Universal Transversa de Mercatos (utm), Zona 13 Norte. Datum de Referencia: Wgs84, Compatible con Itrf08 Época 2010.0",Instituto de Información Estadística y Geográfica del Estado de Jalisco,,Sistema de Información Estadística de Delimitaciones y Demarcaciones Territoriales,,
Puerto Vallarta,Carta Municipal,2019,Puerto Vallarta,https://iieg.jalisco.gob.mx/acervo/portal/mapas/449_2019_iieg,,Gobierno del Estado de Jalisco. Instituto de Información Estadística y Geográfica del Estado de Jalisco,90 x 90 cm,1: 100 000,"Proyección Cartográfica: Universal Transversa de Mercatos (utm), Zona 13 Norte. Datum de Referencia: Wgs84, Compatible con Itrf08 Época 2010.0",Instituto de Información Estadística y Geográfica del Estado de Jalisco,,Sistema de Información Estadística de Delimitaciones y Demarcaciones Territoriales,,
Quitupan,Carta Municipal,2019,Quitupan,https://iieg.jalisco.gob.mx/acervo/portal/mapas/450_2019_iieg,,Gobierno del Estado de Jalisco. Instituto de Información Estadística y Geográfica del Estado de Jalisco,90 x 90 cm,1: 60 000,"Proyección Cartográfica: Universal Transversa de Mercatos (utm), Zona 13 Norte. Datum de Referencia: Wgs84, Compatible con Itrf08 Época 2010.0",Instituto de Información Estadística y Geográfica del Estado de Jalisco,,Sistema de Información Estadística de Delimitaciones y Demarcaciones Territoriales,,
San Cristóbal de la Barranca,Carta Municipal,2019,San Cristóbal de la Barranca,https://iieg.jalisco.gob.mx/acervo/portal/mapas/451_2019_iieg,,Gobierno del Estado de Jalisco. Instituto de Información Estadística y Geográfica del Estado de Jalisco,90 x 90 cm,1: 45 000,"Proyección Cartográfica: Universal Transversa de Mercatos (utm), Zona 13 Norte. Datum de Referencia: Wgs84, Compatible con Itrf08 Época 2010.0",Instituto de Información Estadística y Geográfica del Estado de Jalisco,,Sistema de Información Estadística de Delimitaciones y Demarcaciones Territoriales,,
San Diego de Alejandría,Carta Municipal,2019,San Diego de Alejandría,https://iieg.jalisco.gob.mx/acervo/portal/mapas/452_2019_iieg,,Gobierno del Estado de Jalisco. Instituto de Información Estadística y Geográfica del Estado de Jalisco,90 x 90 cm,1: 40 000,"Proyección Cartográfica: Universal Transversa de Mercatos (utm), Zona 13 Norte, Haciendo Extensivos los Valores al este del Meridiano 102° W. Datum de Referencia: Wgs84, Compatible con Itrf08 Época 2010.0",Instituto de Información Estadística y Geográfica del Estado de Jalisco,,Sistema de Información Estadística de Delimitaciones y Demarcaciones Territoriales,,
San Gabriel,Carta Municipal,2019,San Gabriel,https://iieg.jalisco.gob.mx/acervo/portal/mapas/453_2019_iieg,,Gobierno del Estado de Jalisco. Instituto de Información Estadística y Geográfica del Estado de Jalisco,90 x 90 cm,1: 50 000,"Proyección Cartográfica: Universal Transversa de Mercatos (utm), Zona 13 Norte. Datum de Referencia: Wgs84, Compatible con Itrf08 Época 2010.0",Instituto de Información Estadística y Geográfica del Estado de Jalisco,,Sistema de Información Estadística de Delimitaciones y Demarcaciones Territoriales,,
San Ignacio Cerro Gordo,Carta Municipal,2019,San Ignacio Cerro Gordo,https://iieg.jalisco.gob.mx/acervo/portal/mapas/454_2019_iieg,,Gobierno del Estado de Jalisco. Instituto de Información Estadística y Geográfica del Estado de Jalisco,90 x 90 cm,1: 40 000,"Proyección Cartográfica: Universal Transversa de Mercatos (utm), Zona 13 Norte. Datum de Referencia: Wgs84, Compatible con Itrf08 Época 2010.0",Instituto de Información Estadística y Geográfica del Estado de Jalisco,,Sistema de Información Estadística de Delimitaciones y Demarcaciones Territoriales,,
San Juan de los Lagos,Carta Municipal,2019,San Juan de los Lagos,https://iieg.jalisco.gob.mx/acervo/portal/mapas/455_2019_iieg,,Gobierno del Estado de Jalisco. Instituto de Información Estadística y Geográfica del Estado de Jalisco,90 x 90 cm,1: 70 000,"Proyección Cartográfica: Universal Transversa de Mercatos (utm), Zona 13 Norte, Haciendo Extensivos los Valores al este del Meridiano 102° W. Datum de Referencia: Wgs84, Compatible con Itrf08 Época 2010.0",Instituto de Información Estadística y Geográfica del Estado de Jalisco,,Sistema de Información Estadística de Delimitaciones y Demarcaciones Territoriales,,
San Juanito de Escobedo,Carta Municipal,2019,San Juanito de Escobedo,https://iieg.jalisco.gob.mx/acervo/portal/mapas/456_2019_iieg,,Gobierno del Estado de Jalisco. Instituto de Información Estadística y Geográfica del Estado de Jalisco,90 x 90 cm,1: 40 000,"Proyección Cartográfica: Universal Transversa de Mercatos (utm), Zona 13 Norte. Datum de Referencia: Wgs84, Compatible con Itrf08 Época 2010.0",Instituto de Información Estadística y Geográfica del Estado de Jalisco,,Sistema de Información Estadística de Delimitaciones y Demarcaciones Territoriales,,
San Julián,Carta Municipal,2019,San Julián,https://iieg.jalisco.gob.mx/acervo/portal/mapas/457_2019_iieg,,Gobierno del Estado de Jalisco. Instituto de Información Estadística y Geográfica del Estado de Jalisco,90 x 90 cm,1: 40 000,"Proyección Cartográfica: Universal Transversa de Mercatos (utm), Zona 13 Norte. Datum de Referencia: Wgs84, Compatible con Itrf08 Época 2010.0",Instituto de Información Estadística y Geográfica del Estado de Jalisco,,Sistema de Información Estadística de Delimitaciones y Demarcaciones Territoriales,,
San Marcos,Carta Municipal,2019,San Marcos,https://iieg.jalisco.gob.mx/acervo/portal/mapas/458_2019_iieg,,Gobierno del Estado de Jalisco. Instituto de Información Estadística y Geográfica del Estado de Jalisco,90 x 90 cm,1: 40 000,"Proyección Cartográfica: Universal Transversa de Mercatos (utm), Zona 13 Norte. Datum de Referencia: Wgs84, Compatible con Itrf08 Época 2010.0",Instituto de Información Estadística y Geográfica del Estado de Jalisco,,Sistema de Información Estadística de Delimitaciones y Demarcaciones Territoriales,,
San Martín de Bolaños,Carta Municipal,2019,San Martín de Bolaños,https://iieg.jalisco.gob.mx/acervo/portal/mapas/459_2019_iieg,,Gobierno del Estado de Jalisco. Instituto de Información Estadística y Geográfica del Estado de Jalisco,90 x 90 cm,1: 110 000,"Proyección Cartográfica: Universal Transversa de Mercatos (utm), Zona 13 Norte. Datum de Referencia: Wgs84, Compatible con Itrf08 Época 2010.0",Instituto de Información Estadística y Geográfica del Estado de Jalisco,,Sistema de Información Estadística de Delimitaciones y Demarcaciones Territoriales,,
San Martín Hidalgo,Carta Municipal,2019,San Martín Hidalgo,https://iieg.jalisco.gob.mx/acervo/portal/mapas/460_2019_iieg,,Gobierno del Estado de Jalisco. Instituto de Información Estadística y Geográfica del Estado de Jalisco,90 x 90 cm,1: 50 000,"Proyección Cartográfica: Universal Transversa de Mercatos (utm), Zona 13 Norte. Datum de Referencia: Wgs84, Compatible con Itrf08 Época 2010.0",Instituto de Información Estadística y Geográfica del Estado de Jalisco,,Sistema de Información Estadística de Delimitaciones y Demarcaciones Territoriales,,
San Miguel el Alto,Carta Municipal,2019,San Miguel el Alto,https://iieg.jalisco.gob.mx/acervo/portal/mapas/461_2019_iieg,,Gobierno del Estado de Jalisco. Instituto de Información Estadística y Geográfica del Estado de Jalisco,90 x 90 cm,1: 50 000,"Proyección Cartográfica: Universal Transversa de Mercatos (utm), Zona 13 Norte. Datum de Referencia: Wgs84, Compatible con Itrf08 Época 2010.0",Instituto de Información Estadística y Geográfica del Estado de Jalisco,,Sistema de Información Estadística de Delimitaciones y Demarcaciones Territoriales,,
San Pedro Tlaquepaque,Carta Municipal,2019,San Pedro Tlaquepaque,https://iieg.jalisco.gob.mx/acervo/portal/mapas/462_2019_iieg,,Gobierno del Estado de Jalisco. Instituto de Información Estadística y Geográfica del Estado de Jalisco,90 x 90 cm,1: 30 000,"Proyección Cartográfica: Universal Transversa de Mercatos (utm), Zona 13 Norte. Datum de Referencia: Wgs84, Compatible con Itrf08 Época 2010.0",Instituto de Información Estadística y Geográfica del Estado de Jalisco,,Sistema de Información Estadística de Delimitaciones y Demarcaciones Territoriales,,
San Sebastián del Oeste,Carta Municipal,2019,San Sebastián del Oeste,https://iieg.jalisco.gob.mx/acervo/portal/mapas/463_2019_iieg,,Gobierno del Estado de Jalisco. Instituto de Información Estadística y Geográfica del Estado de Jalisco,90 x 90 cm,1: 70 000,"Proyección Cartográfica: Universal Transversa de Mercatos (utm), Zona 13 Norte. Datum de Referencia: Wgs84, Compatible con Itrf08 Época 2010.0",Instituto de Información Estadística y Geográfica del Estado de Jalisco,,Sistema de Información Estadística de Delimitaciones y Demarcaciones Territoriales,,
Santa María de los Ángeles,Carta Municipal,2019,Santa María de los Ángeles,https://iieg.jalisco.gob.mx/acervo/portal/mapas/464_2019_iieg,,Gobierno del Estado de Jalisco. Instituto de Información Estadística y Geográfica del Estado de Jalisco,90 x 90 cm,1: 40 000,"Proyección Cartográfica: Universal Transversa de Mercatos (utm), Zona 13 Norte. Datum de Referencia: Wgs84, Compatible con Itrf08 Época 2010.0",Instituto de Información Estadística y Geográfica del Estado de Jalisco,,Sistema de Información Estadística de Delimitaciones y Demarcaciones Territoriales,,
Santa María del Oro,Carta Municipal,2019,Santa María del Oro,https://iieg.jalisco.gob.mx/acervo/portal/mapas/465_2019_iieg,,Gobierno del Estado de Jalisco. Instituto de Información Estadística y Geográfica del Estado de Jalisco,90 x 90 cm,1: 65 000,"Proyección Cartográfica: Universal Transversa de Mercatos (utm), Zona 13 Norte. Datum de Referencia: Wgs84, Compatible con Itrf08 Época 2010.0",Instituto de Información Estadística y Geográfica del Estado de Jalisco,,Sistema de Información Estadística de Delimitaciones y Demarcaciones Territoriales,,
Sayula,Carta Municipal,2019,Sayula,https://iieg.jalisco.gob.mx/acervo/portal/mapas/466_2019_iieg,,Gobierno del Estado de Jalisco. Instituto de Información Estadística y Geográfica del Estado de Jalisco,90 x 90 cm,1: 35 000,"Proyección Cartográfica: Universal Transversa de Mercatos (utm), Zona 13 Norte. Datum de Referencia: Wgs84, Compatible con Itrf08 Época 2010.0",Instituto de Información Estadística y Geográfica del Estado de Jalisco,,Sistema de Información Estadística de Delimitaciones y Demarcaciones Territoriales,,
Tala,Carta Municipal,2019,Tala,https://iieg.jalisco.gob.mx/acervo/portal/mapas/467_2019_iieg,,Gobierno del Estado de Jalisco. Instituto de Información Estadística y Geográfica del Estado de Jalisco,90 x 90 cm,1: 50 000,"Proyección Cartográfica: Universal Transversa de Mercatos (utm), Zona 13 Norte. Datum de Referencia: Wgs84, Compatible con Itrf08 Época 2010.0",Instituto de Información Estadística y Geográfica del Estado de Jalisco,,Sistema de Información Estadística de Delimitaciones y Demarcaciones Territoriales,,
Talpa de Allende,Carta Municipal,2019,Tapa de Allende,https://iieg.jalisco.gob.mx/acervo/portal/mapas/468_2019_iieg,,Gobierno del Estado de Jalisco. Instituto de Información Estadística y Geográfica del Estado de Jalisco,90 x 90 cm,1: 85 000,"Proyección Cartográfica: Universal Transversa de Mercatos (utm), Zona 13 Norte. Datum de Referencia: Wgs84, Compatible con Itrf08 Época 2010.0",Instituto de Información Estadística y Geográfica del Estado de Jalisco,,Sistema de Información Estadística de Delimitaciones y Demarcaciones Territoriales,,
Tamazula de Gordiano,Carta Municipal,2019,Tamazula de Gordiano,https://iieg.jalisco.gob.mx/acervo/portal/mapas/469_2019_iieg,,Gobierno del Estado de Jalisco. Instituto de Información Estadística y Geográfica del Estado de Jalisco,90 x 90 cm,1: 90 000,"Proyección Cartográfica: Universal Transversa de Mercatos (utm), Zona 13 Norte. Datum de Referencia: Wgs84, Compatible con Itrf08 Época 2010.0",Instituto de Información Estadística y Geográfica del Estado de Jalisco,,Sistema de Información Estadística de Delimitaciones y Demarcaciones Territoriales,,
Tapalpa,Carta Municipal,2019,Tapalpa,https://iieg.jalisco.gob.mx/acervo/portal/mapas/470_2019_iieg,,Gobierno del Estado de Jalisco. Instituto de Información Estadística y Geográfica del Estado de Jalisco,90 x 90 cm,1: 60 000,"Proyección Cartográfica: Universal Transversa de Mercatos (utm), Zona 13 Norte. Datum de Referencia: Wgs84, Compatible con Itrf08 Época 2010.0",Instituto de Información Estadística y Geográfica del Estado de Jalisco,,Sistema de Información Estadística de Delimitaciones y Demarcaciones Territoriales,,
Tecalitlán,Carta Municipal,2019,Tecalitlán,https://iieg.jalisco.gob.mx/acervo/portal/mapas/471_2019_iieg,,Gobierno del Estado de Jalisco. Instituto de Información Estadística y Geográfica del Estado de Jalisco,90 x 90 cm,1: 100 000,"Proyección Cartográfica: Universal Transversa de Mercatos (utm), Zona 13 Norte. Datum de Referencia: Wgs84, Compatible con Itrf08 Época 2010.0",Instituto de Información Estadística y Geográfica del Estado de Jalisco,,Sistema de Información Estadística de Delimitaciones y Demarcaciones Territoriales,,
Techaluta de Montenegro,Carta Municipal,2019,Techaluta de Montenegro,https://iieg.jalisco.gob.mx/acervo/portal/mapas/472_2019_iieg,,Gobierno del Estado de Jalisco. Instituto de Información Estadística y Geográfica del Estado de Jalisco,90 x 90 cm,1: 25 000,"Proyección Cartográfica: Universal Transversa de Mercatos (utm), Zona 13 Norte. Datum de Referencia: Wgs84, Compatible con Itrf08 Época 2010.0",Instituto de Información Estadística y Geográfica del Estado de Jalisco,,Sistema de Información Estadística de Delimitaciones y Demarcaciones Territoriales,,
Tecolotlán,Carta Municipal,2019,Tecolotlán,https://iieg.jalisco.gob.mx/acervo/portal/mapas/473_2019_iieg,,Gobierno del Estado de Jalisco. Instituto de Información Estadística y Geográfica del Estado de Jalisco,90 x 90 cm,1: 60 000,"Proyección Cartográfica: Universal Transversa de Mercatos (utm), Zona 13 Norte. Datum de Referencia: Wgs84, Compatible con Itrf08 Época 2010.0",Instituto de Información Estadística y Geográfica del Estado de Jalisco,,Sistema de Información Estadística de Delimitaciones y Demarcaciones Territoriales,,
Tenamaxtlán,Carta Municipal,2019,Tenamaxtlán,https://iieg.jalisco.gob.mx/acervo/portal/mapas/474_2019_iieg,,Gobierno del Estado de Jalisco. Instituto de Información Estadística y Geográfica del Estado de Jalisco,90 x 90 cm,1: 65 000,"Proyección Cartográfica: Universal Transversa de Mercatos (utm), Zona 13 Norte. Datum de Referencia: Wgs84, Compatible con Itrf08 Época 2010.0",Instituto de Información Estadística y Geográfica del Estado de Jalisco,,Sistema de Información Estadística de Delimitaciones y Demarcaciones Territoriales,,
Teocaltiche,Carta Municipal,2019,Teocaltiche,https://iieg.jalisco.gob.mx/acervo/portal/mapas/475_2019_iieg,,Gobierno del Estado de Jalisco. Instituto de Información Estadística y Geográfica del Estado de Jalisco,90 x 90 cm,1: 80 000,"Proyección Cartográfica: Universal Transversa de Mercatos (utm), Zona 13 Norte. Datum de Referencia: Wgs84, Compatible con Itrf08 Época 2010.0",Instituto de Información Estadística y Geográfica del Estado de Jalisco,,Sistema de Información Estadística de Delimitaciones y Demarcaciones Territoriales,,
Teocuitatlán de Corona,Carta Municipal,2019,Teocuitatlán de Corona,https://iieg.jalisco.gob.mx/acervo/portal/mapas/476_2019_iieg,,Gobierno del Estado de Jalisco. Instituto de Información Estadística y Geográfica del Estado de Jalisco,90 x 90 cm,1: 45 000,"Proyección Cartográfica: Universal Transversa de Mercatos (utm), Zona 13 Norte. Datum de Referencia: Wgs84, Compatible con Itrf08 Época 2010.0",Instituto de Información Estadística y Geográfica del Estado de Jalisco,,Sistema de Información Estadística de Delimitaciones y Demarcaciones Territoriales,,
Tepatitlán de Morelos,Carta Municipal,2019,Tepatitlán de Morelos,https://iieg.jalisco.gob.mx/acervo/portal/mapas/477_2019_iieg,,Gobierno del Estado de Jalisco. Instituto de Información Estadística y Geográfica del Estado de Jalisco,90 x 90 cm,1: 85 000,"Proyección Cartográfica: Universal Transversa de Mercatos (utm), Zona 13 Norte. Datum de Referencia: Wgs84, Compatible con Itrf08 Época 2010.0",Instituto de Información Estadística y Geográfica del Estado de Jalisco,,Sistema de Información Estadística de Delimitaciones y Demarcaciones Territoriales,,
Tequila,Carta Municipal,2019,Tequila,https://iieg.jalisco.gob.mx/acervo/portal/mapas/478_2019_iieg,,Gobierno del Estado de Jalisco. Instituto de Información Estadística y Geográfica del Estado de Jalisco,90 x 90 cm,1: 90 000,"Proyección Cartográfica: Universal Transversa de Mercatos (utm), Zona 13 Norte. Datum de Referencia: Wgs84, Compatible con Itrf08 Época 2010.0",Instituto de Información Estadística y Geográfica del Estado de Jalisco,,Sistema de Información Estadística de Delimitaciones y Demarcaciones Territoriales,,
Teuchitlán,Carta Municipal,2019,Teuchitlán,https://iieg.jalisco.gob.mx/acervo/portal/mapas/479_2019_iieg,,Gobierno del Estado de Jalisco. Instituto de Información Estadística y Geográfica del Estado de Jalisco,90 x 90 cm,1: 40 000,"Proyección Cartográfica: Universal Transversa de Mercatos (utm), Zona 13 Norte. Datum de Referencia: Wgs84, Compatible con Itrf08 Época 2010.0",Instituto de Información Estadística y Geográfica del Estado de Jalisco,,Sistema de Información Estadística de Delimitaciones y Demarcaciones Territoriales,,
Tizapán el Alto,Carta Municipal,2019,Tizapán el Alto,https://iieg.jalisco.gob.mx/acervo/portal/mapas/480_2019_iieg,,Gobierno del Estado de Jalisco. Instituto de Información Estadística y Geográfica del Estado de Jalisco,90 x 90 cm,1: 35 000,"Proyección Cartográfica: Universal Transversa de Mercatos (utm), Zona 13 Norte. Datum de Referencia: Wgs84, Compatible con Itrf08 Época 2010.0",Instituto de Información Estadística y Geográfica del Estado de Jalisco,,Sistema de Información Estadística de Delimitaciones y Demarcaciones Territoriales,,
Tlajomulco de Zúñiga,Carta Municipal,2019,Tlajomulco de Zúñiga,https://iieg.jalisco.gob.mx/acervo/portal/mapas/481_2019_iieg,,Gobierno del Estado de Jalisco. Instituto de Información Estadística y Geográfica del Estado de Jalisco,90 x 90 cm,1: 55 000,"Proyección Cartográfica: Universal Transversa de Mercatos (utm), Zona 13 Norte. Datum de Referencia: Wgs84, Compatible con Itrf08 Época 2010.0",Instituto de Información Estadística y Geográfica del Estado de Jalisco,,Sistema de Información Estadística de Delimitaciones y Demarcaciones Territoriales,,
Tolimán,Carta Municipal,2019,Tolimán,https://iieg.jalisco.gob.mx/acervo/portal/mapas/482_2019_iieg,,Gobierno del Estado de Jalisco. Instituto de Información Estadística y Geográfica del Estado de Jalisco,90 x 90 cm,1: 55 000,"Proyección Cartográfica: Universal Transversa de Mercatos (utm), Zona 13 Norte. Datum de Referencia: Wgs84, Compatible con Itrf08 Época 2010.0",Instituto de Información Estadística y Geográfica del Estado de Jalisco,,Sistema de Información Estadística de Delimitaciones y Demarcaciones Territoriales,,
Tomatlán,Carta Municipal,2019,Tomatlán,https://iieg.jalisco.gob.mx/acervo/portal/mapas/483_2019_iieg,,Gobierno del Estado de Jalisco. Instituto de Información Estadística y Geográfica del Estado de Jalisco,90 x 90 cm,1: 125 000,"Proyección Cartográfica: Universal Transversa de Mercatos (utm), Zona 13 Norte. Datum de Referencia: Wgs84, Compatible con Itrf08 Época 2010.0",Instituto de Información Estadística y Geográfica del Estado de Jalisco,,Sistema de Información Estadística de Delimitaciones y Demarcaciones Territoriales,,
Tonalá,Carta Municipal,2019,Tonalá,https://iieg.jalisco.gob.mx/acervo/portal/mapas/484_2019_iieg,,Gobierno del Estado de Jalisco. Instituto de Información Estadística y Geográfica del Estado de Jalisco,90 x 90 cm,1: 35 000,"Proyección Cartográfica: Universal Transversa de Mercatos (utm), Zona 13 Norte. Datum de Referencia: Wgs84, Compatible con Itrf08 Época 2010.0",Instituto de Información Estadística y Geográfica del Estado de Jalisco,,Sistema de Información Estadística de Delimitaciones y Demarcaciones Territoriales,,
Tonaya,Carta Municipal,2019,Tonaya,https://iieg.jalisco.gob.mx/acervo/portal/mapas/485_2019_iieg,,Gobierno del Estado de Jalisco. Instituto de Información Estadística y Geográfica del Estado de Jalisco,90 x 90 cm,1: 50 000,"Proyección Cartográfica: Universal Transversa de Mercatos (utm), Zona 13 Norte. Datum de Referencia: Wgs84, Compatible con Itrf08 Época 2010.0",Instituto de Información Estadística y Geográfica del Estado de Jalisco,,Sistema de Información Estadística de Delimitaciones y Demarcaciones Territoriales,,
Tonila,Carta Municipal,2019,Tonila,https://iieg.jalisco.gob.mx/acervo/portal/mapas/486_2019_iieg,,Gobierno del Estado de Jalisco. Instituto de Información Estadística y Geográfica del Estado de Jalisco,90 x 90 cm,1: 50 000,"Proyección Cartográfica: Universal Transversa de Mercatos (utm), Zona 13 Norte. Datum de Referencia: Wgs84, Compatible con Itrf08 Época 2010.0",Instituto de Información Estadística y Geográfica del Estado de Jalisco,,Sistema de Información Estadística de Delimitaciones y Demarcaciones Territoriales,,
Totatiche,Carta Municipal,2019,Totatiche,https://iieg.jalisco.gob.mx/acervo/portal/mapas/487_2019_iieg,,Gobierno del Estado de Jalisco. Instituto de Información Estadística y Geográfica del Estado de Jalisco,90 x 90 cm,1: 60 000,"Proyección Cartográfica: Universal Transversa de Mercatos (utm), Zona 13 Norte. Datum de Referencia: Wgs84, Compatible con Itrf08 Época 2010.0",Instituto de Información Estadística y Geográfica del Estado de Jalisco,,Sistema de Información Estadística de Delimitaciones y Demarcaciones Territoriales,,
Tototlán,Carta Municipal,2019,Tototlán,https://iieg.jalisco.gob.mx/acervo/portal/mapas/488_2019_iieg,,Gobierno del Estado de Jalisco. Instituto de Información Estadística y Geográfica del Estado de Jalisco,90 x 90 cm,1: 40 000,"Proyección Cartográfica: Universal Transversa de Mercatos (utm), Zona 13 Norte. Datum de Referencia: Wgs84, Compatible con Itrf08 Época 2010.0",Instituto de Información Estadística y Geográfica del Estado de Jalisco,,Sistema de Información Estadística de Delimitaciones y Demarcaciones Territoriales,,
Tuxcacuesco,Carta Municipal,2019,Tuxcacuesco,https://iieg.jalisco.gob.mx/acervo/portal/mapas/489_2019_iieg,,Gobierno del Estado de Jalisco. Instituto de Información Estadística y Geográfica del Estado de Jalisco,90 x 90 cm,1: 50 000,"Proyección Cartográfica: Universal Transversa de Mercatos (utm), Zona 13 Norte. Datum de Referencia: Wgs84, Compatible con Itrf08 Época 2010.0",Instituto de Información Estadística y Geográfica del Estado de Jalisco,,Sistema de Información Estadística de Delimitaciones y Demarcaciones Territoriales,,
Tuxcueca,Carta Municipal,2019,Tuxcueca,https://iieg.jalisco.gob.mx/acervo/portal/mapas/490_2019_iieg,,Gobierno del Estado de Jalisco. Instituto de Información Estadística y Geográfica del Estado de Jalisco,90 x 90 cm,1: 35 000,"Proyección Cartográfica: Universal Transversa de Mercatos (utm), Zona 13 Norte. Datum de Referencia: Wgs84, Compatible con Itrf08 Época 2010.0",Instituto de Información Estadística y Geográfica del Estado de Jalisco,,Sistema de Información Estadística de Delimitaciones y Demarcaciones Territoriales,,
Tuxpan,Carta Municipal,2019,Tuxpan,https://iieg.jalisco.gob.mx/acervo/portal/mapas/491_2019_iieg,,Gobierno del Estado de Jalisco. Instituto de Información Estadística y Geográfica del Estado de Jalisco,90 x 90 cm,1: 75 000,"Proyección Cartográfica: Universal Transversa de Mercatos (utm), Zona 13 Norte. Datum de Referencia: Wgs84, Compatible con Itrf08 Época 2010.0",Instituto de Información Estadística y Geográfica del Estado de Jalisco,,Sistema de Información Estadística de Delimitaciones y Demarcaciones Territoriales,,
Unión de San Antonio,Carta Municipal,2019,Unión de San Antonio,https://iieg.jalisco.gob.mx/acervo/portal/mapas/492_2019_iieg,,Gobierno del Estado de Jalisco. Instituto de Información Estadística y Geográfica del Estado de Jalisco,90 x 90 cm,1: 60 000,"Proyección Cartográfica: Universal Transversa de Mercatos (utm), Zona 13 Norte. Datum de Referencia: Wgs84, Compatible con Itrf08 Época 2010.0",Instituto de Información Estadística y Geográfica del Estado de Jalisco,,Sistema de Información Estadística de Delimitaciones y Demarcaciones Territoriales,,
Unión de Tula,Carta Municipal,2019,Unión de Tula,https://iieg.jalisco.gob.mx/acervo/portal/mapas/493_2019_iieg,,Gobierno del Estado de Jalisco. Instituto de Información Estadística y Geográfica del Estado de Jalisco,90 x 90 cm,1: 55 000,"Proyección Cartográfica: Universal Transversa de Mercatos (utm), Zona 13 Norte. Datum de Referencia: Wgs84, Compatible con Itrf08 Época 2010.0",Instituto de Información Estadística y Geográfica del Estado de Jalisco,,Sistema de Información Estadística de Delimitaciones y Demarcaciones Territoriales,,
Valle de Guadalupe,Carta Municipal,2019,Valle de Guadalupe,https://iieg.jalisco.gob.mx/acervo/portal/mapas/494_2019_iieg,,Gobierno del Estado de Jalisco. Instituto de Información Estadística y Geográfica del Estado de Jalisco,90 x 90 cm,1: 45 000,"Proyección Cartográfica: Universal Transversa de Mercatos (utm), Zona 13 Norte. Datum de Referencia: Wgs84, Compatible con Itrf08 Época 2010.0",Instituto de Información Estadística y Geográfica del Estado de Jalisco,,Sistema de Información Estadística de Delimitaciones y Demarcaciones Territoriales,,
Valle de Juárez,Carta Municipal,2019,Valle de Juárez,https://iieg.jalisco.gob.mx/acervo/portal/mapas/495_2019_iieg,,Gobierno del Estado de Jalisco. Instituto de Información Estadística y Geográfica del Estado de Jalisco,90 x 90 cm,1: 25 000,"Proyección Cartográfica: Universal Transversa de Mercatos (utm), Zona 13 Norte. Datum de Referencia: Wgs84, Compatible con Itrf08 Época 2010.0",Instituto de Información Estadística y Geográfica del Estado de Jalisco,,Sistema de Información Estadística de Delimitaciones y Demarcaciones Territoriales,,
Villa Corona,Carta Municipal,2019,Villa Corona,https://iieg.jalisco.gob.mx/acervo/portal/mapas/496_2019_iieg,,Gobierno del Estado de Jalisco. Instituto de Información Estadística y Geográfica del Estado de Jalisco,90 x 90 cm,1: 60 000,"Proyección Cartográfica: Universal Transversa de Mercatos (utm), Zona 13 Norte. Datum de Referencia: Wgs84, Compatible con Itrf08 Época 2010.0",Instituto de Información Estadística y Geográfica del Estado de Jalisco,,Sistema de Información Estadística de Delimitaciones y Demarcaciones Territoriales,,
Villa Guerrero,Carta Municipal,2019,Villa Guerrero,https://iieg.jalisco.gob.mx/acervo/portal/mapas/497_2019_iieg,,Gobierno del Estado de Jalisco. Instituto de Información Estadística y Geográfica del Estado de Jalisco,90 x 90 cm,1: 50 000,"Proyección Cartográfica: Universal Transversa de Mercatos (utm), Zona 13 Norte. Datum de Referencia: Wgs84, Compatible con Itrf08 Época 2010.0",Instituto de Información Estadística y Geográfica del Estado de Jalisco,,Sistema de Información Estadística de Delimitaciones y Demarcaciones Territoriales,,
Villa Hidalgo,Carta Municipal,2019,Villa Hidalgo,https://iieg.jalisco.gob.mx/acervo/portal/mapas/498_2019_iieg,,Gobierno del Estado de Jalisco. Instituto de Información Estadística y Geográfica del Estado de Jalisco,90 x 90 cm,1: 50 000,"Proyección Cartográfica: Universal Transversa de Mercatos (utm), Zona 13 Norte. Datum de Referencia: Wgs84, Compatible con Itrf08 Época 2010.0",Instituto de Información Estadística y Geográfica del Estado de Jalisco,,Sistema de Información Estadística de Delimitaciones y Demarcaciones Territoriales,,
Villa Purificación,Carta Municipal,2019,Villa Purificación,https://iieg.jalisco.gob.mx/acervo/portal/mapas/499_2019_iieg,,Gobierno del Estado de Jalisco. Instituto de Información Estadística y Geográfica del Estado de Jalisco,90 x 90 cm,1: 90 000,"Proyección Cartográfica: Universal Transversa de Mercatos (utm), Zona 13 Norte. Datum de Referencia: Wgs84, Compatible con Itrf08 Época 2010.0",Instituto de Información Estadística y Geográfica del Estado de Jalisco,,Sistema de Información Estadística de Delimitaciones y Demarcaciones Territoriales,,
Yahualica de Gonzalez Gallo,Carta Municipal,2019,Yahualica de González Gallo,https://iieg.jalisco.gob.mx/acervo/portal/mapas/500_2019_iieg,,Gobierno del Estado de Jalisco. Instituto de Información Estadística y Geográfica del Estado de Jalisco,90 x 90 cm,1: 50 000,"Proyección Cartográfica: Universal Transversa de Mercatos (utm), Zona 13 Norte. Datum de Referencia: Wgs84, Compatible con Itrf08 Época 2010.0",Instituto de Información Estadística y Geográfica del Estado de Jalisco,,Sistema de Información Estadística de Delimitaciones y Demarcaciones Territoriales,,
Zacoalco de Torres,Carta Municipal,2019,Zacoalco de Torres,https://iieg.jalisco.gob.mx/acervo/portal/mapas/501_2019_iieg,,Gobierno del Estado de Jalisco. Instituto de Información Estadística y Geográfica del Estado de Jalisco,90 x 90 cm,1: 40 000,"Proyección Cartográfica: Universal Transversa de Mercatos (utm), Zona 13 Norte. Datum de Referencia: Wgs84, Compatible con Itrf08 Época 2010.0",Instituto de Información Estadística y Geográfica del Estado de Jalisco,,Sistema de Información Estadística de Delimitaciones y Demarcaciones Territoriales,,
Zapopan,Carta Municipal,2019,Zapopan,https://iieg.jalisco.gob.mx/acervo/portal/mapas/502_2019_iieg,,Gobierno del Estado de Jalisco. Instituto de Información Estadística y Geográfica del Estado de Jalisco,90 x 90 cm,1: 75 000,"Proyección Cartográfica: Universal Transversa de Mercatos (utm), Zona 13 Norte. Datum de Referencia: Wgs84, Compatible con Itrf08 Época 2010.0",Instituto de Información Estadística y Geográfica del Estado de Jalisco,,Sistema de Información Estadística de Delimitaciones y Demarcaciones Territoriales,,
Zapotiltic,Carta Municipal,2019,Zapotiltic,https://iieg.jalisco.gob.mx/acervo/portal/mapas/503_2019_iieg,,Gobierno del Estado de Jalisco. Instituto de Información Estadística y Geográfica del Estado de Jalisco,90 x 90 cm,1: 55 000,"Proyección Cartográfica: Universal Transversa de Mercatos (utm), Zona 13 Norte. Datum de Referencia: Wgs84, Compatible con Itrf08 Época 2010.0",Instituto de Información Estadística y Geográfica del Estado de Jalisco,,Sistema de Información Estadística de Delimitaciones y Demarcaciones Territoriales,,
Zapotitlán de Vadillo,Carta Municipal,2019,Zapotitlán de Vadillo,https://iieg.jalisco.gob.mx/acervo/portal/mapas/504_2019_iieg,,Gobierno del Estado de Jalisco. Instituto de Información Estadística y Geográfica del Estado de Jalisco,90 x 90 cm,1: 40 000,"Proyección Cartográfica: Universal Transversa de Mercatos (utm), Zona 13 Norte. Datum de Referencia: Wgs84, Compatible con Itrf08 Época 2010.0",Instituto de Información Estadística y Geográfica del Estado de Jalisco,,Sistema de Información Estadística de Delimitaciones y Demarcaciones Territoriales,,
Zapotlán del Rey,Carta Municipal,2019,Zapotlán del Rey,https://iieg.jalisco.gob.mx/acervo/portal/mapas/505_2019_iieg,,Gobierno del Estado de Jalisco. Instituto de Información Estadística y Geográfica del Estado de Jalisco,90 x 90 cm,1: 50 000,"Proyección Cartográfica: Universal Transversa de Mercatos (utm), Zona 13 Norte. Datum de Referencia: Wgs84, Compatible con Itrf08 Época 2010.0",Instituto de Información Estadística y Geográfica del Estado de Jalisco,,Sistema de Información Estadística de Delimitaciones y Demarcaciones Territoriales,,
Zapotlán el Grande,Carta Municipal,2019,Zapotlán el Grande,https://iieg.jalisco.gob.mx/acervo/portal/mapas/506_2019_iieg,,Gobierno del Estado de Jalisco. Instituto de Información Estadística y Geográfica del Estado de Jalisco,90 x 90 cm,1: 40 000,"Proyección Cartográfica: Universal Transversa de Mercatos (utm), Zona 13 Norte. Datum de Referencia: Wgs84, Compatible con Itrf08 Época 2010.0",Instituto de Información Estadística y Geográfica del Estado de Jalisco,,Sistema de Información Estadística de Delimitaciones y Demarcaciones Territoriales,,
Zapotlanejo,Carta Municipal,2019,Zapotlanejo,https://iieg.jalisco.gob.mx/acervo/portal/mapas/507_2019_iieg,,Gobierno del Estado de Jalisco. Instituto de Información Estadística y Geográfica del Estado de Jalisco,90 x 90 cm,1: 60 000,"Proyección Cartográfica: Universal Transversa de Mercatos (utm), Zona 13 Norte. Datum de Referencia: Wgs84, Compatible con Itrf08 Época 2010.0",Instituto de Información Estadística y Geográfica del Estado de Jalisco,,Sistema de Información Estadística de Delimitaciones y Demarcaciones Territoriales,,
"Propuesta de la Carta General del Estado de Jalisco, 2020",Carta General,2021,Jalisco,https://iieg.jalisco.gob.mx/acervo/portal/mapas/508_2020_iieg,,Gobierno del Estado de Jalisco. Instituto de Información Estadística y Geográfica del Estado de Jalisco. Lxii Legislatura. Congreso del Estado de Jalisco.,100 x 100 cm,1: 500 000,"Proyección Cartográfica: Cónica Conforme de Lambert. Parámetros: Meridiano Central: -102. Paralelo Central: 12. Paralelo Estándar 1:17,5. Paralelo Estándar 2:29,5. Falso Este: 2500000. Falso Norte: 0. Meridiano de Origen: Greenwich. Datum: Itrf92. Unidad: Metro. Esferoide: Grs80",Instituto de Información Estadística y Geográfica del Estado de Jalisco,,Sistema de Información Estadística de Delimitaciones y Demarcaciones Territoriales,"En Cumplimiento a Lo Establecido en el Artículo 6° de la Ley de Límites Territoriales de los Municipios del Estado de Jalisco., que Dispone ""el Instituto Pondrá a Consideración del Titular del Poder Ejecutivo la Carta General Actualizada, Exponiendo las Consideraciones a que Haya Lugar para Su Validación,...""",
Acatic,Carta Municipal,2021,Acatic,https://iieg.jalisco.gob.mx/acervo/portal/mapas/509_2021_iieg,,Gobierno del Estado de Jalisco. Instituto de Información Estadística y Geográfica del Estado de Jalisco. Lxii Legislatura. Congreso del Estado de Jalisco,100 x 100 cm,1: 30 000,"Proyección Cartográfica. Universal Transversa de Mercatos (utm) Zona 13 Norte. Datum de Referencia Wgs84, Compatible con Itrf08 Época 2010.0",Instituto de Información Estadística y Geográfica del Estado de Jalisco,,Sistema de Información Estadística de Delimitaciones y Demarcaciones Territoriales,"En Concordancia con la Propuesta de la Carta General del Estado de Jalisco el Instituto de Información Estadística y Geográfica del Estado de Jalisco, Hace Entrega de la Misma a Nivel Municipal a Escala 1:50,000 y Su Representación Impresa a Escala 1:30,000 para el Municipio de Acatic, Jalisco.",
Acatlán de Juárez,Carta Municipal,2021,Acatlán de Juárez,https://iieg.jalisco.gob.mx/acervo/portal/mapas/510_2021_iieg,,Gobierno del Estado de Jalisco. Instituto de Información Estadística y Geográfica del Estado de Jalisco. Lxii Legislatura. Congreso del Estado de Jalisco,100 x 100 cm,1: 25 000,"Proyección Cartográfica. Universal Transversa de Mercatos (utm) Zona 13 Norte. Datum de Referencia Wgs84, Compatible con Itrf08 Época 2010.0",Instituto de Información Estadística y Geográfica del Estado de Jalisco,,Sistema de Información Estadística de Delimitaciones y Demarcaciones Territoriales,"En Concordancia con la Propuesta de la Carta General del Estado de Jalisco el Instituto de Información Estadística y Geográfica del Estado de Jalisco, Hace Entrega de la Misma a Nivel Municipal a Escala 1:50,000 y Su Representación Impresa a Escala 1:25,000 para el Municipio de Acatlán de Juárez, Jalisco.",
Ahualulco de Mercado,Carta Municipal,2021,Ahualulco de Mercado,https://iieg.jalisco.gob.mx/acervo/portal/mapas/511_2021_iieg,,Gobierno del Estado de Jalisco. Instituto de Información Estadística y Geográfica del Estado de Jalisco. Lxii Legislatura. Congreso del Estado de Jalisco,100 x 100 cm,1: 25 000,"Proyección Cartográfica. Universal Transversa de Mercatos (utm) Zona 13 Norte. Datum de Referencia Wgs84, Compatible con Itrf08 Época 2010.0",Instituto de Información Estadística y Geográfica del Estado de Jalisco,,Sistema de Información Estadística de Delimitaciones y Demarcaciones Territoriales,"En Concordancia con la Propuesta de la Carta General del Estado de Jalisco el Instituto de Información Estadística y Geográfica del Estado de Jalisco, Hace Entrega de la Misma a Nivel Municipal a Escala 1:50,000 y Su Representación Impresa a Escala 1:25,000 para el Municipio de Ahualulco de Mercado, Jalisco",
Amacueca,Carta Municipal,2021,Amacueca,https://iieg.jalisco.gob.mx/acervo/portal/mapas/512_2021_iieg,,Gobierno del Estado de Jalisco. Instituto de Información Estadística y Geográfica del Estado de Jalisco. Lxii Legislatura. Congreso del Estado de Jalisco,100 x 100 cm,1: 20 000,"Proyección Cartográfica. Universal Transversa de Mercatos (utm) Zona 13 Norte. Datum de Referencia Wgs84, Compatible con Itrf08 Época 2010.0",Instituto de Información Estadística y Geográfica del Estado de Jalisco,,Sistema de Información Estadística de Delimitaciones y Demarcaciones Territoriales,"En Concordancia con la Propuesta de la Carta General del Estado de Jalisco el Instituto de Información Estadística y Geográfica del Estado de Jalisco, Hace Entrega de la Misma a Nivel Municipal a Escala 1:50,000 y Su Representación Impresa a Escala 1:20,000 para el Municipio de Amacueca, Jalisco",
Amatitán,Carta Municipal,2021,Amatitán,https://iieg.jalisco.gob.mx/acervo/portal/mapas/513_2021_iieg,,Gobierno del Estado de Jalisco. Instituto de Información Estadística y Geográfica del Estado de Jalisco. Lxii Legislatura. Congreso del Estado de Jalisco,100 x 100 cm,1: 25 000,"Proyección Cartográfica. Universal Transversa de Mercatos (utm) Zona 13 Norte. Datum de Referencia Wgs84, Compatible con Itrf08 Época 2010.0",Instituto de Información Estadística y Geográfica del Estado de Jalisco,,Sistema de Información Estadística de Delimitaciones y Demarcaciones Territoriales,"En Concordancia con la Propuesta de la Carta General del Estado de Jalisco el Instituto de Información Estadística y Geográfica del Estado de Jalisco, Hace Entrega de la Misma a Nivel Municipal a Escala 1:50,000 y Su Representación Impresa a Escala 1:25,000 para el Municipio de Amatitán, Jalisco",
Ameca,Carta Municipal,2021,Ameca,https://iieg.jalisco.gob.mx/acervo/portal/mapas/514_2021_iieg,,Gobierno del Estado de Jalisco. Instituto de Información Estadística y Geográfica del Estado de Jalisco. Lxii Legislatura. Congreso del Estado de Jalisco,100 x 100 cm,1: 50 000,"Proyección Cartográfica. Universal Transversa de Mercatos (utm) Zona 13 Norte. Datum de Referencia Wgs84, Compatible con Itrf08 Época 2010.0",Instituto de Información Estadística y Geográfica del Estado de Jalisco,,Sistema de Información Estadística de Delimitaciones y Demarcaciones Territoriales,"En Concordancia con la Propuesta de la Carta General del Estado de Jalisco el Instituto de Información Estadística y Geográfica del Estado de Jalisco, Hace Entrega de la Misma a Nivel Municipal a Escala 1:50,000 y Su Representación Impresa a Escala 1:50,000 para el Municipio de Ameca, Jalisco",
Arandas,Carta Municipal,2021,Arandas,https://iieg.jalisco.gob.mx/acervo/portal/mapas/515_2021_iieg,,Gobierno del Estado de Jalisco. Instituto de Información Estadística y Geográfica del Estado de Jalisco. Lxii Legislatura. Congreso del Estado de Jalisco,100 x 100 cm,1: 50 000,"Proyección Cartográfica. Universal Transversa de Mercatos (utm) Zona 13 Norte. Datum de Referencia Wgs84, Compatible con Itrf08 Época 2010.0",Instituto de Información Estadística y Geográfica del Estado de Jalisco,,Sistema de Información Estadística de Delimitaciones y Demarcaciones Territoriales,"En Concordancia con la Propuesta de la Carta General del Estado de Jalisco el Instituto de Información Estadística y Geográfica del Estado de Jalisco, Hace Entrega de la Misma a Nivel Municipal a Escala 1:50,000 y Su Representación Impresa a Escala 1:50,000 para el Municipio de Arandas, Jalisco",
Atemajac de Brizuela,Carta Municipal,2021,Atemajac de Brizuela,https://iieg.jalisco.gob.mx/acervo/portal/mapas/516_2021_iieg,,Gobierno del Estado de Jalisco. Instituto de Información Estadística y Geográfica del Estado de Jalisco. Lxii Legislatura. Congreso del Estado de Jalisco,100 x 100 cm,1: 35 000,"Proyección Cartográfica. Universal Transversa de Mercatos (utm) Zona 13 Norte. Datum de Referencia Wgs84, Compatible con Itrf08 Época 2010.0",Instituto de Información Estadística y Geográfica del Estado de Jalisco,,Sistema de Información Estadística de Delimitaciones y Demarcaciones Territoriales,"En Concordancia con la Propuesta de la Carta General del Estado de Jalisco el Instituto de Información Estadística y Geográfica del Estado de Jalisco, Hace Entrega de la Misma a Nivel Municipal a Escala 1:50,000 y Su Representación Impresa a Escala 1:35,000 para el Municipio de Atemajac de Brizuela, Jalisco",
Atengo,Carta Municipal,2021,Atengo,https://iieg.jalisco.gob.mx/acervo/portal/mapas/517_2021_iieg,,Gobierno del Estado de Jalisco. Instituto de Información Estadística y Geográfica del Estado de Jalisco. Lxii Legislatura. Congreso del Estado de Jalisco,100 x 100 cm,1: 40 000,"Proyección Cartográfica. Universal Transversa de Mercatos (utm) Zona 13 Norte. Datum de Referencia Wgs84, Compatible con Itrf08 Época 2010.0",Instituto de Información Estadística y Geográfica del Estado de Jalisco,,Sistema de Información Estadística de Delimitaciones y Demarcaciones Territoriales,"En Concordancia con la Propuesta de la Carta General del Estado de Jalisco el Instituto de Información Estadística y Geográfica del Estado de Jalisco, Hace Entrega de la Misma a Nivel Municipal a Escala 1:50,000 y Su Representación Impresa a Escala 1:40,000 para el Municipio de Atengo, Jalisco",
Atenguillo,Carta Municipal,2021,Atenguillo,https://iieg.jalisco.gob.mx/acervo/portal/mapas/518_2021_iieg,,Gobierno del Estado de Jalisco. Instituto de Información Estadística y Geográfica del Estado de Jalisco. Lxii Legislatura. Congreso del Estado de Jalisco,100 x 100 cm,1: 75 000,"Proyección Cartográfica. Universal Transversa de Mercatos (utm) Zona 13 Norte. Datum de Referencia Wgs84, Compatible con Itrf08 Época 2010.0",Instituto de Información Estadística y Geográfica del Estado de Jalisco,,Sistema de Información Estadística de Delimitaciones y Demarcaciones Territoriales,"En Concordancia con la Propuesta de la Carta General del Estado de Jalisco el Instituto de Información Estadística y Geográfica del Estado de Jalisco, Hace Entrega de la Misma a Nivel Municipal a Escala 1:50,000 y Su Representación Impresa a Escala 1:75,000 para el Municipio de Atenguillo, Jalisco",
Atotonilco el Alto,Carta Municipal,2021,Atotonilco el Alto,https://iieg.jalisco.gob.mx/acervo/portal/mapas/519_2021_iieg,,Gobierno del Estado de Jalisco. Instituto de Información Estadística y Geográfica del Estado de Jalisco. Lxii Legislatura. Congreso del Estado de Jalisco,100 x 100 cm,1: 35 000,"Proyección Cartográfica. Universal Transversa de Mercatos (utm) Zona 13 Norte. Datum de Referencia Wgs84, Compatible con Itrf08 Época 2010.0",Instituto de Información Estadística y Geográfica del Estado de Jalisco,,Sistema de Información Estadística de Delimitaciones y Demarcaciones Territoriales,"En Concordancia con la Propuesta de la Carta General del Estado de Jalisco el Instituto de Información Estadística y Geográfica del Estado de Jalisco, Hace Entrega de la Misma a Nivel Municipal a Escala 1:50,000 y Su Representación Impresa a Escala 1:35,000 para el Municipio de Atotonilco el Alto, Jalisco",
Atoyac,Carta Municipal,2021,Atoyac,https://iieg.jalisco.gob.mx/acervo/portal/mapas/520_2021_iieg,,Gobierno del Estado de Jalisco. Instituto de Información Estadística y Geográfica del Estado de Jalisco. Lxii Legislatura. Congreso del Estado de Jalisco,100 x 100 cm,1: 35 000,"Proyección Cartográfica. Universal Transversa de Mercatos (utm) Zona 13 Norte. Datum de Referencia Wgs84, Compatible con Itrf08 Época 2010.0",Instituto de Información Estadística y Geográfica del Estado de Jalisco,,Sistema de Información Estadística de Delimitaciones y Demarcaciones Territoriales,"En Concordancia con la Propuesta de la Carta General del Estado de Jalisco el Instituto de Información Estadística y Geográfica del Estado de Jalisco, Hace Entrega de la Misma a Nivel Municipal a Escala 1:50,000 y Su Representación Impresa a Escala 1:35,000 para el Municipio de Atoyac, Jalisco",
Autlán de Navarro,Carta Municipal,2021,Autlán de Navarro,https://iieg.jalisco.gob.mx/acervo/portal/mapas/521_2021_iieg,,Gobierno del Estado de Jalisco. Instituto de Información Estadística y Geográfica del Estado de Jalisco. Lxii Legislatura. Congreso del Estado de Jalisco,100 x 100 cm,1: 50 000,"Proyección Cartográfica. Universal Transversa de Mercatos (utm) Zona 13 Norte. Datum de Referencia Wgs84, Compatible con Itrf08 Época 2010.0",Instituto de Información Estadística y Geográfica del Estado de Jalisco,,Sistema de Información Estadística de Delimitaciones y Demarcaciones Territoriales,"En Concordancia con la Propuesta de la Carta General del Estado de Jalisco el Instituto de Información Estadística y Geográfica del Estado de Jalisco, Hace Entrega de la Misma a Nivel Municipal a Escala 1:50,000 y Su Representación Impresa a Escala 1:50,000 para el Municipio de Autlán de Navarro, Jalisco",
Ayotlán,Carta Municipal,2021,Ayotlán,https://iieg.jalisco.gob.mx/acervo/portal/mapas/522_2021_iieg,,Gobierno del Estado de Jalisco. Instituto de Información Estadística y Geográfica del Estado de Jalisco. Lxii Legislatura. Congreso del Estado de Jalisco,100 x 100 cm,1: 35 000,"Proyección Cartográfica. Universal Transversa de Mercatos (utm) Zona 13 Norte. Datum de Referencia Wgs84, Compatible con Itrf08 Época 2010.0",Instituto de Información Estadística y Geográfica del Estado de Jalisco,,Sistema de Información Estadística de Delimitaciones y Demarcaciones Territoriales,"En Concordancia con la Propuesta de la Carta General del Estado de Jalisco el Instituto de Información Estadística y Geográfica del Estado de Jalisco, Hace Entrega de la Misma a Nivel Municipal a Escala 1:50,000 y Su Representación Impresa a Escala 1:35,000 para el Municipio de Ayotlán, Jalisco",
Ayutla,Carta Municipal,2021,Ayutla,https://iieg.jalisco.gob.mx/acervo/portal/mapas/523_2021_iieg,,Gobierno del Estado de Jalisco. Instituto de Información Estadística y Geográfica del Estado de Jalisco. Lxii Legislatura. Congreso del Estado de Jalisco,100 x 100 cm,1: 55 000,"Proyección Cartográfica. Universal Transversa de Mercatos (utm) Zona 13 Norte. Datum de Referencia Wgs84, Compatible con Itrf08 Época 2010.0",Instituto de Información Estadística y Geográfica del Estado de Jalisco,,Sistema de Información Estadística de Delimitaciones y Demarcaciones Territoriales,"En Concordancia con la Propuesta de la Carta General del Estado de Jalisco el Instituto de Información Estadística y Geográfica del Estado de Jalisco, Hace Entrega de la Misma a Nivel Municipal a Escala 1:50,000 y Su Representación Impresa a Escala 1:55,000 para el Municipio de Ayutla, Jalisco",
Bolaños,Carta Municipal,2021,Bolaños,https://iieg.jalisco.gob.mx/acervo/portal/mapas/524_2021_iieg,,Gobierno del Estado de Jalisco. Instituto de Información Estadística y Geográfica del Estado de Jalisco. Lxii Legislatura. Congreso del Estado de Jalisco,100 x 100 cm,1: 65 000,"Proyección Cartográfica. Universal Transversa de Mercatos (utm) Zona 13 Norte. Datum de Referencia Wgs84, Compatible con Itrf08 Época 2010.0",Instituto de Información Estadística y Geográfica del Estado de Jalisco,,Sistema de Información Estadística de Delimitaciones y Demarcaciones Territoriales,"En Concordancia con la Propuesta de la Carta General del Estado de Jalisco el Instituto de Información Estadística y Geográfica del Estado de Jalisco, Hace Entrega de la Misma a Nivel Municipal a Escala 1:50,000 y Su Representación Impresa a Escala 1:65,000 para el Municipio de Bolaños, Jalisco",
Cabo Corrientes,Carta Municipal,2021,Cabo Corrientes,https://iieg.jalisco.gob.mx/acervo/portal/mapas/525_2021_iieg,,Gobierno del Estado de Jalisco. Instituto de Información Estadística y Geográfica del Estado de Jalisco. Lxii Legislatura. Congreso del Estado de Jalisco,100 x 100 cm,1: 60 000,"Proyección Cartográfica. Universal Transversa de Mercatos (utm) Zona 13 Norte. Datum de Referencia Wgs84, Compatible con Itrf08 Época 2010.0",Instituto de Información Estadística y Geográfica del Estado de Jalisco,,Sistema de Información Estadística de Delimitaciones y Demarcaciones Territoriales,"En Concordancia con la Propuesta de la Carta General del Estado de Jalisco el Instituto de Información Estadística y Geográfica del Estado de Jalisco, Hace Entrega de la Misma a Nivel Municipal a Escala 1:50,000 y Su Representación Impresa a Escala 1:60,000 para el Municipio de Cabo Corrientes, Jalisco",
Cañadas de Obregón,Carta Municipal,2021,Cañadas de Obregón,https://iieg.jalisco.gob.mx/acervo/portal/mapas/526_2021_iieg,,Gobierno del Estado de Jalisco. Instituto de Información Estadística y Geográfica del Estado de Jalisco. Lxii Legislatura. Congreso del Estado de Jalisco,100 x 100 cm,1: 30 000,"Proyección Cartográfica. Universal Transversa de Mercatos (utm) Zona 13 Norte. Datum de Referencia Wgs84, Compatible con Itrf08 Época 2010.0",Instituto de Información Estadística y Geográfica del Estado de Jalisco,,Sistema de Información Estadística de Delimitaciones y Demarcaciones Territoriales,"En Concordancia con la Propuesta de la Carta General del Estado de Jalisco el Instituto de Información Estadística y Geográfica del Estado de Jalisco, Hace Entrega de la Misma a Nivel Municipal a Escala 1:50,000 y Su Representación Impresa a Escala 1:30,000 para el Municipio de Cañadas de Obregón, Jalisco",
Casimiro Castillo,Carta Municipal,2021,Casimiro Castillo,https://iieg.jalisco.gob.mx/acervo/portal/mapas/527_2021_iieg,,Gobierno del Estado de Jalisco. Instituto de Información Estadística y Geográfica del Estado de Jalisco. Lxii Legislatura. Congreso del Estado de Jalisco,100 x 100 cm,1: 40 000,"Proyección Cartográfica. Universal Transversa de Mercatos (utm) Zona 13 Norte. Datum de Referencia Wgs84, Compatible con Itrf08 Época 2010.0",Instituto de Información Estadística y Geográfica del Estado de Jalisco,,Sistema de Información Estadística de Delimitaciones y Demarcaciones Territoriales,"En Concordancia con la Propuesta de la Carta General del Estado de Jalisco el Instituto de Información Estadística y Geográfica del Estado de Jalisco, Hace Entrega de la Misma a Nivel Municipal a Escala 1:50,000 y Su Representación Impresa a Escala 1:40,000 para el Municipio de Casimiro Castillo, Jalisco",
Chapala,Carta Municipal,2021,Chapala,https://iieg.jalisco.gob.mx/acervo/portal/mapas/528_2021_iieg,,Gobierno del Estado de Jalisco. Instituto de Información Estadística y Geográfica del Estado de Jalisco. Lxii Legislatura. Congreso del Estado de Jalisco,100 x 100 cm,1: 30 000,"Proyección Cartográfica. Universal Transversa de Mercatos (utm) Zona 13 Norte. Datum de Referencia Wgs84, Compatible con Itrf08 Época 2010.0",Instituto de Información Estadística y Geográfica del Estado de Jalisco,,Sistema de Información Estadística de Delimitaciones y Demarcaciones Territoriales,"En Concordancia con la Propuesta de la Carta General del Estado de Jalisco el Instituto de Información Estadística y Geográfica del Estado de Jalisco, Hace Entrega de la Misma a Nivel Municipal a Escala 1:50,000 y Su Representación Impresa a Escala 1:30,000 para el Municipio de Chapala, Jalisco",
Chimaltitán,Carta Municipal,2021,Chimaltitán,https://iieg.jalisco.gob.mx/acervo/portal/mapas/529_2021_iieg,,Gobierno del Estado de Jalisco. Instituto de Información Estadística y Geográfica del Estado de Jalisco. Lxii Legislatura. Congreso del Estado de Jalisco,100 x 100 cm,1: 50 000,"Proyección Cartográfica. Universal Transversa de Mercatos (utm) Zona 13 Norte. Datum de Referencia Wgs84, Compatible con Itrf08 Época 2010.0",Instituto de Información Estadística y Geográfica del Estado de Jalisco,,Sistema de Información Estadística de Delimitaciones y Demarcaciones Territoriales,"En Concordancia con la Propuesta de la Carta General del Estado de Jalisco el Instituto de Información Estadística y Geográfica del Estado de Jalisco, Hace Entrega de la Misma a Nivel Municipal a Escala 1:50,000 y Su Representación Impresa a Escala 1:50,000 para el Municipio de Chimaltitán, Jalisco",
Chiquilistlán,Carta Municipal,2021,Chiquilistlán,https://iieg.jalisco.gob.mx/acervo/portal/mapas/530_2021_iieg,,Gobierno del Estado de Jalisco. Instituto de Información Estadística y Geográfica del Estado de Jalisco. Lxii Legislatura. Congreso del Estado de Jalisco,100 x 100 cm,1: 30 000,"Proyección Cartográfica. Universal Transversa de Mercatos (utm) Zona 13 Norte. Datum de Referencia Wgs84, Compatible con Itrf08 Época 2010.0",Instituto de Información Estadística y Geográfica del Estado de Jalisco,,Sistema de Información Estadística de Delimitaciones y Demarcaciones Territoriales,"En Concordancia con la Propuesta de la Carta General del Estado de Jalisco el Instituto de Información Estadística y Geográfica del Estado de Jalisco, Hace Entrega de la Misma a Nivel Municipal a Escala 1:50,000 y Su Representación Impresa a Escala 1:30,000 para el Municipio de Chiquilistlán, Jalisco",
Cihuatlán,Carta Municipal,2021,Cihuatlán,https://iieg.jalisco.gob.mx/acervo/portal/mapas/531_2021_iieg,,Gobierno del Estado de Jalisco. Instituto de Información Estadística y Geográfica del Estado de Jalisco. Lxii Legislatura. Congreso del Estado de Jalisco,100 x 100 cm,1: 50 000,"Proyección Cartográfica. Universal Transversa de Mercatos (utm) Zona 13 Norte. Datum de Referencia Wgs84, Compatible con Itrf08 Época 2010.0",Instituto de Información Estadística y Geográfica del Estado de Jalisco,,Sistema de Información Estadística de Delimitaciones y Demarcaciones Territoriales,"En Concordancia con la Propuesta de la Carta General del Estado de Jalisco el Instituto de Información Estadística y Geográfica del Estado de Jalisco, Hace Entrega de la Misma a Nivel Municipal a Escala 1:50,000 y Su Representación Impresa a Escala 1:50,000 para el Municipio de Cihuatlán, Jalisco",
Cocula,Carta Municipal,2021,Cocula,https://iieg.jalisco.gob.mx/acervo/portal/mapas/532_2021_iieg,,Gobierno del Estado de Jalisco. Instituto de Información Estadística y Geográfica del Estado de Jalisco. Lxii Legislatura. Congreso del Estado de Jalisco,100 x 100 cm,1: 40 000,"Proyección Cartográfica. Universal Transversa de Mercatos (utm) Zona 13 Norte. Datum de Referencia Wgs84, Compatible con Itrf08 Época 2010.0",Instituto de Información Estadística y Geográfica del Estado de Jalisco,,Sistema de Información Estadística de Delimitaciones y Demarcaciones Territoriales,"En Concordancia con la Propuesta de la Carta General del Estado de Jalisco el Instituto de Información Estadística y Geográfica del Estado de Jalisco, Hace Entrega de la Misma a Nivel Municipal a Escala 1:50,000 y Su Representación Impresa a Escala 1:40,000 para el Municipio de Cocula, Jalisco",
Colotlán,Carta Municipal,2021,Colotlán,https://iieg.jalisco.gob.mx/acervo/portal/mapas/533_2021_iieg,,Gobierno del Estado de Jalisco. Instituto de Información Estadística y Geográfica del Estado de Jalisco. Lxii Legislatura. Congreso del Estado de Jalisco,100 x 100 cm,1: 50 000,"Proyección Cartográfica. Universal Transversa de Mercatos (utm) Zona 13 Norte. Datum de Referencia Wgs84, Compatible con Itrf08 Época 2010.0",Instituto de Información Estadística y Geográfica del Estado de Jalisco,,Sistema de Información Estadística de Delimitaciones y Demarcaciones Territoriales,"En Concordancia con la Propuesta de la Carta General del Estado de Jalisco el Instituto de Información Estadística y Geográfica del Estado de Jalisco, Hace Entrega de la Misma a Nivel Municipal a Escala 1:50,000 y Su Representación Impresa a Escala 1:50,000 para el Municipio de Colotlán, Jalisco",
Concepción de Buenos Aires,Carta Municipal,2021,Concepción de Buenos Aires,https://iieg.jalisco.gob.mx/acervo/portal/mapas/534_2021_iieg,,Gobierno del Estado de Jalisco. Instituto de Información Estadística y Geográfica del Estado de Jalisco. Lxii Legislatura. Congreso del Estado de Jalisco,100 x 100 cm,1: 25 000,"Proyección Cartográfica. Universal Transversa de Mercatos (utm) Zona 13 Norte. Datum de Referencia Wgs84, Compatible con Itrf08 Época 2010.0",Instituto de Información Estadística y Geográfica del Estado de Jalisco,,Sistema de Información Estadística de Delimitaciones y Demarcaciones Territoriales,"En Concordancia con la Propuesta de la Carta General del Estado de Jalisco el Instituto de Información Estadística y Geográfica del Estado de Jalisco, Hace Entrega de la Misma a Nivel Municipal a Escala 1:50,000 y Su Representación Impresa a Escala 1:25,000 para el Municipio de Concepción de Buenos Aires, Jalisco",
Cuautitlán de García Barragán,Carta Municipal,2021,Cuautitlán de García Barragán,https://iieg.jalisco.gob.mx/acervo/portal/mapas/535_2021_iieg,,Gobierno del Estado de Jalisco. Instituto de Información Estadística y Geográfica del Estado de Jalisco. Lxii Legislatura. Congreso del Estado de Jalisco,100 x 100 cm,1: 75 000,"Proyección Cartográfica. Universal Transversa de Mercatos (utm) Zona 13 Norte. Datum de Referencia Wgs84, Compatible con Itrf08 Época 2010.0",Instituto de Información Estadística y Geográfica del Estado de Jalisco,,Sistema de Información Estadística de Delimitaciones y Demarcaciones Territoriales,"En Concordancia con la Propuesta de la Carta General del Estado de Jalisco el Instituto de Información Estadística y Geográfica del Estado de Jalisco, Hace Entrega de la Misma a Nivel Municipal a Escala 1:50,000 y Su Representación Impresa a Escala 1:75,000 para el Municipio de Cuautitlán de García Barragán, Jalisco",
Cuautla,Carta Municipal,2021,Cuautla,https://iieg.jalisco.gob.mx/acervo/portal/mapas/536_2021_iieg,,Gobierno del Estado de Jalisco. Instituto de Información Estadística y Geográfica del Estado de Jalisco. Lxii Legislatura. Congreso del Estado de Jalisco,100 x 100 cm,1: 50 000,"Proyección Cartográfica. Universal Transversa de Mercatos (utm) Zona 13 Norte. Datum de Referencia Wgs84, Compatible con Itrf08 Época 2010.0",Instituto de Información Estadística y Geográfica del Estado de Jalisco,,Sistema de Información Estadística de Delimitaciones y Demarcaciones Territoriales,"En Concordancia con la Propuesta de la Carta General del Estado de Jalisco el Instituto de Información Estadística y Geográfica del Estado de Jalisco, Hace Entrega de la Misma a Nivel Municipal a Escala 1:50,000 y Su Representación Impresa a Escala 1:50,000 para el Municipio de Cuautla, Jalisco",
Cuquío,Carta Municipal,2021,Cuquío,https://iieg.jalisco.gob.mx/acervo/portal/mapas/537_2021_iieg,,Gobierno del Estado de Jalisco. Instituto de Información Estadística y Geográfica del Estado de Jalisco. Lxii Legislatura. Congreso del Estado de Jalisco,100 x 100 cm,1: 50 000,"Proyección Cartográfica. Universal Transversa de Mercatos (utm) Zona 13 Norte. Datum de Referencia Wgs84, Compatible con Itrf08 Época 2010.0",Instituto de Información Estadística y Geográfica del Estado de Jalisco,,Sistema de Información Estadística de Delimitaciones y Demarcaciones Territoriales,"En Concordancia con la Propuesta de la Carta General del Estado de Jalisco el Instituto de Información Estadística y Geográfica del Estado de Jalisco, Hace Entrega de la Misma a Nivel Municipal a Escala 1:50,000 y Su Representación Impresa a Escala 1:50,000 para el Municipio de Cuquío, Jalisco",
Degollado,Carta Municipal,2021,Degollado,https://iieg.jalisco.gob.mx/acervo/portal/mapas/538_2021_iieg,,Gobierno del Estado de Jalisco. Instituto de Información Estadística y Geográfica del Estado de Jalisco. Lxii Legislatura. Congreso del Estado de Jalisco,100 x 100 cm,1: 40 000,"Proyección Cartográfica. Universal Transversa de Mercatos (utm) Zona 13 Norte. Datum de Referencia Wgs84, Compatible con Itrf08 Época 2010.0",Instituto de Información Estadística y Geográfica del Estado de Jalisco,,Sistema de Información Estadística de Delimitaciones y Demarcaciones Territoriales,"En Concordancia con la Propuesta de la Carta General del Estado de Jalisco el Instituto de Información Estadística y Geográfica del Estado de Jalisco, Hace Entrega de la Misma a Nivel Municipal a Escala 1:50,000 y Su Representación Impresa a Escala 1:40,000 para el Municipio de Degollado, Jalisco",
Ejutla,Carta Municipal,2021,Ejutla,https://iieg.jalisco.gob.mx/acervo/portal/mapas/539_2021_iieg,,Gobierno del Estado de Jalisco. Instituto de Información Estadística y Geográfica del Estado de Jalisco. Lxii Legislatura. Congreso del Estado de Jalisco,100 x 100 cm,1: 35 000,"Proyección Cartográfica. Universal Transversa de Mercatos (utm) Zona 13 Norte. Datum de Referencia Wgs84, Compatible con Itrf08 Época 2010.0",Instituto de Información Estadística y Geográfica del Estado de Jalisco,,Sistema de Información Estadística de Delimitaciones y Demarcaciones Territoriales,"En Concordancia con la Propuesta de la Carta General del Estado de Jalisco el Instituto de Información Estadística y Geográfica del Estado de Jalisco, Hace Entrega de la Misma a Nivel Municipal a Escala 1:50,000 y Su Representación Impresa a Escala 1:35,000 para el Municipio de Ejutla, Jalisco",
El Arenal,Carta Municipal,2021,El Arenal,https://iieg.jalisco.gob.mx/acervo/portal/mapas/540_2021_iieg,,Gobierno del Estado de Jalisco. Instituto de Información Estadística y Geográfica del Estado de Jalisco. Lxii Legislatura. Congreso del Estado de Jalisco,100 x 100 cm,1: 20 000,"Proyección Cartográfica. Universal Transversa de Mercatos (utm) Zona 13 Norte. Datum de Referencia Wgs84, Compatible con Itrf08 Época 2010.0",Instituto de Información Estadística y Geográfica del Estado de Jalisco,,Sistema de Información Estadística de Delimitaciones y Demarcaciones Territoriales,"En Concordancia con la Propuesta de la Carta General del Estado de Jalisco el Instituto de Información Estadística y Geográfica del Estado de Jalisco, Hace Entrega de la Misma a Nivel Municipal a Escala 1:50,000 y Su Representación Impresa a Escala 1:20,000 para el Municipio de el Arenal, Jalisco",
El Grullo,Carta Municipal,2021,El Grullo,https://iieg.jalisco.gob.mx/acervo/portal/mapas/541_2021_iieg,,Gobierno del Estado de Jalisco. Instituto de Información Estadística y Geográfica del Estado de Jalisco. Lxii Legislatura. Congreso del Estado de Jalisco,100 x 100 cm,1: 25 000,"Proyección Cartográfica. Universal Transversa de Mercatos (utm) Zona 13 Norte. Datum de Referencia Wgs84, Compatible con Itrf08 Época 2010.0",Instituto de Información Estadística y Geográfica del Estado de Jalisco,,Sistema de Información Estadística de Delimitaciones y Demarcaciones Territoriales,"En Concordancia con la Propuesta de la Carta General del Estado de Jalisco el Instituto de Información Estadística y Geográfica del Estado de Jalisco, Hace Entrega de la Misma a Nivel Municipal a Escala 1:50,000 y Su Representación Impresa a Escala 1:25,000 para el Municipio de el Grullo, Jalisco",
El Limón,Carta Municipal,2021,El Limón,https://iieg.jalisco.gob.mx/acervo/portal/mapas/542_2021_iieg,,Gobierno del Estado de Jalisco. Instituto de Información Estadística y Geográfica del Estado de Jalisco. Lxii Legislatura. Congreso del Estado de Jalisco,100 x 100 cm,1: 25 000,"Proyección Cartográfica. Universal Transversa de Mercatos (utm) Zona 13 Norte. Datum de Referencia Wgs84, Compatible con Itrf08 Época 2010.0",Instituto de Información Estadística y Geográfica del Estado de Jalisco,,Sistema de Información Estadística de Delimitaciones y Demarcaciones Territoriales,"En Concordancia con la Propuesta de la Carta General del Estado de Jalisco el Instituto de Información Estadística y Geográfica del Estado de Jalisco, Hace Entrega de la Misma a Nivel Municipal a Escala 1:50,000 y Su Representación Impresa a Escala 1:25,000 para el Municipio de el Limón, Jalisco",
El Salto,Carta Municipal,2021,El Salto,https://iieg.jalisco.gob.mx/acervo/portal/mapas/543_2021_iieg,,Gobierno del Estado de Jalisco. Instituto de Información Estadística y Geográfica del Estado de Jalisco. Lxii Legislatura. Congreso del Estado de Jalisco,100 x 100 cm,1: 20 000,"Proyección Cartográfica. Universal Transversa de Mercatos (utm) Zona 13 Norte. Datum de Referencia Wgs84, Compatible con Itrf08 Época 2010.0",Instituto de Información Estadística y Geográfica del Estado de Jalisco,,Sistema de Información Estadística de Delimitaciones y Demarcaciones Territoriales,"En Concordancia con la Propuesta de la Carta General del Estado de Jalisco el Instituto de Información Estadística y Geográfica del Estado de Jalisco, Hace Entrega de la Misma a Nivel Municipal a Escala 1:50,000 y Su Representación Impresa a Escala 1:20,000 para el Municipio de el Salto, Jalisco",
Encarnación de Díaz,Carta Municipal,2021,Encarnación de Díaz,https://iieg.jalisco.gob.mx/acervo/portal/mapas/544_2021_iieg,,Gobierno del Estado de Jalisco. Instituto de Información Estadística y Geográfica del Estado de Jalisco. Lxii Legislatura. Congreso del Estado de Jalisco,100 x 100 cm,1: 55 000,"Proyección Cartográfica: Universal Transversa de Mercatos (utm) Zona 13 Norte. Datum de Referencia, Wgs84, Compatible con Itrf08 Época 2010.0",Instituto de Información Estadística y Geográfica del Estado de Jalisco,,Sistema de Información Estadística de Delimitaciones y Demarcaciones Territoriales,"En Concordancia con la Propuesta de la Carta General del Estado de Jalisco el Instituto de Información Estadística y Geográfica del Estado de Jalisco, Hace Entrega de la Misma a Nivel Municipal a Escala 1:50,000 y Su Representación Impresa a Escala 1:55,000 para el Municipio de Encarnación de Díaz, Jalisco",
Etzatlán,Carta Municipal,2021,Etzatlán,https://iieg.jalisco.gob.mx/acervo/portal/mapas/545_2021_iieg,,Gobierno del Estado de Jalisco. Instituto de Información Estadística y Geográfica del Estado de Jalisco. Lxii Legislatura. Congreso del Estado de Jalisco,100 x 100 cm,1: 45 000,"Proyección Cartográfica. Universal Transversa de Mercatos (utm) Zona 13 Norte. Datum de Referencia Wgs84, Compatible con Itrf08 Época 2010.0",Instituto de Información Estadística y Geográfica del Estado de Jalisco,,Sistema de Información Estadística de Delimitaciones y Demarcaciones Territoriales,"En Concordancia con la Propuesta de la Carta General del Estado de Jalisco el Instituto de Información Estadística y Geográfica del Estado de Jalisco, Hace Entrega de la Misma a Nivel Municipal a Escala 1:50,000 y Su Representación Impresa a Escala 1:45,000 para el Municipio de Etzatlán, Jalisco",
Gómez Farías,Carta Municipal,2021,Gómez Farías,https://iieg.jalisco.gob.mx/acervo/portal/mapas/546_2021_iieg,,Gobierno del Estado de Jalisco. Instituto de Información Estadística y Geográfica del Estado de Jalisco. Lxii Legislatura. Congreso del Estado de Jalisco,100 x 100 cm,1: 50 000,"Proyección Cartográfica. Universal Transversa de Mercatos (utm) Zona 13 Norte. Datum de Referencia Wgs84, Compatible con Itrf08 Época 2010.0",Instituto de Información Estadística y Geográfica del Estado de Jalisco,,Sistema de Información Estadística de Delimitaciones y Demarcaciones Territoriales,"En Concordancia con la Propuesta de la Carta General del Estado de Jalisco el Instituto de Información Estadística y Geográfica del Estado de Jalisco, Hace Entrega de la Misma a Nivel Municipal a Escala 1:50,000 y Su Representación Impresa a Escala 1:50,000 para el Municipio de Gómez Farías, Jalisco",
Guachinango,Carta Municipal,2021,Guachinango,https://iieg.jalisco.gob.mx/acervo/portal/mapas/547_2021_iieg,,Gobierno del Estado de Jalisco. Instituto de Información Estadística y Geográfica del Estado de Jalisco. Lxii Legislatura. Congreso del Estado de Jalisco,100 x 100 cm,1: 65 000,"Proyección Cartográfica. Universal Transversa de Mercatos (utm) Zona 13 Norte. Datum de Referencia Wgs84, Compatible con Itrf08 Época 2010.0",Instituto de Información Estadística y Geográfica del Estado de Jalisco,,Sistema de Información Estadística de Delimitaciones y Demarcaciones Territoriales,"En Concordancia con la Propuesta de la Carta General del Estado de Jalisco el Instituto de Información Estadística y Geográfica del Estado de Jalisco, Hace Entrega de la Misma a Nivel Municipal a Escala 1:50,000 y Su Representación Impresa a Escala 1:65,000 para el Municipio de Guachinango, Jalisco",
Guadalajara,Carta Municipal,2021,Guadalajara,https://iieg.jalisco.gob.mx/acervo/portal/mapas/548_2021_iieg,,Gobierno del Estado de Jalisco. Instituto de Información Estadística y Geográfica del Estado de Jalisco. Lxii Legislatura. Congreso del Estado de Jalisco,100 x 100 cm,1: 20 000,"Proyección Cartográfica. Universal Transversa de Mercatos (utm) Zona 13 Norte. Datum de Referencia Wgs84, Compatible con Itrf08 Época 2010.0",Instituto de Información Estadística y Geográfica del Estado de Jalisco,,Sistema de Información Estadística de Delimitaciones y Demarcaciones Territoriales,"En Concordancia con la Propuesta de la Carta General del Estado de Jalisco el Instituto de Información Estadística y Geográfica del Estado de Jalisco, Hace Entrega de la Misma a Nivel Municipal a Escala 1:50,000 y Su Representación Impresa a Escala 1:20,000 para el Municipio de Guadalajara, Jalisco",
Hostotipaquillo,Carta Municipal,2021,Hostotipaquillo,https://iieg.jalisco.gob.mx/acervo/portal/mapas/549_2021_iieg,,Gobierno del Estado de Jalisco. Instituto de Información Estadística y Geográfica del Estado de Jalisco. Lxii Legislatura. Congreso del Estado de Jalisco,100 x 100 cm,1: 50 000,"Proyección Cartográfica. Universal Transversa de Mercatos (utm) Zona 13 Norte. Datum de Referencia Wgs84, Compatible con Itrf08 Época 2010.0",Instituto de Información Estadística y Geográfica del Estado de Jalisco,,Sistema de Información Estadística de Delimitaciones y Demarcaciones Territoriales,"En Concordancia con la Propuesta de la Carta General del Estado de Jalisco el Instituto de Información Estadística y Geográfica del Estado de Jalisco, Hace Entrega de la Misma a Nivel Municipal a Escala 1:50,000 y Su Representación Impresa a Escala 1:50,000 para el Municipio de Hostotipaquillo, Jalisco",
Huejúcar,Carta Municipal,2021,Huejúcar,https://iieg.jalisco.gob.mx/acervo/portal/mapas/550_2021_iieg,,Gobierno del Estado de Jalisco. Instituto de Información Estadística y Geográfica del Estado de Jalisco. Lxii Legislatura. Congreso del Estado de Jalisco,100 x 100 cm,1: 50 000,"Proyección Cartográfica. Universal Transversa de Mercatos (utm) Zona 13 Norte. Datum de Referencia Wgs84, Compatible con Itrf08 Época 2010.0",Instituto de Información Estadística y Geográfica del Estado de Jalisco,,Sistema de Información Estadística de Delimitaciones y Demarcaciones Territoriales,"En Concordancia con la Propuesta de la Carta General del Estado de Jalisco el Instituto de Información Estadística y Geográfica del Estado de Jalisco, Hace Entrega de la Misma a Nivel Municipal a Escala 1:50,000 y Su Representación Impresa a Escala 1:50,000 para el Municipio de Huejúcar, Jalisco",
Huejuquilla el Alto,Carta Municipal,2021,Huejuquilla el Alto,https://iieg.jalisco.gob.mx/acervo/portal/mapas/551_2021_iieg,,Gobierno del Estado de Jalisco. Instituto de Información Estadística y Geográfica del Estado de Jalisco. Lxii Legislatura. Congreso del Estado de Jalisco,100 x 100 cm,1: 70 000,"Proyección Cartográfica. Universal Transversa de Mercatos (utm) Zona 13 Norte. Datum de Referencia Wgs84, Compatible con Itrf08 Época 2010.",Instituto de Información Estadística y Geográfica del Estado de Jalisco,,Sistema de Información Estadística de Delimitaciones y Demarcaciones Territoriales,"En Concordancia con la Propuesta de la Carta General del Estado de Jalisco el Instituto de Información Estadística y Geográfica del Estado de Jalisco, Hace Entrega de la Misma a Nivel Municipal a Escala 1:50,000 y Su Representación Impresa a Escala 1:70,000 para el Municipio de Huejuquilla el Alto, Jalisco",
Ixtlahuacán de los Membrillos,Carta Municipal,2021,Ixtlahuacán de los Membrillos,https://iieg.jalisco.gob.mx/acervo/portal/mapas/552_2021_iieg,,Gobierno del Estado de Jalisco. Instituto de Información Estadística y Geográfica del Estado de Jalisco. Lxii Legislatura. Congreso del Estado de Jalisco,100 x 100 cm,1: 25 000,"Proyección Cartográfica. Universal Transversa de Mercatos (utm) Zona 13 Norte. Datum de Referencia Wgs84, Compatible con Itrf08 Época 2010.0",Instituto de Información Estadística y Geográfica del Estado de Jalisco,,Sistema de Información Estadística de Delimitaciones y Demarcaciones Territoriales,"En Concordancia con la Propuesta de la Carta General del Estado de Jalisco el Instituto de Información Estadística y Geográfica del Estado de Jalisco, Hace Entrega de la Misma a Nivel Municipal a Escala 1:50,000 y Su Representación Impresa a Escala 1:25,000 para el Municipio de Ixtlahuacán de los Membrillos, Jalisco",
Ixtlahuacán del Río,Carta Municipal,2021,Ixtlahuacán del Río,https://iieg.jalisco.gob.mx/acervo/portal/mapas/553_2021_iieg,,Gobierno del Estado de Jalisco. Instituto de Información Estadística y Geográfica del Estado de Jalisco. Lxii Legislatura. Congreso del Estado de Jalisco,100 x 100 cm,1: 50 000,"Proyección Cartográfica. Universal Transversa de Mercatos (utm) Zona 13 Norte. Datum de Referencia Wgs84, Compatible con Itrf08 Época 2010.0",Instituto de Información Estadística y Geográfica del Estado de Jalisco,,Sistema de Información Estadística de Delimitaciones y Demarcaciones Territoriales,"En Concordancia con la Propuesta de la Carta General del Estado de Jalisco el Instituto de Información Estadística y Geográfica del Estado de Jalisco, Hace Entrega de la Misma a Nivel Municipal a Escala 1:50,000 y Su Representación Impresa a Escala 1:50,000 para el Municipio de Ixtlahuacán del Río, Jalisco",
Jalostotitlán,Carta Municipal,2021,Jalostotitlán,https://iieg.jalisco.gob.mx/acervo/portal/mapas/554_2021_iieg,,Gobierno del Estado de Jalisco. Instituto de Información Estadística y Geográfica del Estado de Jalisco. Lxii Legislatura. Congreso del Estado de Jalisco,100 x 100 cm,1: 50 000,"Proyección Cartográfica. Universal Transversa de Mercatos (utm) Zona 13 Norte. Datum de Referencia Wgs84, Compatible con Itrf08 Época 2010.0",Instituto de Información Estadística y Geográfica del Estado de Jalisco,,Sistema de Información Estadística de Delimitaciones y Demarcaciones Territoriales,"En Concordancia con la Propuesta de la Carta General del Estado de Jalisco el Instituto de Información Estadística y Geográfica del Estado de Jalisco, Hace Entrega de la Misma a Nivel Municipal a Escala 1:50,000 y Su Representación Impresa a Escala 1:50,000 para el Municipio de Jalostotitlán, Jalisco",
Jamay,Carta Municipal,2021,Jamay,https://iieg.jalisco.gob.mx/acervo/portal/mapas/555_2021_iieg,,Gobierno del Estado de Jalisco. Instituto de Información Estadística y Geográfica del Estado de Jalisco. Lxii Legislatura. Congreso del Estado de Jalisco,100 x 100 cm,1: 30 000,"Proyección Cartográfica. Universal Transversa de Mercatos (utm) Zona 13 Norte. Datum de Referencia Wgs84, Compatible con Itrf08 Época 2010.0",Instituto de Información Estadística y Geográfica del Estado de Jalisco,,Sistema de Información Estadística de Delimitaciones y Demarcaciones Territoriales,"En Concordancia con la Propuesta de la Carta General del Estado de Jalisco el Instituto de Información Estadística y Geográfica del Estado de Jalisco, Hace Entrega de la Misma a Nivel Municipal a Escala 1:50,000 y Su Representación Impresa a Escala 1:30,000 para el Municipio de Jamay, Jalisco",
Jesús María,Carta Municipal,2021,Jesús María,https://iieg.jalisco.gob.mx/acervo/portal/mapas/556_2021_iieg,,Gobierno del Estado de Jalisco. Instituto de Información Estadística y Geográfica del Estado de Jalisco. Lxii Legislatura. Congreso del Estado de Jalisco,100 x 100 cm,1: 50 000,"Proyección Cartográfica. Universal Transversa de Mercatos (utm) Zona 13 Norte. Datum de Referencia Wgs84, Compatible con Itrf08 Época 2010.0",Instituto de Información Estadística y Geográfica del Estado de Jalisco,,Sistema de Información Estadística de Delimitaciones y Demarcaciones Territoriales,"En Concordancia con la Propuesta de la Carta General del Estado de Jalisco el Instituto de Información Estadística y Geográfica del Estado de Jalisco, Hace Entrega de la Misma a Nivel Municipal a Escala 1:50,000 y Su Representación Impresa a Escala 1:50,000 para el Municipio de Jesús María, Jalisco",
Jilotlán de los Dolores,Carta Municipal,2021,Jilotlán de los Dolores,https://iieg.jalisco.gob.mx/acervo/portal/mapas/557_2021_iieg,,Gobierno del Estado de Jalisco. Instituto de Información Estadística y Geográfica del Estado de Jalisco. Lxii Legislatura. Congreso del Estado de Jalisco,100 x 100 cm,1: 80 000,"Proyección Cartográfica. Universal Transversa de Mercatos (utm) Zona 13 Norte. Datum de Referencia Wgs84, Compatible con Itrf08 Época 2010.0",Instituto de Información Estadística y Geográfica del Estado de Jalisco,,Sistema de Información Estadística de Delimitaciones y Demarcaciones Territoriales,"En Concordancia con la Propuesta de la Carta General del Estado de Jalisco el Instituto de Información Estadística y Geográfica del Estado de Jalisco, Hace Entrega de la Misma a Nivel Municipal a Escala 1:50,000 y Su Representación Impresa a Escala 1:80,000 para el Municipio de Jilotlán de los Dolores, Jalisco",
Jocotepec,Carta Municipal,2021,Jocotepec,https://iieg.jalisco.gob.mx/acervo/portal/mapas/558_2021_iieg,,Gobierno del Estado de Jalisco. Instituto de Información Estadística y Geográfica del Estado de Jalisco. Lxii Legislatura. Congreso del Estado de Jalisco,100 x 100 cm,1: 35 000,"Proyección Cartográfica. Universal Transversa de Mercatos (utm) Zona 13 Norte. Datum de Referencia Wgs84, Compatible con Itrf08 Época 2010.0",Instituto de Información Estadística y Geográfica del Estado de Jalisco,,Sistema de Información Estadística de Delimitaciones y Demarcaciones Territoriales,"En Concordancia con la Propuesta de la Carta General del Estado de Jalisco el Instituto de Información Estadística y Geográfica del Estado de Jalisco, Hace Entrega de la Misma a Nivel Municipal a Escala 1:50,000 y Su Representación Impresa a Escala 1:35,000 para el Municipio de Jocotepec, Jalisco",
Juanacatlán,Carta Municipal,2021,Juanacatlán,https://iieg.jalisco.gob.mx/acervo/portal/mapas/559_2021_iieg,,Gobierno del Estado de Jalisco. Instituto de Información Estadística y Geográfica del Estado de Jalisco. Lxii Legislatura. Congreso del Estado de Jalisco,100 x 100 cm,1: 25 000,"Proyección Cartográfica. Universal Transversa de Mercatos (utm) Zona 13 Norte. Datum de Referencia Wgs84, Compatible con Itrf08 Época 2010.0",Instituto de Información Estadística y Geográfica del Estado de Jalisco,,Sistema de Información Estadística de Delimitaciones y Demarcaciones Territoriales,"En Concordancia con la Propuesta de la Carta General del Estado de Jalisco el Instituto de Información Estadística y Geográfica del Estado de Jalisco, Hace Entrega de la Misma a Nivel Municipal a Escala 1:50,000 y Su Representación Impresa a Escala 1:25,000 para el Municipio de Juanacatlán, Jalisco",
Juchitlán,Carta Municipal,2021,Juchitlán,https://iieg.jalisco.gob.mx/acervo/portal/mapas/560_2021_iieg,,Gobierno del Estado de Jalisco. Instituto de Información Estadística y Geográfica del Estado de Jalisco. Lxii Legislatura. Congreso del Estado de Jalisco,100 x 100 cm,1: 25 000,"Proyección Cartográfica. Universal Transversa de Mercatos (utm) Zona 13 Norte. Datum de Referencia Wgs84, Compatible con Itrf08 Época 2010.0",Instituto de Información Estadística y Geográfica del Estado de Jalisco,,Sistema de Información Estadística de Delimitaciones y Demarcaciones Territoriales,"En Concordancia con la Propuesta de la Carta General del Estado de Jalisco el Instituto de Información Estadística y Geográfica del Estado de Jalisco, Hace Entrega de la Misma a Nivel Municipal a Escala 1:50,000 y Su Representación Impresa a Escala 1:25,000 para el Municipio de Juchitlán, Jalisco",
La Barca,Carta Municipal,2021,La Barca,https://iieg.jalisco.gob.mx/acervo/portal/mapas/561_2021_iieg,,Gobierno del Estado de Jalisco. Instituto de Información Estadística y Geográfica del Estado de Jalisco. Lxii Legislatura. Congreso del Estado de Jalisco,100 x 100 cm,1: 40 000,"Proyección Cartográfica. Universal Transversa de Mercatos (utm) Zona 13 Norte. Datum de Referencia Wgs84, Compatible con Itrf08 Época 2010.0",Instituto de Información Estadística y Geográfica del Estado de Jalisco,,Sistema de Información Estadística de Delimitaciones y Demarcaciones Territoriales,"En Concordancia con la Propuesta de la Carta General del Estado de Jalisco el Instituto de Información Estadística y Geográfica del Estado de Jalisco, Hace Entrega de la Misma a Nivel Municipal a Escala 1:50,000 y Su Representación Impresa a Escala 1:40,000 para el Municipio de la Barca, Jalisco",
La Huerta,Carta Municipal,2021,La Huerta,https://iieg.jalisco.gob.mx/acervo/portal/mapas/562_2021_iieg,,Gobierno del Estado de Jalisco. Instituto de Información Estadística y Geográfica del Estado de Jalisco. Lxii Legislatura. Congreso del Estado de Jalisco,100 x 100 cm,1: 80 000,"Proyección Cartográfica. Universal Transversa de Mercatos (utm) Zona 13 Norte. Datum de Referencia Wgs84, Compatible con Itrf08 Época 2010.0",Instituto de Información Estadística y Geográfica del Estado de Jalisco,,Sistema de Información Estadística de Delimitaciones y Demarcaciones Territoriales,"En Concordancia con la Propuesta de la Carta General del Estado de Jalisco el Instituto de Información Estadística y Geográfica del Estado de Jalisco, Hace Entrega de la Misma a Nivel Municipal a Escala 1:50,000 y Su Representación Impresa a Escala 1:80,000 para el Municipio de la Huerta, Jalisco",
La Manzanilla de la Paz,Carta Municipal,2021,La Manzanilla de la Paz,https://iieg.jalisco.gob.mx/acervo/portal/mapas/563_2021_iieg,,Gobierno del Estado de Jalisco. Instituto de Información Estadística y Geográfica del Estado de Jalisco. Lxii Legislatura. Congreso del Estado de Jalisco,100 x 100 cm,1: 25 000,"Proyección Cartográfica. Universal Transversa de Mercatos (utm) Zona 13 Norte. Datum de Referencia Wgs84, Compatible con Itrf08 Época 2010.0",Instituto de Información Estadística y Geográfica del Estado de Jalisco,,Sistema de Información Estadística de Delimitaciones y Demarcaciones Territoriales,"En Concordancia con la Propuesta de la Carta General del Estado de Jalisco el Instituto de Información Estadística y Geográfica del Estado de Jalisco, Hace Entrega de la Misma a Nivel Municipal a Escala 1:50,000 y Su Representación Impresa a Escala 1:25,000 para el Municipio de la Manzanilla de la Paz, Jalisco",
Lagos de Moreno,Carta Municipal,2021,Lagos de Moreno,https://iieg.jalisco.gob.mx/acervo/portal/mapas/564_2021_iieg,,Gobierno del Estado de Jalisco. Instituto de Información Estadística y Geográfica del Estado de Jalisco. Lxii Legislatura. Congreso del Estado de Jalisco,100 x 100 cm,1: 100 000,"Proyección Cartográfica: Universal Transversa de Mercatos (utm) Zona 14 Norte. Datum de Referencia, Wgs84, Compatible con Itrf08 Época 2010.0",Instituto de Información Estadística y Geográfica del Estado de Jalisco,,Sistema de Información Estadística de Delimitaciones y Demarcaciones Territoriales,"En Concordancia con la Propuesta de la Carta General del Estado de Jalisco el Instituto de Información Estadística y Geográfica del Estado de Jalisco, Hace Entrega de la Misma a Nivel Municipal a Escala 1:50,000 y Su Representación Impresa a Escala 1:100,000 para el Municipio de Lagos de Moreno, Jalisco",
Magdalena,Carta Municipal,2021,Magdalena,https://iieg.jalisco.gob.mx/acervo/portal/mapas/565_2021_iieg,,Gobierno del Estado de Jalisco. Instituto de Información Estadística y Geográfica del Estado de Jalisco. Lxii Legislatura. Congreso del Estado de Jalisco,100 x 100 cm,1: 40 000,"Proyección Cartográfica. Universal Transversa de Mercatos (utm) Zona 13 Norte. Datum de Referencia Wgs84, Compatible con Itrf08 Época 2010.0",Instituto de Información Estadística y Geográfica del Estado de Jalisco,,Sistema de Información Estadística de Delimitaciones y Demarcaciones Territoriales,"En Concordancia con la Propuesta de la Carta General del Estado de Jalisco el Instituto de Información Estadística y Geográfica del Estado de Jalisco, Hace Entrega de la Misma a Nivel Municipal a Escala 1:50,000 y Su Representación Impresa a Escala 1:40,000 para el Municipio de Magdalena, Jalisco",
Mascota,Carta Municipal,2021,Mascota,https://iieg.jalisco.gob.mx/acervo/portal/mapas/566_2021_iieg,,Gobierno del Estado de Jalisco. Instituto de Información Estadística y Geográfica del Estado de Jalisco. Lxii Legislatura. Congreso del Estado de Jalisco,100 x 100 cm,1: 80 000,"Proyección Cartográfica. Universal Transversa de Mercatos (utm) Zona 13 Norte. Datum de Referencia Wgs84, Compatible con Itrf08 Época 2010.0",Instituto de Información Estadística y Geográfica del Estado de Jalisco,,Sistema de Información Estadística de Delimitaciones y Demarcaciones Territoriales,"En Concordancia con la Propuesta de la Carta General del Estado de Jalisco el Instituto de Información Estadística y Geográfica del Estado de Jalisco, Hace Entrega de la Misma a Nivel Municipal a Escala 1:50,000 y Su Representación Impresa a Escala 1:80,000 para el Municipio de Mascota, Jalisco",
Mazamitla,Carta Municipal,2021,Mazamitla,https://iieg.jalisco.gob.mx/acervo/portal/mapas/567_2021_iieg,,Gobierno del Estado de Jalisco. Instituto de Información Estadística y Geográfica del Estado de Jalisco. Lxii Legislatura. Congreso del Estado de Jalisco,100 x 100 cm,1: 30 000,"Proyección Cartográfica. Universal Transversa de Mercatos (utm) Zona 13 Norte. Datum de Referencia Wgs84, Compatible con Itrf08 Época 2010.0",Instituto de Información Estadística y Geográfica del Estado de Jalisco,,Sistema de Información Estadística de Delimitaciones y Demarcaciones Territoriales,"En Concordancia con la Propuesta de la Carta General del Estado de Jalisco el Instituto de Información Estadística y Geográfica del Estado de Jalisco, Hace Entrega de la Misma a Nivel Municipal a Escala 1:50,000 y Su Representación Impresa a Escala 1:30,000 para el Municipio de Mazamitla, Jalisco",
Mexticacán,Carta Municipal,2021,Mexticacán,https://iieg.jalisco.gob.mx/acervo/portal/mapas/568_2021_iieg,,Gobierno del Estado de Jalisco. Instituto de Información Estadística y Geográfica del Estado de Jalisco. Lxii Legislatura. Congreso del Estado de Jalisco,100 x 100 cm,1: 30 000,"Proyección Cartográfica. Universal Transversa de Mercatos (utm) Zona 13 Norte. Datum de Referencia Wgs84, Compatible con Itrf08 Época 2010.0",Instituto de Información Estadística y Geográfica del Estado de Jalisco,,Sistema de Información Estadística de Delimitaciones y Demarcaciones Territoriales,"En Concordancia con la Propuesta de la Carta General del Estado de Jalisco el Instituto de Información Estadística y Geográfica del Estado de Jalisco, Hace Entrega de la Misma a Nivel Municipal a Escala 1:50,000 y Su Representación Impresa a Escala 1:30,000 para el Municipio de Mexticacán, Jalisco",
Mezquitic,Carta Municipal,2021,Mezquitic,https://iieg.jalisco.gob.mx/acervo/portal/mapas/569_2021_iieg,,Gobierno del Estado de Jalisco. Instituto de Información Estadística y Geográfica del Estado de Jalisco. Lxii Legislatura. Congreso del Estado de Jalisco,100 x 100 cm,1: 100 000,"Proyección Cartográfica. Universal Transversa de Mercatos (utm) Zona 13 Norte. Datum de Referencia Wgs84, Compatible con Itrf08 Época 2010.0",Instituto de Información Estadística y Geográfica del Estado de Jalisco,,Sistema de Información Estadística de Delimitaciones y Demarcaciones Territoriales,"En Concordancia con la Propuesta de la Carta General del Estado de Jalisco el Instituto de Información Estadística y Geográfica del Estado de Jalisco, Hace Entrega de la Misma a Nivel Municipal a Escala 1:50,000 y Su Representación Impresa a Escala 1:100,000 para el Municipio de Mezquitic, Jalisco",
Mixtlán,Carta Municipal,2021,Mixtlán,https://iieg.jalisco.gob.mx/acervo/portal/mapas/570_2021_iieg,,Gobierno del Estado de Jalisco. Instituto de Información Estadística y Geográfica del Estado de Jalisco. Lxii Legislatura. Congreso del Estado de Jalisco,100 x 100 cm,1: 50 000,"Proyección Cartográfica. Universal Transversa de Mercatos (utm) Zona 13 Norte. Datum de Referencia Wgs84, Compatible con Itrf08 Época 2010.0",Instituto de Información Estadística y Geográfica del Estado de Jalisco,,Sistema de Información Estadística de Delimitaciones y Demarcaciones Territoriales,"En Concordancia con la Propuesta de la Carta General del Estado de Jalisco el Instituto de Información Estadística y Geográfica del Estado de Jalisco, Hace Entrega de la Misma a Nivel Municipal a Escala 1:50,000 y Su Representación Impresa a Escala 1:50,000 para el Municipio de Mixtlán, Jalisco",
Ocotlán,Carta Municipal,2021,Ocotlán,https://iieg.jalisco.gob.mx/acervo/portal/mapas/571_2021_iieg,,Gobierno del Estado de Jalisco. Instituto de Información Estadística y Geográfica del Estado de Jalisco. Lxii Legislatura. Congreso del Estado de Jalisco,100 x 100 cm,1: 60 000,"Proyección Cartográfica. Universal Transversa de Mercatos (utm) Zona 13 Norte. Datum de Referencia Wgs84, Compatible con Itrf08 Época 2010.0",Instituto de Información Estadística y Geográfica del Estado de Jalisco,,Sistema de Información Estadística de Delimitaciones y Demarcaciones Territoriales,"En Concordancia con la Propuesta de la Carta General del Estado de Jalisco el Instituto de Información Estadística y Geográfica del Estado de Jalisco, Hace Entrega de la Misma a Nivel Municipal a Escala 1:50,000 y Su Representación Impresa a Escala 1:60,000 para el Municipio de Ocotlán, Jalisco",
Ojuelos de Jalisco,Carta Municipal,2021,Ojuelos de Jalisco,https://iieg.jalisco.gob.mx/acervo/portal/mapas/572_2021_iieg,,Gobierno del Estado de Jalisco. Instituto de Información Estadística y Geográfica del Estado de Jalisco. Lxii Legislatura. Congreso del Estado de Jalisco,100 x 100 cm,1: 60 000,"Proyección Cartográfica. Universal Transversa de Mercatos (utm) Zona 14 Norte. Datum de Referencia Wgs84, Compatible con Itrf08 Época 2010.0",Instituto de Información Estadística y Geográfica del Estado de Jalisco,,Sistema de Información Estadística de Delimitaciones y Demarcaciones Territoriales,"En Concordancia con la Propuesta de la Carta General del Estado de Jalisco el Instituto de Información Estadística y Geográfica del Estado de Jalisco, Hace Entrega de la Misma a Nivel Municipal a Escala 1:50,000 y Su Representación Impresa a Escala 1:60,000 para el Municipio de Ojuelos de Jalisco, Jalisco",
Pihuamo,Carta Municipal,2021,Pihuamo,https://iieg.jalisco.gob.mx/acervo/portal/mapas/573_2021_iieg,,Gobierno del Estado de Jalisco. Instituto de Información Estadística y Geográfica del Estado de Jalisco. Lxii Legislatura. Congreso del Estado de Jalisco,100 x 100 cm,1: 50 000,"Proyección Cartográfica. Universal Transversa de Mercatos (utm) Zona 13 Norte. Datum de Referencia Wgs84, Compatible con Itrf08 Época 2010.0",Instituto de Información Estadística y Geográfica del Estado de Jalisco,,Sistema de Información Estadística de Delimitaciones y Demarcaciones Territoriales,"En Concordancia con la Propuesta de la Carta General del Estado de Jalisco el Instituto de Información Estadística y Geográfica del Estado de Jalisco, Hace Entrega de la Misma a Nivel Municipal a Escala 1:50,000 y Su Representación Impresa a Escala 1:50,000 para el Municipio de Pihuamo, Jalisco",
Poncitlán,Carta Municipal,2021,Poncitlán,https://iieg.jalisco.gob.mx/acervo/portal/mapas/574_2021_iieg,,Gobierno del Estado de Jalisco. Instituto de Información Estadística y Geográfica del Estado de Jalisco. Lxii Legislatura. Congreso del Estado de Jalisco,100 x 100 cm,1: 40 000,"Proyección Cartográfica. Universal Transversa de Mercatos (utm) Zona 13 Norte. Datum de Referencia Wgs84, Compatible con Itrf08 Época 2010.0",Instituto de Información Estadística y Geográfica del Estado de Jalisco,,Sistema de Información Estadística de Delimitaciones y Demarcaciones Territoriales,"En Concordancia con la Propuesta de la Carta General del Estado de Jalisco el Instituto de Información Estadística y Geográfica del Estado de Jalisco, Hace Entrega de la Misma a Nivel Municipal a Escala 1:50,000 y Su Representación Impresa a Escala 1:40,000 para el Municipio de Poncitlán, Jalisco",
Puerto Vallarta,Carta Municipal,2021,Puerto Vallarta,https://iieg.jalisco.gob.mx/acervo/portal/mapas/575_2021_iieg,,Gobierno del Estado de Jalisco. Instituto de Información Estadística y Geográfica del Estado de Jalisco. Lxii Legislatura. Congreso del Estado de Jalisco,100 x 100 cm,1: 60 000,"Proyección Cartográfica. Universal Transversa de Mercatos (utm) Zona 13 Norte. Datum de Referencia Wgs84, Compatible con Itrf08 Época 2010.0",Instituto de Información Estadística y Geográfica del Estado de Jalisco,,Sistema de Información Estadística de Delimitaciones y Demarcaciones Territoriales,"En Concordancia con la Propuesta de la Carta General del Estado de Jalisco el Instituto de Información Estadística y Geográfica del Estado de Jalisco, Hace Entrega de la Misma a Nivel Municipal a Escala 1:50,000 y Su Representación Impresa a Escala 1:60,000 para el Municipio de Puerto Vallarta, Jalisco",
Quitupán,Carta Municipal,2021,Quitupán,https://iieg.jalisco.gob.mx/acervo/portal/mapas/576_2021_iieg,,Gobierno del Estado de Jalisco. Instituto de Información Estadística y Geográfica del Estado de Jalisco. Lxii Legislatura. Congreso del Estado de Jalisco,100 x 100 cm,1: 60 000,"Proyección Cartográfica. Universal Transversa de Mercatos (utm) Zona 13 Norte. Datum de Referencia Wgs84, Compatible con Itrf08 Época 2010.0",Instituto de Información Estadística y Geográfica del Estado de Jalisco,,Sistema de Información Estadística de Delimitaciones y Demarcaciones Territoriales,"En Concordancia con la Propuesta de la Carta General del Estado de Jalisco el Instituto de Información Estadística y Geográfica del Estado de Jalisco, Hace Entrega de la Misma a Nivel Municipal a Escala 1:50,000 y Su Representación Impresa a Escala 1:60,000 para el Municipio de Quitupán, Jalisco",
San Cristóbal de la Barranca,Carta Municipal,2021,San Cristóbal de la Barranca,https://iieg.jalisco.gob.mx/acervo/portal/mapas/577_2021_iieg,,Gobierno del Estado de Jalisco. Instituto de Información Estadística y Geográfica del Estado de Jalisco. Lxii Legislatura. Congreso del Estado de Jalisco,100 x 100 cm,1: 40 000,"Proyección Cartográfica. Universal Transversa de Mercatos (utm) Zona 13 Norte. Datum de Referencia Wgs84, Compatible con Itrf08 Época 2010.0",Instituto de Información Estadística y Geográfica del Estado de Jalisco,,Sistema de Información Estadística de Delimitaciones y Demarcaciones Territoriales,"En Concordancia con la Propuesta de la Carta General del Estado de Jalisco el Instituto de Información Estadística y Geográfica del Estado de Jalisco, Hace Entrega de la Misma a Nivel Municipal a Escala 1:50,000 y Su Representación Impresa a Escala 1:40,000 para el Municipio de San Cristóbal de la Barranca, Jalisco",
San Diego de Alejandría,Carta Municipal,2021,San Diego de Alejandría,https://iieg.jalisco.gob.mx/acervo/portal/mapas/578_2021_iieg,,Gobierno del Estado de Jalisco. Instituto de Información Estadística y Geográfica del Estado de Jalisco. Lxii Legislatura. Congreso del Estado de Jalisco,100 x 100 cm,1: 30 000,"Proyección Cartográfica: Universal Transversa de Mercatos (utm) Zona 13 Norte. Datum de Referencia, Wgs84, Compatible con Itrf08 Época 2010.0",Instituto de Información Estadística y Geográfica del Estado de Jalisco,,Sistema de Información Estadística de Delimitaciones y Demarcaciones Territoriales,"En Concordancia con la Propuesta de la Carta General del Estado de Jalisco el Instituto de Información Estadística y Geográfica del Estado de Jalisco, Hace Entrega de la Misma a Nivel Municipal a Escala 1:50,000 y Su Representación Impresa a Escala 1:30,000 para el Municipio de San Diego de Alejandría, Jalisco",
San Gabriel,Carta Municipal,2021,San Gabriel,https://iieg.jalisco.gob.mx/acervo/portal/mapas/579_2021_iieg,,Gobierno del Estado de Jalisco. Instituto de Información Estadística y Geográfica del Estado de Jalisco. Lxii Legislatura. Congreso del Estado de Jalisco,100 x 100 cm,1: 50 000,"Proyección Cartográfica: Universal Transversa de Mercatos (utm) Zona 13 Norte. Datum de Referencia, Wgs84, Compatible con Itrf08 Época 2010.0",Instituto de Información Estadística y Geográfica del Estado de Jalisco,,Sistema de Información Estadística de Delimitaciones y Demarcaciones Territoriales,"En Concordancia con la Propuesta de la Carta General del Estado de Jalisco el Instituto de Información Estadística y Geográfica del Estado de Jalisco, Hace Entrega de la Misma a Nivel Municipal a Escala 1:50,000 y Su Representación Impresa a Escala 1:50,000 para el Municipio de San Gabriel, Jalisco",
San Ignacio Cerro Gordo,Carta Municipal,2021,San Ignacio Cerro Gordo,https://iieg.jalisco.gob.mx/acervo/portal/mapas/580_2021_iieg,,Gobierno del Estado de Jalisco. Instituto de Información Estadística y Geográfica del Estado de Jalisco. Lxii Legislatura. Congreso del Estado de Jalisco,100 x 100 cm,1: 25 000,"Proyección Cartográfica: Universal Transversa de Mercatos (utm) Zona 13 Norte. Datum de Referencia, Wgs84, Compatible con Itrf08 Época 2010.0",Instituto de Información Estadística y Geográfica del Estado de Jalisco,,Sistema de Información Estadística de Delimitaciones y Demarcaciones Territoriales,"En Concordancia con la Propuesta de la Carta General del Estado de Jalisco el Instituto de Información Estadística y Geográfica del Estado de Jalisco, Hace Entrega de la Misma a Nivel Municipal a Escala 1:50,000 y Su Representación Impresa a Escala 1:25,000 para el Municipio de San Ignacio Cerro Gordo, Jalisco",
San Juan de los Lagos,Carta Municipal,2021,San Juan de los Lagos,https://iieg.jalisco.gob.mx/acervo/portal/mapas/581_2021_iieg,,Gobierno del Estado de Jalisco. Instituto de Información Estadística y Geográfica del Estado de Jalisco. Lxii Legislatura. Congreso del Estado de Jalisco,100 x 100 cm,1: 50 000,"Proyección Cartográfica: Universal Transversa de Mercatos (utm) Zona 13 Norte. Datum de Referencia, Wgs84, Compatible con Itrf08 Época 2010.0",Instituto de Información Estadística y Geográfica del Estado de Jalisco,,Sistema de Información Estadística de Delimitaciones y Demarcaciones Territoriales,"En Concordancia con la Propuesta de la Carta General del Estado de Jalisco el Instituto de Información Estadística y Geográfica del Estado de Jalisco, Hace Entrega de la Misma a Nivel Municipal a Escala 1:50,000 y Su Representación Impresa a Escala 1:50,000 para el Municipio de San Juan de los Lagos, Jalisco",
San Juanito de Escobedo,Carta Municipal,2021,San Juanito de Escobedo,https://iieg.jalisco.gob.mx/acervo/portal/mapas/582_2021_iieg,,Gobierno del Estado de Jalisco. Instituto de Información Estadística y Geográfica del Estado de Jalisco. Lxii Legislatura. Congreso del Estado de Jalisco,100 x 100 cm,1: 25 000,"Proyección Cartográfica: Universal Transversa de Mercatos (utm) Zona 13 Norte. Datum de Referencia, Wgs84, Compatible con Itrf08 Época 2010.0",Instituto de Información Estadística y Geográfica del Estado de Jalisco,,Sistema de Información Estadística de Delimitaciones y Demarcaciones Territoriales,"En Concordancia con la Propuesta de la Carta General del Estado de Jalisco el Instituto de Información Estadística y Geográfica del Estado de Jalisco, Hace Entrega de la Misma a Nivel Municipal a Escala 1:50,000 y Su Representación Impresa a Escala 1:25,000 para el Municipio de San Juanito de Escobedo, Jalisco",
San Julián,Carta Municipal,2021,San Julián,https://iieg.jalisco.gob.mx/acervo/portal/mapas/583_2021_iieg,,Gobierno del Estado de Jalisco. Instituto de Información Estadística y Geográfica del Estado de Jalisco. Lxii Legislatura. Congreso del Estado de Jalisco,100 x 100 cm,1: 30 000,"Proyección Cartográfica: Universal Transversa de Mercatos (utm) Zona 13 Norte. Datum de Referencia, Wgs84, Compatible con Itrf08 Época 2010.0",Instituto de Información Estadística y Geográfica del Estado de Jalisco,,Sistema de Información Estadística de Delimitaciones y Demarcaciones Territoriales,"En Concordancia con la Propuesta de la Carta General del Estado de Jalisco el Instituto de Información Estadística y Geográfica del Estado de Jalisco, Hace Entrega de la Misma a Nivel Municipal a Escala 1:50,000 y Su Representación Impresa a Escala 1:30,000 para el Municipio de San Julián, Jalisco",
San Marcos,Carta Municipal,2021,San Marcos,https://iieg.jalisco.gob.mx/acervo/portal/mapas/584_2021_iieg,,Gobierno del Estado de Jalisco. Instituto de Información Estadística y Geográfica del Estado de Jalisco. Lxii Legislatura. Congreso del Estado de Jalisco,100 x 100 cm,1: 50 000,"Proyección Cartográfica: Universal Transversa de Mercatos (utm) Zona 13 Norte. Datum de Referencia, Wgs84, Compatible con Itrf08 Época 2010.0",Instituto de Información Estadística y Geográfica del Estado de Jalisco,,Sistema de Información Estadística de Delimitaciones y Demarcaciones Territoriales,"En Concordancia con la Propuesta de la Carta General del Estado de Jalisco el Instituto de Información Estadística y Geográfica del Estado de Jalisco, Hace Entrega de la Misma a Nivel Municipal a Escala 1:50,000 y Su Representación Impresa a Escala 1:50,000 para el Municipio de San Marcos, Jalisco",
San Martín de Bolaños,Carta Municipal,2021,San Martín de Bolaños,https://iieg.jalisco.gob.mx/acervo/portal/mapas/585_2021_iieg,,Gobierno del Estado de Jalisco. Instituto de Información Estadística y Geográfica del Estado de Jalisco. Lxii Legislatura. Congreso del Estado de Jalisco,100 x 100 cm,1: 75 000,"Proyección Cartográfica: Universal Transversa de Mercatos (utm) Zona 13 Norte. Datum de Referencia, Wgs84, Compatible con Itrf08 Época 2010.0",Instituto de Información Estadística y Geográfica del Estado de Jalisco,,Sistema de Información Estadística de Delimitaciones y Demarcaciones Territoriales,"En Concordancia con la Propuesta de la Carta General del Estado de Jalisco el Instituto de Información Estadística y Geográfica del Estado de Jalisco, Hace Entrega de la Misma a Nivel Municipal a Escala 1:50,000 y Su Representación Impresa a Escala 1:75,000 para el Municipio de San Martín de Bolaños, Jalisco",
San Martín Hidalgo,Carta Municipal,2021,San Martín Hidalgo,https://iieg.jalisco.gob.mx/acervo/portal/mapas/586_2021_iieg,,Gobierno del Estado de Jalisco. Instituto de Información Estadística y Geográfica del Estado de Jalisco. Lxii Legislatura. Congreso del Estado de Jalisco,100 x 100 cm,1: 40 000,"Proyección Cartográfica: Universal Transversa de Mercatos (utm) Zona 13 Norte. Datum de Referencia, Wgs84, Compatible con Itrf08 Época 2010.0",Instituto de Información Estadística y Geográfica del Estado de Jalisco,,Sistema de Información Estadística de Delimitaciones y Demarcaciones Territoriales,"En Concordancia con la Propuesta de la Carta General del Estado de Jalisco el Instituto de Información Estadística y Geográfica del Estado de Jalisco, Hace Entrega de la Misma a Nivel Municipal a Escala 1:50,000 y Su Representación Impresa a Escala 1:40,000 para el Municipio de San Martín Hidalgo, Jalisco",
San Miguel el Alto,Carta Municipal,2021,San Miguel el Alto,https://iieg.jalisco.gob.mx/acervo/portal/mapas/587_2021_iieg,,Gobierno del Estado de Jalisco. Instituto de Información Estadística y Geográfica del Estado de Jalisco. Lxii Legislatura. Congreso del Estado de Jalisco,100 x 100 cm,1: 50 000,"Proyección Cartográfica: Universal Transversa de Mercatos (utm) Zona 13 Norte. Datum de Referencia, Wgs84, Compatible con Itrf08 Época 2010.0",Instituto de Información Estadística y Geográfica del Estado de Jalisco,,Sistema de Información Estadística de Delimitaciones y Demarcaciones Territoriales,"En Concordancia con la Propuesta de la Carta General del Estado de Jalisco el Instituto de Información Estadística y Geográfica del Estado de Jalisco, Hace Entrega de la Misma a Nivel Municipal a Escala 1:50,000 y Su Representación Impresa a Escala 1:50,000 para el Municipio de San Miguel el Alto, Jalisco",
San Pedro Tlaquepaque,Carta Municipal,2021,San Pedro Tlaquepaque,https://iieg.jalisco.gob.mx/acervo/portal/mapas/588_2021_iieg,,Gobierno del Estado de Jalisco. Instituto de Información Estadística y Geográfica del Estado de Jalisco. Lxii Legislatura. Congreso del Estado de Jalisco,100 x 100 cm,1: 30 000,"Proyección Cartográfica: Universal Transversa de Mercatos (utm) Zona 13 Norte. Datum de Referencia, Wgs84, Compatible con Itrf08 Época 2010.0",Instituto de Información Estadística y Geográfica del Estado de Jalisco,,Sistema de Información Estadística de Delimitaciones y Demarcaciones Territoriales,"En Concordancia con la Propuesta de la Carta General del Estado de Jalisco el Instituto de Información Estadística y Geográfica del Estado de Jalisco, Hace Entrega de la Misma a Nivel Municipal a Escala 1:50,000 y Su Representación Impresa a Escala 1:30,000 para el Municipio de San Pedro Tlaquepaque, Jalisco",
San Sebastián del Oeste,Carta Municipal,2021,San Sebastián del Oeste,https://iieg.jalisco.gob.mx/acervo/portal/mapas/589_2021_iieg,,Gobierno del Estado de Jalisco. Instituto de Información Estadística y Geográfica del Estado de Jalisco. Lxii Legislatura. Congreso del Estado de Jalisco,100 x 100 cm,1: 60 000,"Proyección Cartográfica: Universal Transversa de Mercatos (utm) Zona 13 Norte. Datum de Referencia, Wgs84, Compatible con Itrf08 Época 2010.0",Instituto de Información Estadística y Geográfica del Estado de Jalisco,,Sistema de Información Estadística de Delimitaciones y Demarcaciones Territoriales,"En Concordancia con la Propuesta de la Carta General del Estado de Jalisco el Instituto de Información Estadística y Geográfica del Estado de Jalisco, Hace Entrega de la Misma a Nivel Municipal a Escala 1:50,000 y Su Representación Impresa a Escala 1:60,000 para el Municipio de San Sebastián del Oeste, Jalisco",
Santa María de los Ángeles,Carta Municipal,2021,Santa María de los Ángeles,https://iieg.jalisco.gob.mx/acervo/portal/mapas/590_2021_iieg,,Gobierno del Estado de Jalisco. Instituto de Información Estadística y Geográfica del Estado de Jalisco. Lxii Legislatura. Congreso del Estado de Jalisco,100 x 100 cm,1: 40 000,"Proyección Cartográfica: Universal Transversa de Mercatos (utm) Zona 13 Norte. Datum de Referencia, Wgs84, Compatible con Itrf08 Época 2010.0",Instituto de Información Estadística y Geográfica del Estado de Jalisco,,Sistema de Información Estadística de Delimitaciones y Demarcaciones Territoriales,"En Concordancia con la Propuesta de la Carta General del Estado de Jalisco el Instituto de Información Estadística y Geográfica del Estado de Jalisco, Hace Entrega de la Misma a Nivel Municipal a Escala 1:50,000 y Su Representación Impresa a Escala 1:40,000 para el Municipio de Santa María de los Ángeles, Jalisco",
Santa María del Oro,Carta Municipal,2021,Santa María del Oro,https://iieg.jalisco.gob.mx/acervo/portal/mapas/591_2021_iieg,,Gobierno del Estado de Jalisco. Instituto de Información Estadística y Geográfica del Estado de Jalisco. Lxii Legislatura. Congreso del Estado de Jalisco,100 x 100 cm,1: 60 000,"Proyección Cartográfica: Universal Transversa de Mercatos (utm) Zona 13 Norte. Datum de Referencia, Wgs84, Compatible con Itrf08 Época 2010.0",Instituto de Información Estadística y Geográfica del Estado de Jalisco,,Sistema de Información Estadística de Delimitaciones y Demarcaciones Territoriales,"En Concordancia con la Propuesta de la Carta General del Estado de Jalisco el Instituto de Información Estadística y Geográfica del Estado de Jalisco, Hace Entrega de la Misma a Nivel Municipal a Escala 1:50,000 y Su Representación Impresa a Escala 1:60,000 para el Municipio de Santa María del Oro, Jalisco",
Sayula,Carta Municipal,2021,Sayula,https://iieg.jalisco.gob.mx/acervo/portal/mapas/592_2021_iieg,,Gobierno del Estado de Jalisco. Instituto de Información Estadística y Geográfica del Estado de Jalisco. Lxii Legislatura. Congreso del Estado de Jalisco,100 x 100 cm,1: 30 000,"Proyección Cartográfica: Universal Transversa de Mercatos (utm) Zona 13 Norte. Datum de Referencia, Wgs84, Compatible con Itrf08 Época 2010.0",Instituto de Información Estadística y Geográfica del Estado de Jalisco,,Sistema de Información Estadística de Delimitaciones y Demarcaciones Territoriales,"En Concordancia con la Propuesta de la Carta General del Estado de Jalisco el Instituto de Información Estadística y Geográfica del Estado de Jalisco, Hace Entrega de la Misma a Nivel Municipal a Escala 1:50,000 y Su Representación Impresa a Escala 1:30,000 para el Municipio de Sayula, Jalisco",
Tala,Carta Municipal,2021,Tala,https://iieg.jalisco.gob.mx/acervo/portal/mapas/593_2021_iieg,,Gobierno del Estado de Jalisco. Instituto de Información Estadística y Geográfica del Estado de Jalisco. Lxii Legislatura. Congreso del Estado de Jalisco,100 x 100 cm,1: 50 000,"Proyección Cartográfica: Universal Transversa de Mercatos (utm) Zona 13 Norte. Datum de Referencia, Wgs84, Compatible con Itrf08 Época 2010.0",Instituto de Información Estadística y Geográfica del Estado de Jalisco,,Sistema de Información Estadística de Delimitaciones y Demarcaciones Territoriales,"En Concordancia con la Propuesta de la Carta General del Estado de Jalisco el Instituto de Información Estadística y Geográfica del Estado de Jalisco, Hace Entrega de la Misma a Nivel Municipal a Escala 1:50,000 y Su Representación Impresa a Escala 1:50,000 para el Municipio de Tala, Jalisco",
Talpa de Allende,Carta Municipal,2021,Talpa de Allende,https://iieg.jalisco.gob.mx/acervo/portal/mapas/594_2021_iieg,,Gobierno del Estado de Jalisco. Instituto de Información Estadística y Geográfica del Estado de Jalisco. Lxii Legislatura. Congreso del Estado de Jalisco,100 x 100 cm,1: 60 000,"Proyección Cartográfica: Universal Transversa de Mercatos (utm) Zona 13 Norte. Datum de Referencia, Wgs84, Compatible con Itrf08 Época 2010.0",Instituto de Información Estadística y Geográfica del Estado de Jalisco,,Sistema de Información Estadística de Delimitaciones y Demarcaciones Territoriales,"En Concordancia con la Propuesta de la Carta General del Estado de Jalisco el Instituto de Información Estadística y Geográfica del Estado de Jalisco, Hace Entrega de la Misma a Nivel Municipal a Escala 1:50,000 y Su Representación Impresa a Escala 1:60,000 para el Municipio de Tapa de Allende, Jalisco",
Tamazula de Gordiano,Carta Municipal,2021,Tamazula de Gordiano,https://iieg.jalisco.gob.mx/acervo/portal/mapas/595_2021_iieg,,Gobierno del Estado de Jalisco. Instituto de Información Estadística y Geográfica del Estado de Jalisco. Lxii Legislatura. Congreso del Estado de Jalisco,100 x 100 cm,1: 60 000,"Proyección Cartográfica: Universal Transversa de Mercatos (utm) Zona 13 Norte. Datum de Referencia, Wgs84, Compatible con Itrf08 Época 2010.0",Instituto de Información Estadística y Geográfica del Estado de Jalisco,,Sistema de Información Estadística de Delimitaciones y Demarcaciones Territoriales,"En Concordancia con la Propuesta de la Carta General del Estado de Jalisco el Instituto de Información Estadística y Geográfica del Estado de Jalisco, Hace Entrega de la Misma a Nivel Municipal a Escala 1:50,000 y Su Representación Impresa a Escala 1:60,000 para el Municipio de Tamazula de Gordiano, Jalisco",
Tapalpa,Carta Municipal,2021,Tapalpa,https://iieg.jalisco.gob.mx/acervo/portal/mapas/596_2021_iieg,,Gobierno del Estado de Jalisco. Instituto de Información Estadística y Geográfica del Estado de Jalisco. Lxii Legislatura. Congreso del Estado de Jalisco,100 x 100 cm,1: 50 000,"Proyección Cartográfica: Universal Transversa de Mercatos (utm) Zona 13 Norte. Datum de Referencia, Wgs84, Compatible con Itrf08 Época 2010.0",Instituto de Información Estadística y Geográfica del Estado de Jalisco,,Sistema de Información Estadística de Delimitaciones y Demarcaciones Territoriales,"En Concordancia con la Propuesta de la Carta General del Estado de Jalisco el Instituto de Información Estadística y Geográfica del Estado de Jalisco, Hace Entrega de la Misma a Nivel Municipal a Escala 1:50,000 y Su Representación Impresa a Escala 1:50,000 para el Municipio de Tapalpa, Jalisco",
Tecalitlán,Carta Municipal,2021,Tecalitlán,https://iieg.jalisco.gob.mx/acervo/portal/mapas/597_2021_iieg,,Gobierno del Estado de Jalisco. Instituto de Información Estadística y Geográfica del Estado de Jalisco. Lxii Legislatura. Congreso del Estado de Jalisco,100 x 100 cm,1: 75 000,"Proyección Cartográfica: Universal Transversa de Mercatos (utm) Zona 13 Norte. Datum de Referencia, Wgs84, Compatible con Itrf08 Época 2010.0",Instituto de Información Estadística y Geográfica del Estado de Jalisco,,Sistema de Información Estadística de Delimitaciones y Demarcaciones Territoriales,"En Concordancia con la Propuesta de la Carta General del Estado de Jalisco el Instituto de Información Estadística y Geográfica del Estado de Jalisco, Hace Entrega de la Misma a Nivel Municipal a Escala 1:50,000 y Su Representación Impresa a Escala 1:75,000 para el Municipio de Tecalitlán, Jalisco",
Techaluta de Montenegro,Carta Municipal,2021,Techaluta de Montenegro,https://iieg.jalisco.gob.mx/acervo/portal/mapas/598_2021_iieg,,Gobierno del Estado de Jalisco. Instituto de Información Estadística y Geográfica del Estado de Jalisco. Lxii Legislatura. Congreso del Estado de Jalisco,100 x 100 cm,1: 15 000,"Proyección Cartográfica: Universal Transversa de Mercatos (utm) Zona 13 Norte. Datum de Referencia, Wgs84, Compatible con Itrf08 Época 2010.0",Instituto de Información Estadística y Geográfica del Estado de Jalisco,,Sistema de Información Estadística de Delimitaciones y Demarcaciones Territoriales,"En Concordancia con la Propuesta de la Carta General del Estado de Jalisco el Instituto de Información Estadística y Geográfica del Estado de Jalisco, Hace Entrega de la Misma a Nivel Municipal a Escala 1:50,000 y Su Representación Impresa a Escala 1:15,000 para el Municipio de Techaluta de Montenegro, Jalisco",
Tecolotlán,Carta Municipal,2021,Tecolotlán,https://iieg.jalisco.gob.mx/acervo/portal/mapas/599_2021_iieg,,Gobierno del Estado de Jalisco. Instituto de Información Estadística y Geográfica del Estado de Jalisco. Lxii Legislatura. Congreso del Estado de Jalisco,100 x 100 cm,1: 50 000,"Proyección Cartográfica: Universal Transversa de Mercatos (utm) Zona 13 Norte. Datum de Referencia, Wgs84, Compatible con Itrf08 Época 2010.0",Instituto de Información Estadística y Geográfica del Estado de Jalisco,,Sistema de Información Estadística de Delimitaciones y Demarcaciones Territoriales,"En Concordancia con la Propuesta de la Carta General del Estado de Jalisco el Instituto de Información Estadística y Geográfica del Estado de Jalisco, Hace Entrega de la Misma a Nivel Municipal a Escala 1:50,000 y Su Representación Impresa a Escala 1:50,000 para el Municipio de Tecolotlán, Jalisco",
Tenamaxtlán,Carta Municipal,2021,Tenamaxtlán,https://iieg.jalisco.gob.mx/acervo/portal/mapas/600_2021_iieg,,Gobierno del Estado de Jalisco. Instituto de Información Estadística y Geográfica del Estado de Jalisco. Lxii Legislatura. Congreso del Estado de Jalisco,100 x 100 cm,1: 50 000,"Proyección Cartográfica: Universal Transversa de Mercatos (utm) Zona 13 Norte. Datum de Referencia, Wgs84, Compatible con Itrf08 Época 2010.0",Instituto de Información Estadística y Geográfica del Estado de Jalisco,,Sistema de Información Estadística de Delimitaciones y Demarcaciones Territoriales,"En Concordancia con la Propuesta de la Carta General del Estado de Jalisco el Instituto de Información Estadística y Geográfica del Estado de Jalisco, Hace Entrega de la Misma a Nivel Municipal a Escala 1:50,000 y Su Representación Impresa a Escala 1:50,000 para el Municipio de Tenamaxtlán, Jalisco",
Teocaltiche,Carta Municipal,2021,Teocaltiche,https://iieg.jalisco.gob.mx/acervo/portal/mapas/601_2021_iieg,,Gobierno del Estado de Jalisco. Instituto de Información Estadística y Geográfica del Estado de Jalisco. Lxii Legislatura. Congreso del Estado de Jalisco,100 x 100 cm,1: 60 000,"Proyección Cartográfica: Universal Transversa de Mercatos (utm) Zona 13 Norte. Datum de Referencia, Wgs84, Compatible con Itrf08 Época 2010.0",Instituto de Información Estadística y Geográfica del Estado de Jalisco,,Sistema de Información Estadística de Delimitaciones y Demarcaciones Territoriales,"En Concordancia con la Propuesta de la Carta General del Estado de Jalisco el Instituto de Información Estadística y Geográfica del Estado de Jalisco, Hace Entrega de la Misma a Nivel Municipal a Escala 1:50,000 y Su Representación Impresa a Escala 1:40,000 para el Municipio de Teocaltiche, Jalisco",
Teocuitatlán de Corona,Carta Municipal,2021,Teocuitatlán de Corona,https://iieg.jalisco.gob.mx/acervo/portal/mapas/602_2021_iieg,,Gobierno del Estado de Jalisco. Instituto de Información Estadística y Geográfica del Estado de Jalisco. Lxii Legislatura. Congreso del Estado de Jalisco,100 x 100 cm,1: 40 000,"Proyección Cartográfica: Universal Transversa de Mercatos (utm) Zona 13 Norte. Datum de Referencia, Wgs84, Compatible con Itrf08 Época 2010.0",Instituto de Información Estadística y Geográfica del Estado de Jalisco,,Sistema de Información Estadística de Delimitaciones y Demarcaciones Territoriales,"En Concordancia con la Propuesta de la Carta General del Estado de Jalisco el Instituto de Información Estadística y Geográfica del Estado de Jalisco, Hace Entrega de la Misma a Nivel Municipal a Escala 1:50,000 y Su Representación Impresa a Escala 1:40,000 para el Municipio de Teocuitatlán de Corona, Jalisco",
Tepatitlán de Morelos,Carta Municipal,2021,Tepatitlán de Morelos,https://iieg.jalisco.gob.mx/acervo/portal/mapas/603_2021_iieg,,Gobierno del Estado de Jalisco. Instituto de Información Estadística y Geográfica del Estado de Jalisco. Lxii Legislatura. Congreso del Estado de Jalisco,100 x 100 cm,1: 60 000,"Proyección Cartográfica: Universal Transversa de Mercatos (utm) Zona 13 Norte. Datum de Referencia, Wgs84, Compatible con Itrf08 Época 2010.0",Instituto de Información Estadística y Geográfica del Estado de Jalisco,,Sistema de Información Estadística de Delimitaciones y Demarcaciones Territoriales,"En Concordancia con la Propuesta de la Carta General del Estado de Jalisco el Instituto de Información Estadística y Geográfica del Estado de Jalisco, Hace Entrega de la Misma a Nivel Municipal a Escala 1:50,000 y Su Representación Impresa a Escala 1:60,000 para el Municipio de Tepatitlán de Morelos, Jalisco",
Tequila,Carta Municipal,2021,Tequila,https://iieg.jalisco.gob.mx/acervo/portal/mapas/604_2021_iieg,,Gobierno del Estado de Jalisco. Instituto de Información Estadística y Geográfica del Estado de Jalisco. Lxii Legislatura. Congreso del Estado de Jalisco,100 x 100 cm,1: 60 000,"Proyección Cartográfica: Universal Transversa de Mercatos (utm) Zona 13 Norte. Datum de Referencia, Wgs84, Compatible con Itrf08 Época 2010.0",Instituto de Información Estadística y Geográfica del Estado de Jalisco,,Sistema de Información Estadística de Delimitaciones y Demarcaciones Territoriales,"En Concordancia con la Propuesta de la Carta General del Estado de Jalisco el Instituto de Información Estadística y Geográfica del Estado de Jalisco, Hace Entrega de la Misma a Nivel Municipal a Escala 1:50,000 y Su Representación Impresa a Escala 1:60,000 para el Municipio de Tequila, Jalisco",
Teuchitlán,Carta Municipal,2021,Teuchitlán,https://iieg.jalisco.gob.mx/acervo/portal/mapas/605_2021_iieg,,Gobierno del Estado de Jalisco. Instituto de Información Estadística y Geográfica del Estado de Jalisco. Lxii Legislatura. Congreso del Estado de Jalisco,100 x 100 cm,1: 30 000,"Proyección Cartográfica: Universal Transversa de Mercatos (utm) Zona 13 Norte. Datum de Referencia, Wgs84, Compatible con Itrf08 Época 2010.0",Instituto de Información Estadística y Geográfica del Estado de Jalisco,,Sistema de Información Estadística de Delimitaciones y Demarcaciones Territoriales,"En Concordancia con la Propuesta de la Carta General del Estado de Jalisco el Instituto de Información Estadística y Geográfica del Estado de Jalisco, Hace Entrega de la Misma a Nivel Municipal a Escala 1:50,000 y Su Representación Impresa a Escala 1:30,000 para el Municipio de Teuchitlán, Jalisco",
Tizapán el Alto,Carta Municipal,2021,Tizapán el Alto,https://iieg.jalisco.gob.mx/acervo/portal/mapas/606_2021_iieg,,Gobierno del Estado de Jalisco. Instituto de Información Estadística y Geográfica del Estado de Jalisco. Lxii Legislatura. Congreso del Estado de Jalisco,100 x 100 cm,1: 30 000,"Proyección Cartográfica: Universal Transversa de Mercatos (utm) Zona 13 Norte. Datum de Referencia, Wgs84, Compatible con Itrf08 Época 2010.0",Instituto de Información Estadística y Geográfica del Estado de Jalisco,,Sistema de Información Estadística de Delimitaciones y Demarcaciones Territoriales,"En Concordancia con la Propuesta de la Carta General del Estado de Jalisco el Instituto de Información Estadística y Geográfica del Estado de Jalisco, Hace Entrega de la Misma a Nivel Municipal a Escala 1:50,000 y Su Representación Impresa a Escala 1:30,000 para el Municipio de Tizapán el Alto, Jalisco",
Tlajomulco de Zúñiga,Carta Municipal,2021,Tlajomulco de Zúñiga,https://iieg.jalisco.gob.mx/acervo/portal/mapas/607_2021_iieg,,Gobierno del Estado de Jalisco. Instituto de Información Estadística y Geográfica del Estado de Jalisco. Lxii Legislatura. Congreso del Estado de Jalisco,100 x 100 cm,1: 50 000,"Proyección Cartográfica: Universal Transversa de Mercatos (utm) Zona 13 Norte. Datum de Referencia, Wgs84, Compatible con Itrf08 Época 2010.0",Instituto de Información Estadística y Geográfica del Estado de Jalisco,,Sistema de Información Estadística de Delimitaciones y Demarcaciones Territoriales,"En Concordancia con la Propuesta de la Carta General del Estado de Jalisco el Instituto de Información Estadística y Geográfica del Estado de Jalisco, Hace Entrega de la Misma a Nivel Municipal a Escala 1:50,000 y Su Representación Impresa a Escala 1:50,000 para el Municipio de Tlajomulco de Zúñiga, Jalisco",
Tolimán,Carta Municipal,2021,Tolimán,https://iieg.jalisco.gob.mx/acervo/portal/mapas/608_2021_iieg,,Gobierno del Estado de Jalisco. Instituto de Información Estadística y Geográfica del Estado de Jalisco. Lxii Legislatura. Congreso del Estado de Jalisco,100 x 100 cm,1: 50 000,"Proyección Cartográfica: Universal Transversa de Mercatos (utm) Zona 13 Norte. Datum de Referencia, Wgs84, Compatible con Itrf08 Época 2010.0",Instituto de Información Estadística y Geográfica del Estado de Jalisco,,Sistema de Información Estadística de Delimitaciones y Demarcaciones Territoriales,"En Concordancia con la Propuesta de la Carta General del Estado de Jalisco el Instituto de Información Estadística y Geográfica del Estado de Jalisco, Hace Entrega de la Misma a Nivel Municipal a Escala 1:50,000 y Su Representación Impresa a Escala 1:50,000 para el Municipio de Tolimán, Jalisco",
Tomatlán,Carta Municipal,2021,Tomatlán,https://iieg.jalisco.gob.mx/acervo/portal/mapas/609_2021_iieg,,Gobierno del Estado de Jalisco. Instituto de Información Estadística y Geográfica del Estado de Jalisco. Lxii Legislatura. Congreso del Estado de Jalisco,100 x 100 cm,1: 120 000,"Proyección Cartográfica: Universal Transversa de Mercatos (utm) Zona 13 Norte. Datum de Referencia, Wgs84, Compatible con Itrf08 Época 2010.0",Instituto de Información Estadística y Geográfica del Estado de Jalisco,,Sistema de Información Estadística de Delimitaciones y Demarcaciones Territoriales,"En Concordancia con la Propuesta de la Carta General del Estado de Jalisco el Instituto de Información Estadística y Geográfica del Estado de Jalisco, Hace Entrega de la Misma a Nivel Municipal a Escala 1:50,000 y Su Representación Impresa a Escala 1:120,000 para el Municipio de Tomatlán, Jalisco",
Tonalá,Carta Municipal,2021,Tonalá,https://iieg.jalisco.gob.mx/acervo/portal/mapas/610_2021_iieg,,Gobierno del Estado de Jalisco. Instituto de Información Estadística y Geográfica del Estado de Jalisco. Lxii Legislatura. Congreso del Estado de Jalisco,100 x 100 cm,1: 25 000,"Proyección Cartográfica: Universal Transversa de Mercatos (utm) Zona 13 Norte. Datum de Referencia, Wgs84, Compatible con Itrf08 Época 2010.0",Instituto de Información Estadística y Geográfica del Estado de Jalisco,,Sistema de Información Estadística de Delimitaciones y Demarcaciones Territoriales,"En Concordancia con la Propuesta de la Carta General del Estado de Jalisco el Instituto de Información Estadística y Geográfica del Estado de Jalisco, Hace Entrega de la Misma a Nivel Municipal a Escala 1:50,000 y Su Representación Impresa a Escala 1:25,000 para el Municipio de Tonalá, Jalisco",
Tonaya,Carta Municipal,2021,Tonaya,https://iieg.jalisco.gob.mx/acervo/portal/mapas/611_2021_iieg,,Gobierno del Estado de Jalisco. Instituto de Información Estadística y Geográfica del Estado de Jalisco. Lxii Legislatura. Congreso del Estado de Jalisco,100 x 100 cm,1: 40 000,"Proyección Cartográfica: Universal Transversa de Mercatos (utm) Zona 13 Norte. Datum de Referencia, Wgs84, Compatible con Itrf08 Época 2010.0",Instituto de Información Estadística y Geográfica del Estado de Jalisco,,Sistema de Información Estadística de Delimitaciones y Demarcaciones Territoriales,"En Concordancia con la Propuesta de la Carta General del Estado de Jalisco el Instituto de Información Estadística y Geográfica del Estado de Jalisco, Hace Entrega de la Misma a Nivel Municipal a Escala 1:50,000 y Su Representación Impresa a Escala 1:40,000 para el Municipio de Tonaya, Jalisco",
Tonila,Carta Municipal,2021,Tonila,https://iieg.jalisco.gob.mx/acervo/portal/mapas/612_2021_iieg,,Gobierno del Estado de Jalisco. Instituto de Información Estadística y Geográfica del Estado de Jalisco. Lxii Legislatura. Congreso del Estado de Jalisco,100 x 100 cm,1: 30 000,"Proyección Cartográfica: Universal Transversa de Mercatos (utm) Zona 13 Norte. Datum de Referencia, Wgs84, Compatible con Itrf08 Época 2010.0",Instituto de Información Estadística y Geográfica del Estado de Jalisco,,Sistema de Información Estadística de Delimitaciones y Demarcaciones Territoriales,"En Concordancia con la Propuesta de la Carta General del Estado de Jalisco el Instituto de Información Estadística y Geográfica del Estado de Jalisco, Hace Entrega de la Misma a Nivel Municipal a Escala 1:50,000 y Su Representación Impresa a Escala 1:30,000 para el Municipio de Tonila, Jalisco",
Totatiche,Carta Municipal,2021,Totatiche,https://iieg.jalisco.gob.mx/acervo/portal/mapas/613_2021_iieg,,Gobierno del Estado de Jalisco. Instituto de Información Estadística y Geográfica del Estado de Jalisco. Lxii Legislatura. Congreso del Estado de Jalisco,100 x 100 cm,1: 50 000,"Proyección Cartográfica: Universal Transversa de Mercatos (utm) Zona 13 Norte. Datum de Referencia, Wgs84, Compatible con Itrf08 Época 2010.0",Instituto de Información Estadística y Geográfica del Estado de Jalisco,,Sistema de Información Estadística de Delimitaciones y Demarcaciones Territoriales,"En Concordancia con la Propuesta de la Carta General del Estado de Jalisco el Instituto de Información Estadística y Geográfica del Estado de Jalisco, Hace Entrega de la Misma a Nivel Municipal a Escala 1:50,000 y Su Representación Impresa a Escala 1:50,000 para el Municipio de Totatiche, Jalisco",
Tototlán,Carta Municipal,2021,Tototlán,https://iieg.jalisco.gob.mx/acervo/portal/mapas/614_2021_iieg,,Gobierno del Estado de Jalisco. Instituto de Información Estadística y Geográfica del Estado de Jalisco. Lxii Legislatura. Congreso del Estado de Jalisco,100 x 100 cm,1: 30 000,"Proyección Cartográfica: Universal Transversa de Mercatos (utm) Zona 13 Norte. Datum de Referencia, Wgs84, Compatible con Itrf08 Época 2010.0",Instituto de Información Estadística y Geográfica del Estado de Jalisco,,Sistema de Información Estadística de Delimitaciones y Demarcaciones Territoriales,"En Concordancia con la Propuesta de la Carta General del Estado de Jalisco el Instituto de Información Estadística y Geográfica del Estado de Jalisco, Hace Entrega de la Misma a Nivel Municipal a Escala 1:50,000 y Su Representación Impresa a Escala 1:30,000 para el Municipio de Tototlán, Jalisco",
Tuxcacuesco,Carta Municipal,2021,Tuxcacuesco,https://iieg.jalisco.gob.mx/acervo/portal/mapas/615_2021_iieg,,Gobierno del Estado de Jalisco. Instituto de Información Estadística y Geográfica del Estado de Jalisco. Lxii Legislatura. Congreso del Estado de Jalisco,100 x 100 cm,1: 40 000,"Proyección Cartográfica: Universal Transversa de Mercatos (utm) Zona 13 Norte. Datum de Referencia, Wgs84, Compatible con Itrf08 Época 2010.0",Instituto de Información Estadística y Geográfica del Estado de Jalisco,,Sistema de Información Estadística de Delimitaciones y Demarcaciones Territoriales,"En Concordancia con la Propuesta de la Carta General del Estado de Jalisco el Instituto de Información Estadística y Geográfica del Estado de Jalisco, Hace Entrega de la Misma a Nivel Municipal a Escala 1:50,000 y Su Representación Impresa a Escala 1:40,000 para el Municipio de Tuxcacuesco, Jalisco",
Tuxcueca,Carta Municipal,2021,Tuxcueca,https://iieg.jalisco.gob.mx/acervo/portal/mapas/616_2021_iieg,,Gobierno del Estado de Jalisco. Instituto de Información Estadística y Geográfica del Estado de Jalisco. Lxii Legislatura. Congreso del Estado de Jalisco,100 x 100 cm,1: 25 000,"Proyección Cartográfica: Universal Transversa de Mercatos (utm) Zona 13 Norte. Datum de Referencia, Wgs84, Compatible con Itrf08 Época 2010.0",Instituto de Información Estadística y Geográfica del Estado de Jalisco,,Sistema de Información Estadística de Delimitaciones y Demarcaciones Territoriales,"En Concordancia con la Propuesta de la Carta General del Estado de Jalisco el Instituto de Información Estadística y Geográfica del Estado de Jalisco, Hace Entrega de la Misma a Nivel Municipal a Escala 1:50,000 y Su Representación Impresa a Escala 1:25,000 para el Municipio de Tuxcueca, Jalisco",
Tuxpan,Carta Municipal,2021,Tuxpan,https://iieg.jalisco.gob.mx/acervo/portal/mapas/617_2021_iieg,,Gobierno del Estado de Jalisco. Instituto de Información Estadística y Geográfica del Estado de Jalisco. Lxii Legislatura. Congreso del Estado de Jalisco,100 x 100 cm,1: 50 000,"Proyección Cartográfica: Universal Transversa de Mercatos (utm) Zona 13 Norte. Datum de Referencia, Wgs84, Compatible con Itrf08 Época 2010.0",Instituto de Información Estadística y Geográfica del Estado de Jalisco,,Sistema de Información Estadística de Delimitaciones y Demarcaciones Territoriales,"En Concordancia con la Propuesta de la Carta General del Estado de Jalisco el Instituto de Información Estadística y Geográfica del Estado de Jalisco, Hace Entrega de la Misma a Nivel Municipal a Escala 1:50,000 y Su Representación Impresa a Escala 1:50,000 para el Municipio de Tuxpan, Jalisco",
Unión de San Antonio,Carta Municipal,2021,Unión de San Antonio,https://iieg.jalisco.gob.mx/acervo/portal/mapas/618_2021_iieg,,Gobierno del Estado de Jalisco. Instituto de Información Estadística y Geográfica del Estado de Jalisco. Lxii Legislatura. Congreso del Estado de Jalisco,100 x 100 cm,1: 60 000,"Proyección Cartográfica: Universal Transversa de Mercatos (utm) Zona 13 Norte. Datum de Referencia, Wgs84, Compatible con Itrf08 Época 2010.0",Instituto de Información Estadística y Geográfica del Estado de Jalisco,,Sistema de Información Estadística de Delimitaciones y Demarcaciones Territoriales,"En Concordancia con la Propuesta de la Carta General del Estado de Jalisco el Instituto de Información Estadística y Geográfica del Estado de Jalisco, Hace Entrega de la Misma a Nivel Municipal a Escala 1:50,000 y Su Representación Impresa a Escala 1:60,000 para el Municipio de Unión de San Antonio, Jalisco",
Unión de Tula,Carta Municipal,2021,Unión de Tula,https://iieg.jalisco.gob.mx/acervo/portal/mapas/619_2021_iieg,,Gobierno del Estado de Jalisco. Instituto de Información Estadística y Geográfica del Estado de Jalisco. Lxii Legislatura. Congreso del Estado de Jalisco,100 x 100 cm,1: 40 000,"Proyección Cartográfica: Universal Transversa de Mercatos (utm) Zona 13 Norte. Datum de Referencia, Wgs84, Compatible con Itrf08 Época 2010.0",Instituto de Información Estadística y Geográfica del Estado de Jalisco,,Sistema de Información Estadística de Delimitaciones y Demarcaciones Territoriales,"En Concordancia con la Propuesta de la Carta General del Estado de Jalisco el Instituto de Información Estadística y Geográfica del Estado de Jalisco, Hace Entrega de la Misma a Nivel Municipal a Escala 1:50,000 y Su Representación Impresa a Escala 1:60,000 para el Municipio de Unión de Tula, Jalisco",
Valle de Guadalupe,Carta Municipal,2021,Valle de Guadalupe,https://iieg.jalisco.gob.mx/acervo/portal/mapas/620_2021_iieg,,Gobierno del Estado de Jalisco. Instituto de Información Estadística y Geográfica del Estado de Jalisco. Lxii Legislatura. Congreso del Estado de Jalisco,100 x 100 cm,1: 50 000,"Proyección Cartográfica: Universal Transversa de Mercatos (utm) Zona 13 Norte. Datum de Referencia, Wgs84, Compatible con Itrf08 Época 2010.0",Instituto de Información Estadística y Geográfica del Estado de Jalisco,,Sistema de Información Estadística de Delimitaciones y Demarcaciones Territoriales,"En Concordancia con la Propuesta de la Carta General del Estado de Jalisco el Instituto de Información Estadística y Geográfica del Estado de Jalisco, Hace Entrega de la Misma a Nivel Municipal a Escala 1:50,000 y Su Representación Impresa a Escala 1:50,000 para el Municipio de Valle de Guadalupe, Jalisco",
Valle de Juárez,Carta Municipal,2021,Valle de Juárez,https://iieg.jalisco.gob.mx/acervo/portal/mapas/621_2021_iieg,,Gobierno del Estado de Jalisco. Instituto de Información Estadística y Geográfica del Estado de Jalisco. Lxii Legislatura. Congreso del Estado de Jalisco,100 x 100 cm,1: 50 000,"Proyección Cartográfica: Universal Transversa de Mercatos (utm) Zona 13 Norte. Datum de Referencia, Wgs84, Compatible con Itrf08 Época 2010.0",Instituto de Información Estadística y Geográfica del Estado de Jalisco,,Sistema de Información Estadística de Delimitaciones y Demarcaciones Territoriales,"En Concordancia con la Propuesta de la Carta General del Estado de Jalisco el Instituto de Información Estadística y Geográfica del Estado de Jalisco, Hace Entrega de la Misma a Nivel Municipal a Escala 1:50,000 y Su Representación Impresa a Escala 1:50,000 para el Municipio de Valle de Juárez, Jalisco",
Villa Corona,Carta Municipal,2021,Villa Corona,https://iieg.jalisco.gob.mx/acervo/portal/mapas/622_2021_iieg,,Gobierno del Estado de Jalisco. Instituto de Información Estadística y Geográfica del Estado de Jalisco. Lxii Legislatura. Congreso del Estado de Jalisco,100 x 100 cm,1: 50 000,"Proyección Cartográfica: Universal Transversa de Mercatos (utm) Zona 13 Norte. Datum de Referencia, Wgs84, Compatible con Itrf08 Época 2010.0",Instituto de Información Estadística y Geográfica del Estado de Jalisco,,Sistema de Información Estadística de Delimitaciones y Demarcaciones Territoriales,"En Concordancia con la Propuesta de la Carta General del Estado de Jalisco el Instituto de Información Estadística y Geográfica del Estado de Jalisco, Hace Entrega de la Misma a Nivel Municipal a Escala 1:50,000 y Su Representación Impresa a Escala 1:50,000 para el Municipio de Villa Corona, Jalisco",
Villa Guerrero,Carta Municipal,2021,Villa Guerrero,https://iieg.jalisco.gob.mx/acervo/portal/mapas/623_2021_iieg,,Gobierno del Estado de Jalisco. Instituto de Información Estadística y Geográfica del Estado de Jalisco. Lxii Legislatura. Congreso del Estado de Jalisco,100 x 100 cm,1: 50 000,"Proyección Cartográfica: Universal Transversa de Mercatos (utm) Zona 13 Norte. Datum de Referencia, Wgs84, Compatible con Itrf08 Época 2010.0",Instituto de Información Estadística y Geográfica del Estado de Jalisco,,Sistema de Información Estadística de Delimitaciones y Demarcaciones Territoriales,"En Concordancia con la Propuesta de la Carta General del Estado de Jalisco el Instituto de Información Estadística y Geográfica del Estado de Jalisco, Hace Entrega de la Misma a Nivel Municipal a Escala 1:50,000 y Su Representación Impresa a Escala 1:50,000 para el Municipio de Villa Guerrero, Jalisco",
Villa Hidalgo,Carta Municipal,2021,Villa Hidalgo,https://iieg.jalisco.gob.mx/acervo/portal/mapas/624_2021_iieg,,Gobierno del Estado de Jalisco. Instituto de Información Estadística y Geográfica del Estado de Jalisco. Lxii Legislatura. Congreso del Estado de Jalisco,100 x 100 cm,1: 50 000,"Proyección Cartográfica: Universal Transversa de Mercatos (utm) Zona 13 Norte. Datum de Referencia, Wgs84, Compatible con Itrf08 Época 2010.0",Instituto de Información Estadística y Geográfica del Estado de Jalisco,,Sistema de Información Estadística de Delimitaciones y Demarcaciones Territoriales,"En Concordancia con la Propuesta de la Carta General del Estado de Jalisco el Instituto de Información Estadística y Geográfica del Estado de Jalisco, Hace Entrega de la Misma a Nivel Municipal a Escala 1:50,000 y Su Representación Impresa a Escala 1:50,000 para el Municipio de Villa Hidalgo, Jalisco",
Villa Purificación,Carta Municipal,2021,Villa Purificación,https://iieg.jalisco.gob.mx/acervo/portal/mapas/625_2021_iieg,,Gobierno del Estado de Jalisco. Instituto de Información Estadística y Geográfica del Estado de Jalisco. Lxii Legislatura. Congreso del Estado de Jalisco,100 x 100 cm,1: 80 000,"Proyección Cartográfica: Universal Transversa de Mercatos (utm) Zona 13 Norte. Datum de Referencia, Wgs84, Compatible con Itrf08 Época 2010.0",Instituto de Información Estadística y Geográfica del Estado de Jalisco,,Sistema de Información Estadística de Delimitaciones y Demarcaciones Territoriales,"En Concordancia con la Propuesta de la Carta General del Estado de Jalisco el Instituto de Información Estadística y Geográfica del Estado de Jalisco, Hace Entrega de la Misma a Nivel Municipal a Escala 1:50,000 y Su Representación Impresa a Escala 1:80,000 para el Municipio de Villa Purificación, Jalisco",
Yahualica de González Gallo,Carta Municipal,2021,Yahualica de González Gallo,https://iieg.jalisco.gob.mx/acervo/portal/mapas/626_2021_iieg,,Gobierno del Estado de Jalisco. Instituto de Información Estadística y Geográfica del Estado de Jalisco. Lxii Legislatura. Congreso del Estado de Jalisco,100 x 100 cm,1: 50 000,"Proyección Cartográfica: Universal Transversa de Mercatos (utm) Zona 13 Norte. Datum de Referencia, Wgs84, Compatible con Itrf08 Época 2010.0",Instituto de Información Estadística y Geográfica del Estado de Jalisco,,Sistema de Información Estadística de Delimitaciones y Demarcaciones Territoriales,"En Concordancia con la Propuesta de la Carta General del Estado de Jalisco el Instituto de Información Estadística y Geográfica del Estado de Jalisco, Hace Entrega de la Misma a Nivel Municipal a Escala 1:50,000 y Su Representación Impresa a Escala 1:50,000 para el Municipio de Yahualica de González Gallo, Jalisco",
Zacoalco de Torres,Carta Municipal,2021,Zacoalco de Torres,https://iieg.jalisco.gob.mx/acervo/portal/mapas/627_2021_iieg,,Gobierno del Estado de Jalisco. Instituto de Información Estadística y Geográfica del Estado de Jalisco. Lxii Legislatura. Congreso del Estado de Jalisco,100 x 100 cm,1: 50 000,"Proyección Cartográfica: Universal Transversa de Mercatos (utm) Zona 13 Norte. Datum de Referencia, Wgs84, Compatible con Itrf08 Época 2010.0",Instituto de Información Estadística y Geográfica del Estado de Jalisco,,Sistema de Información Estadística de Delimitaciones y Demarcaciones Territoriales,"En Concordancia con la Propuesta de la Carta General del Estado de Jalisco el Instituto de Información Estadística y Geográfica del Estado de Jalisco, Hace Entrega de la Misma a Nivel Municipal a Escala 1:50,000 y Su Representación Impresa a Escala 1:50,000 para el Municipio de Zacoalco de Torres, Jalisco",
Zapopan,Carta Municipal,2021,Zapopan,https://iieg.jalisco.gob.mx/acervo/portal/mapas/628_2021_iieg,,Gobierno del Estado de Jalisco. Instituto de Información Estadística y Geográfica del Estado de Jalisco. Lxii Legislatura. Congreso del Estado de Jalisco,100 x 100 cm,1: 60 000,"Proyección Cartográfica: Universal Transversa de Mercatos (utm) Zona 13 Norte. Datum de Referencia, Wgs84, Compatible con Itrf08 Época 2010.0",Instituto de Información Estadística y Geográfica del Estado de Jalisco,,Sistema de Información Estadística de Delimitaciones y Demarcaciones Territoriales,"En Concordancia con la Propuesta de la Carta General del Estado de Jalisco el Instituto de Información Estadística y Geográfica del Estado de Jalisco, Hace Entrega de la Misma a Nivel Municipal a Escala 1:50,000 y Su Representación Impresa a Escala 1:60,000 para el Municipio de Zapopan, Jalisco",
Zapotiltic,Carta Municipal,2021,Zapotiltic,https://iieg.jalisco.gob.mx/acervo/portal/mapas/629_2021_iieg,,Gobierno del Estado de Jalisco. Instituto de Información Estadística y Geográfica del Estado de Jalisco. Lxii Legislatura. Congreso del Estado de Jalisco,100 x 100 cm,1: 50 000,"Proyección Cartográfica: Universal Transversa de Mercatos (utm) Zona 13 Norte. Datum de Referencia, Wgs84, Compatible con Itrf08 Época 2010.0",Instituto de Información Estadística y Geográfica del Estado de Jalisco,,Sistema de Información Estadística de Delimitaciones y Demarcaciones Territoriales,"En Concordancia con la Propuesta de la Carta General del Estado de Jalisco el Instituto de Información Estadística y Geográfica del Estado de Jalisco, Hace Entrega de la Misma a Nivel Municipal a Escala 1:50,000 y Su Representación Impresa a Escala 1:50,000 para el Municipio de Zapotiltic, Jalisco",
Zapotitlán de Vadillo,Carta Municipal,2021,Zapotitlán de Vadillo,https://iieg.jalisco.gob.mx/acervo/portal/mapas/630_2021_iieg,,Gobierno del Estado de Jalisco. Instituto de Información Estadística y Geográfica del Estado de Jalisco. Lxii Legislatura. Congreso del Estado de Jalisco,100 x 100 cm,1: 40 000,"Proyección Cartográfica: Universal Transversa de Mercatos (utm) Zona 13 Norte. Datum de Referencia, Wgs84, Compatible con Itrf08 Época 2010.0",Instituto de Información Estadística y Geográfica del Estado de Jalisco,,Sistema de Información Estadística de Delimitaciones y Demarcaciones Territoriales,"En Concordancia con la Propuesta de la Carta General del Estado de Jalisco el Instituto de Información Estadística y Geográfica del Estado de Jalisco, Hace Entrega de la Misma a Nivel Municipal a Escala 1:50,000 y Su Representación Impresa a Escala 1:40,000 para el Municipio de Zapotitlán de Vadillo, Jalisco",
Zapotlán del Rey,Carta Municipal,2021,Zapotlán del Rey,https://iieg.jalisco.gob.mx/acervo/portal/mapas/631_2021_iieg,,Gobierno del Estado de Jalisco. Instituto de Información Estadística y Geográfica del Estado de Jalisco. Lxii Legislatura. Congreso del Estado de Jalisco,100 x 100 cm,1: 50 000,"Proyección Cartográfica: Universal Transversa de Mercatos (utm) Zona 13 Norte. Datum de Referencia, Wgs84, Compatible con Itrf08 Época 2010.0",Instituto de Información Estadística y Geográfica del Estado de Jalisco,,Sistema de Información Estadística de Delimitaciones y Demarcaciones Territoriales,"En Concordancia con la Propuesta de la Carta General del Estado de Jalisco el Instituto de Información Estadística y Geográfica del Estado de Jalisco, Hace Entrega de la Misma a Nivel Municipal a Escala 1:50,000 y Su Representación Impresa a Escala 1:50,000 para el Municipio de Zapotlán del Rey, Jalisco",
Zapotlán el Grande,Carta Municipal,2021,Zapotlán el Grande,https://iieg.jalisco.gob.mx/acervo/portal/mapas/632_2021_iieg,,Gobierno del Estado de Jalisco. Instituto de Información Estadística y Geográfica del Estado de Jalisco. Lxii Legislatura. Congreso del Estado de Jalisco,100 x 100 cm,1: 30 000,"Proyección Cartográfica: Universal Transversa de Mercatos (utm) Zona 13 Norte. Datum de Referencia, Wgs84, Compatible con Itrf08 Época 2010.0",Instituto de Información Estadística y Geográfica del Estado de Jalisco,,Sistema de Información Estadística de Delimitaciones y Demarcaciones Territoriales,"En Concordancia con la Propuesta de la Carta General del Estado de Jalisco el Instituto de Información Estadística y Geográfica del Estado de Jalisco, Hace Entrega de la Misma a Nivel Municipal a Escala 1:50,000 y Su Representación Impresa a Escala 1:30,000 para el Municipio de Zapotlán el Grande, Jalisco",
Zapotlanejo,Carta Municipal,2021,Zapotlanejo,https://iieg.jalisco.gob.mx/acervo/portal/mapas/633_2021_iieg,,Gobierno del Estado de Jalisco. Instituto de Información Estadística y Geográfica del Estado de Jalisco. Lxii Legislatura. Congreso del Estado de Jalisco,100 x 100 cm,1: 50 000,"Proyección Cartográfica: Universal Transversa de Mercatos (utm) Zona 13 Norte. Datum de Referencia, Wgs84, Compatible con Itrf08 Época 2010.0",Instituto de Información Estadística y Geográfica del Estado de Jalisco,,Sistema de Información Estadística de Delimitaciones y Demarcaciones Territoriales,"En Concordancia con la Propuesta de la Carta General del Estado de Jalisco el Instituto de Información Estadística y Geográfica del Estado de Jalisco, Hace Entrega de la Misma a Nivel Municipal a Escala 1:50,000 y Su Representación Impresa a Escala 1:50,000 para el Municipio de Zapotlanejo, Jalisco",
"Propuesta de la Carta General del Estado de Jalisco, 2020",Carta General,2021,Jalisco,https://iieg.jalisco.gob.mx/acervo/portal/mapas/634_2021_iieg,,Gobierno del Estado de Jalisco. Instituto de Información Estadística y Geográfica del Estado de Jalisco. Lxii Legislatura. Congreso del Estado de Jalisco. José Francisco Saldaña Hernández,100 x 100 cm,1: 500 000,"Proyección Cartográfica: Cónica Conforme de Lambert. Parámetros: Meridiano Central: -102. Paralelo Central: 12. Paralelo Estándar 1:17,5. Paralelo Estándar 2:29,5. Falso Este: 2500000. Falso Norte: 0. Meridiano de Origen: Greenwich. Datum: Itrf92. Unidad: Metro. Esferoide: Grs80",Instituto de Información Estadística y Geográfica del Estado de Jalisco,,Sistema de Información Estadística de Delimitaciones y Demarcaciones Territoriales,"En Cumplimiento a Lo Establecido en el Artículo 6° de la Ley de Límites Territoriales de los Municipios del Estado de Jalisco., que Dispone ""el Instituto Pondrá a Consideración del Titular del Poder Ejecutivo la Carta General Actualizada, Exponiendo las Consideraciones a que Haya Lugar para Su Validación,...""",